cid,nid,mac,manuf,iptype,ip
1,3,00:01:46:02:B1:3C,TescoCon,undefined,undefined
2,4,00:01:9F:08:4C:47,Readynet,undefined,undefined
3,5,00:01:9F:11:5A:39,Readynet,undefined,undefined
4,11,00:02:6F:44:7E:6A,SenaoInt,undefined,undefined
5,11,10:1F:74:E3:B6:A7,Hewlett-,undefined,undefined
6,11,A4:93:4C:6C:44:05,Cisco,undefined,undefined
7,12,00:02:6F:53:BF:88,SenaoInt,undefined,undefined
8,13,00:02:6F:54:89:EC,SenaoInt,undefined,undefined
9,14,00:02:6F:37:75:BF,SenaoInt,undefined,undefined
10,14,00:02:6F:58:5F:D5,SenaoInt,undefined,undefined
11,14,B4:B5:2F:E4:54:A8,HewlettP,undefined,undefined
12,15,00:02:6F:58:60:4B,SenaoInt,undefined,undefined
13,15,00:0A:CD:24:95:08,SunrichT,undefined,undefined
14,15,8C:84:01:95:66:F7,Private,undefined,undefined
15,16,00:02:6F:58:60:65,SenaoInt,undefined,undefined
16,17,00:02:6F:58:60:E9,SenaoInt,undefined,undefined
17,18,00:02:6F:5E:C3:E1,SenaoInt,undefined,undefined
18,20,00:00:24:C3:F1:BC,Olicom,UDP/TCP,172.20.1.156
19,20,00:02:6F:5F:13:D1,SenaoInt,undefined,undefined
20,20,48:43:7C:C8:A5:90,Unknown,UDP/TCP,172.20.1.156
21,20,50:1A:C5:16:FB:C6,Unknown,undefined,undefined
22,21,00:02:6F:5F:14:8D,SenaoInt,undefined,undefined
23,21,00:02:6F:E1:6F:DB,SenaoInt,undefined,undefined
24,21,40:78:6A:C9:D0:58,Unknown,undefined,undefined
25,22,00:02:6F:5F:14:9D,SenaoInt,undefined,undefined
26,24,00:02:6F:5F:14:95,SenaoInt,undefined,undefined
27,24,00:02:6F:61:79:CB,SenaoInt,undefined,undefined
28,24,4C:80:93:81:38:E1,IntelCor,undefined,undefined
29,25,00:02:6F:6E:89:78,SenaoInt,undefined,undefined
30,26,00:02:6F:79:6D:FF,SenaoInt,undefined,undefined
31,27,00:02:6F:7B:EE:28,SenaoInt,undefined,undefined
32,28,00:02:6F:8B:1B:BB,SenaoInt,undefined,undefined
33,28,04:18:D6:5A:55:CB,Ubiquiti,undefined,undefined
34,28,04:A1:51:D5:8F:79,Netgear,undefined,undefined
35,28,A4:1F:72:60:FF:F2,Dell,undefined,undefined
36,28,CC:AF:78:02:D8:15,HonHaiPr,undefined,undefined
37,28,D0:67:E5:10:BC:A6,Dell,ARP,192.168.1.2
38,29,00:02:6F:9C:2F:50,SenaoInt,undefined,undefined
39,29,00:40:B3:8C:05:3B,Partech,undefined,undefined
40,29,24:26:42:EC:28:F9,Unknown,undefined,undefined
41,30,00:02:6F:9F:EE:23,SenaoInt,undefined,undefined
42,31,00:02:6F:A1:E1:19,SenaoInt,undefined,undefined
43,31,00:02:6F:A1:E1:1B,SenaoInt,undefined,undefined
44,31,00:11:74:45:3C:8F,WibhuTec,undefined,undefined
45,31,00:21:86:25:99:BC,Universa,undefined,undefined
46,31,D0:57:4C:E0:2D:8C,Cisco,undefined,undefined
47,34,00:02:6F:AE:29:D8,SenaoInt,undefined,undefined
48,35,00:02:6F:B1:94:96,SenaoInt,undefined,undefined
49,36,00:02:6F:B9:54:B2,SenaoInt,undefined,undefined
50,36,00:15:6D:F4:A0:6F,Ubiquiti,undefined,undefined
51,36,00:25:90:30:18:C7,SuperMic,ARP,64.25.198.1
52,37,00:02:6F:C7:DA:95,SenaoInt,undefined,undefined
53,38,00:02:6F:CD:0B:C4,SenaoInt,undefined,undefined
54,38,F0:25:B7:44:9D:B2,Unknown,UDP/TCP,172.20.1.72
55,38,F0:25:B7:64:5D:F7,Unknown,UDP/TCP,172.20.1.75
56,39,00:02:6F:DB:0D:60,SenaoInt,undefined,undefined
57,40,00:02:6F:DB:0D:84,SenaoInt,undefined,undefined
58,41,00:02:6F:5F:14:8D,SenaoInt,undefined,undefined
59,41,00:02:6F:E1:6F:D9,SenaoInt,undefined,undefined
60,41,10:1C:0C:0C:2B:31,Apple,ARP,172.20.1.18
61,41,40:78:6A:C9:D0:58,Unknown,UDP/TCP,172.20.1.72
62,41,6C:FD:B9:49:60:2D,ProwareT,UDP/TCP,172.20.1.145
63,41,88:32:9B:F5:6F:8F,SamsungE,undefined,undefined
64,42,00:02:6F:E1:6F:DD,SenaoInt,undefined,undefined
65,43,00:02:6F:E1:6F:DB,SenaoInt,undefined,undefined
66,43,00:02:6F:E1:6F:DC,SenaoInt,ARP,172.20.9.2
67,43,00:02:6F:E1:6F:DF,SenaoInt,undefined,undefined
68,44,00:02:6F:E8:F2:12,SenaoInt,undefined,undefined
69,45,00:02:6F:EC:24:D8,SenaoInt,undefined,undefined
70,46,00:02:6F:F8:01:EA,SenaoInt,undefined,undefined
71,47,00:02:6F:FB:BE:C6,SenaoInt,undefined,undefined
72,48,00:02:6F:FD:1F:60,SenaoInt,undefined,undefined
73,49,00:05:9E:92:B1:D0,Zinwell,undefined,undefined
74,50,00:05:9E:92:B1:D1,Zinwell,undefined,undefined
75,50,00:A0:AC:14:4B:F2,GilatSat,undefined,undefined
76,51,00:05:9E:92:B1:D2,Zinwell,undefined,undefined
77,52,00:06:25:25:82:D3,LinksysG,undefined,undefined
78,53,00:08:2F:4A:F4:C0,Cisco,undefined,undefined
79,54,00:09:0F:B2:E5:9A,Fortinet,undefined,undefined
80,55,00:09:5B:39:1D:48,Netgear,undefined,undefined
81,56,00:09:5B:73:77:64,Netgear,undefined,undefined
82,57,00:09:5B:A9:EE:65,Netgear,undefined,undefined
83,58,00:09:5B:DF:51:C7,Netgear,undefined,undefined
84,59,00:0A:B8:46:B3:90,Cisco,undefined,undefined
85,60,00:0A:B8:55:BE:10,Cisco,undefined,undefined
86,60,50:1C:BF:C4:2A:0E,Unknown,undefined,undefined
87,62,00:0C:41:66:31:1A,Cisco-Li,undefined,undefined
88,62,E0:69:95:0B:A5:8C,Pegatron,undefined,undefined
89,63,00:0C:41:7F:27:B9,Cisco-Li,undefined,undefined
90,63,00:19:2F:E6:28:D9,Cisco,ARP,75.128.224.1
91,64,00:0C:41:CC:33:9F,Cisco-Li,undefined,undefined
92,64,00:0C:41:CC:33:A1,Cisco-Li,undefined,undefined
93,64,20:4E:7F:ED:7C:FB,Netgear,undefined,undefined
94,64,E4:71:85:10:35:E9,Securifi,undefined,undefined
95,65,00:0D:67:13:09:6D,Ericsson,undefined,undefined
96,65,84:38:38:9E:3C:7F,Unknown,undefined,undefined
97,66,00:0D:67:13:09:6E,Ericsson,undefined,undefined
98,67,00:0D:67:13:0A:B1,Ericsson,undefined,undefined
99,67,78:7E:61:56:10:F6,Unknown,undefined,undefined
100,68,00:0D:67:13:0A:B2,Ericsson,undefined,undefined
101,69,00:0D:67:1A:7D:65,Ericsson,undefined,undefined
102,70,00:0D:67:1A:7D:6C,Ericsson,undefined,undefined
103,71,00:0D:67:1A:D8:89,Ericsson,undefined,undefined
104,71,D4:F4:6F:D2:CF:07,Unknown,undefined,undefined
105,72,00:0D:67:1A:D8:8A,Ericsson,undefined,undefined
106,73,00:0D:67:1B:10:5B,Ericsson,undefined,undefined
107,74,00:0D:67:68:1B:A5,Ericsson,undefined,undefined
108,75,00:0D:67:68:1B:A6,Ericsson,undefined,undefined
109,76,00:0D:67:68:3F:03,Ericsson,undefined,undefined
110,77,00:0D:67:69:ED:F5,Ericsson,undefined,undefined
111,78,00:0D:67:69:ED:F6,Ericsson,undefined,undefined
112,79,00:00:BC:37:FD:0B,Rockwell,undefined,undefined
113,79,00:04:17:01:0E:40,Elau,undefined,undefined
114,79,00:07:AF:7A:E5:60,N-Tron,undefined,undefined
115,79,00:07:AF:7C:47:00,N-Tron,undefined,undefined
116,79,00:07:AF:7D:4D:A0,N-Tron,undefined,undefined
117,79,00:0D:8D:F0:33:E2,ProsoftT,undefined,undefined
118,79,00:14:6C:5C:35:E7,Netgear,undefined,undefined
119,79,00:15:17:95:AF:98,IntelCor,undefined,undefined
120,79,00:1D:9C:BB:D2:A2,Rockwell,undefined,undefined
121,79,00:20:4A:C5:14:C8,Pronet,undefined,undefined
122,80,00:00:BC:37:FD:0B,Rockwell,undefined,undefined
123,80,00:04:17:01:0E:40,Elau,undefined,undefined
124,80,00:07:AF:7C:47:00,N-Tron,undefined,undefined
125,80,00:0D:8D:F0:33:EC,ProsoftT,undefined,undefined
126,80,00:1D:9C:BB:D2:A2,Rockwell,undefined,undefined
127,81,00:0D:8D:F0:3E:ED,ProsoftT,undefined,undefined
128,81,00:1C:C0:23:C9:5B,IntelCor,undefined,undefined
129,81,00:C0:EE:87:83:6E,Kyocera,undefined,undefined
130,81,00:C0:EE:8D:2C:99,Kyocera,undefined,undefined
131,81,0C:C4:7A:44:D4:6D,Unknown,undefined,undefined
132,81,70:71:BC:18:D5:D8,Pegatron,undefined,undefined
133,81,74:D4:35:FD:D7:D5,Giga-Byt,undefined,undefined
134,81,E0:46:9A:3D:4B:FD,Netgear,undefined,undefined
135,82,00:07:E9:52:EF:E6,Intel,undefined,undefined
136,82,00:0D:8D:F0:42:34,ProsoftT,undefined,undefined
137,82,00:1C:C0:23:C9:5B,IntelCor,undefined,undefined
138,82,00:C0:EE:87:83:6E,Kyocera,undefined,undefined
139,82,00:C0:EE:8D:2C:99,Kyocera,undefined,undefined
140,82,0C:C4:7A:44:D4:6D,Unknown,undefined,undefined
141,82,A0:1D:48:F5:EC:D0,Unknown,undefined,undefined
142,82,D8:D3:85:32:BA:99,Hewlett-,undefined,undefined
143,83,00:07:F9:00:5C:67,Sensapho,undefined,undefined
144,83,00:0D:8D:F0:58:DE,ProsoftT,undefined,undefined
145,83,00:15:17:59:4A:DD,IntelCor,undefined,undefined
146,83,00:1C:C0:23:C9:5B,IntelCor,undefined,undefined
147,83,00:C0:EE:87:83:6E,Kyocera,undefined,undefined
148,83,00:C0:EE:8D:2C:99,Kyocera,undefined,undefined
149,83,0C:C4:7A:44:D4:6D,Unknown,undefined,undefined
150,83,A0:1D:48:F5:EC:D0,Unknown,undefined,undefined
151,84,00:0D:8D:F0:63:2B,ProsoftT,undefined,undefined
152,85,00:0D:93:E9:95:79,Apple,undefined,undefined
153,87,00:0E:3B:2E:8A:B0,HawkingT,undefined,undefined
154,88,00:0E:3B:44:76:70,HawkingT,undefined,undefined
155,92,00:0E:8E:2A:82:85,Sparklan,undefined,undefined
156,93,00:0E:8E:2A:8D:2B,Sparklan,undefined,undefined
157,94,00:0E:8E:3F:1E:A0,Sparklan,undefined,undefined
158,95,00:0E:8E:40:07:0F,Sparklan,undefined,undefined
159,95,00:FF:6D:A5:89:43,Unknown,UDP/TCP,192.168.1.66
160,96,00:0E:8E:47:59:5D,Sparklan,undefined,undefined
161,97,00:0E:8E:47:A1:C6,Sparklan,undefined,undefined
162,98,00:0E:8E:47:B1:DD,Sparklan,undefined,undefined
163,99,00:0E:8E:4C:C0:A4,Sparklan,undefined,undefined
164,100,00:0E:8E:63:93:40,Sparklan,undefined,undefined
165,100,78:FD:94:0C:0F:E6,Unknown,UDP/TCP,10.100.100.125
166,100,D0:A6:37:70:AF:2B,Unknown,undefined,undefined
167,100,F0:25:B7:63:ED:0E,Unknown,undefined,undefined
168,100,F8:CF:C5:EE:5E:42,Unknown,undefined,undefined
169,101,00:0F:23:D1:C8:20,Cisco,undefined,undefined
170,102,00:0F:66:0A:BC:BF,Cisco-Li,undefined,undefined
171,103,00:0F:66:AD:1A:8F,Cisco-Li,undefined,undefined
172,104,00:0F:66:DB:0E:23,Cisco-Li,undefined,undefined
173,105,00:0F:B3:B0:DA:0B,Actionte,undefined,undefined
174,106,00:0F:B5:15:E0:D4,Netgear,undefined,undefined
175,107,00:0F:B5:3D:4F:F4,Netgear,undefined,undefined
176,108,00:0F:B5:69:A4:56,Netgear,undefined,undefined
177,109,00:0F:B5:72:AC:B0,Netgear,undefined,undefined
178,110,00:0F:B5:90:34:09,Netgear,undefined,undefined
179,111,00:0F:B5:9C:66:AF,Netgear,undefined,undefined
180,112,00:0F:B5:C8:4D:7C,Netgear,undefined,undefined
181,113,00:0F:CC:F1:BA:38,Netopia,undefined,undefined
182,114,00:0F:F7:1C:C3:A0,Cisco,undefined,undefined
183,115,00:0F:F7:26:7E:20,Cisco,undefined,undefined
184,116,00:0F:F7:48:8F:80,Cisco,undefined,undefined
185,117,00:0F:F7:48:8F:81,Cisco,undefined,undefined
186,118,00:0F:F7:48:AD:80,Cisco,undefined,undefined
187,119,00:0F:F7:48:AD:81,Cisco,undefined,undefined
188,120,00:0F:F7:57:9C:20,Cisco,undefined,undefined
189,121,00:10:7A:5A:4D:75,Ambicom,undefined,undefined
190,122,00:11:20:52:BF:B0,Cisco,undefined,undefined
191,122,00:17:23:A4:A5:38,SummitDa,undefined,undefined
192,122,00:17:23:A5:14:9E,SummitDa,undefined,undefined
193,122,1C:DE:A7:84:C3:05,Unknown,undefined,undefined
194,123,00:11:50:1A:27:81,Belkin,undefined,undefined
195,124,00:11:50:1E:34:87,Belkin,undefined,undefined
196,124,FC:AA:14:75:C7:85,Unknown,undefined,undefined
197,126,00:11:50:33:20:C7,Belkin,undefined,undefined
198,127,00:11:50:5B:20:FF,Belkin,undefined,undefined
199,128,00:11:50:B9:AD:99,Belkin,undefined,undefined
200,129,00:11:50:BA:3A:F8,Belkin,undefined,undefined
201,133,00:11:74:45:3A:C0,WibhuTec,undefined,undefined
202,134,00:00:0C:9B:69:BB,Cisco,undefined,undefined
203,134,00:11:74:45:3A:C1,WibhuTec,undefined,undefined
204,134,00:26:5E:8C:07:EF,HonHaiPr,undefined,undefined
205,134,D0:57:4C:E0:1F:27,Cisco,undefined,undefined
206,134,F2:45:3A:CF:00:05,Unknown,undefined,undefined
207,134,F4:09:D8:C3:D1:76,Unknown,undefined,undefined
208,135,00:11:74:45:3C:80,WibhuTec,undefined,undefined
209,136,00:11:74:45:3C:81,WibhuTec,undefined,undefined
210,137,00:11:74:A5:0F:D0,WibhuTec,undefined,undefined
211,137,1C:6F:65:DA:CB:DA,Giga-Byt,undefined,undefined
212,137,F2:A5:0F:DF:00:02,Unknown,undefined,undefined
213,138,00:11:92:FD:2B:00,Cisco,undefined,undefined
214,138,90:18:7C:A9:39:CE,SamsungE,undefined,undefined
215,139,00:11:92:FD:33:C0,Cisco,undefined,undefined
216,141,00:12:01:96:8F:40,Cisco,undefined,undefined
217,142,00:12:01:96:8F:41,Cisco,undefined,undefined
218,143,00:12:01:96:8F:42,Cisco,undefined,undefined
219,143,F0:24:75:64:FC:7F,Unknown,undefined,undefined
220,144,00:12:01:96:8F:43,Cisco,undefined,undefined
221,145,00:12:01:96:A8:20,Cisco,undefined,undefined
222,146,00:12:01:96:A8:21,Cisco,undefined,undefined
223,147,00:12:01:96:A8:22,Cisco,undefined,undefined
224,148,00:12:01:96:A8:23,Cisco,undefined,undefined
225,149,00:12:17:02:53:D2,Cisco-Li,undefined,undefined
226,150,00:12:17:08:FD:2C,Cisco-Li,undefined,undefined
227,151,00:12:17:46:21:33,Cisco-Li,undefined,undefined
228,152,00:12:17:48:6D:08,Cisco-Li,undefined,undefined
229,153,00:12:17:CE:89:9E,Cisco-Li,undefined,undefined
230,154,00:12:44:B9:3B:30,Cisco,undefined,undefined
231,154,00:18:0A:43:52:C1,Meraki,ARP,10.0.0.1
232,155,00:12:88:BC:6B:29,2wire,undefined,undefined
233,156,00:12:CF:A8:9E:B1,AcctonTe,undefined,undefined
234,156,00:60:9F:93:B9:8B,Phast,undefined,undefined
235,157,00:12:DA:B6:A7:10,Cisco,undefined,undefined
236,159,00:13:10:05:04:19,Cisco-Li,undefined,undefined
237,160,00:13:10:9E:C4:17,Cisco-Li,undefined,undefined
238,161,00:13:10:A1:B7:39,Cisco-Li,undefined,undefined
239,161,00:1E:E5:DE:CC:07,Cisco-Li,undefined,undefined
240,162,00:13:10:F8:4D:A3,Cisco-Li,undefined,undefined
241,163,00:13:1A:13:01:20,Cisco,undefined,undefined
242,164,00:13:46:49:77:F0,D-Link,undefined,undefined
243,164,00:BB:3A:4A:BB:EB,Private,undefined,undefined
244,164,A0:02:DC:03:37:8C,Unknown,undefined,undefined
245,165,00:13:46:9A:D0:3F,D-Link,undefined,undefined
246,165,10:DD:B1:B4:51:1A,Apple,undefined,undefined
247,165,34:BD:C8:39:8F:E5,Cisco,undefined,undefined
248,166,00:13:46:B8:68:FE,D-Link,undefined,undefined
249,167,00:13:46:ED:4E:E4,D-Link,undefined,undefined
250,168,00:13:60:DC:AF:E0,Cisco,undefined,undefined
251,169,00:13:7F:33:46:C0,Cisco,undefined,undefined
252,170,00:13:7F:8C:3C:70,Cisco,undefined,undefined
253,171,00:13:7F:8C:3C:F0,Cisco,undefined,undefined
254,172,00:13:92:09:9E:45,RuckusWi,undefined,undefined
255,173,00:13:92:09:9E:46,RuckusWi,undefined,undefined
256,174,00:13:C3:F0:6D:60,Cisco,undefined,undefined
257,175,00:13:C4:8A:92:00,Cisco,undefined,undefined
258,176,00:13:C4:8A:93:60,Cisco,undefined,undefined
259,177,00:13:F7:FD:B8:1F,SmcNetwo,undefined,undefined
260,178,00:14:1C:9A:77:30,Cisco,undefined,undefined
261,179,00:14:1C:DE:73:D0,Cisco,undefined,undefined
262,180,00:14:69:3B:A5:00,Cisco,undefined,undefined
263,181,00:14:6A:C5:5E:B0,Cisco,undefined,undefined
264,181,00:90:FB:31:FB:F0,Portwell,UDP/TCP,192.168.5.238
265,182,00:14:6A:C5:5E:B1,Cisco,undefined,undefined
266,183,00:14:6A:C5:5E:B2,Cisco,undefined,undefined
267,183,2C:8A:72:81:90:C5,Unknown,UDP/TCP,192.168.6.114
268,184,00:14:6A:C5:5E:B3,Cisco,undefined,undefined
269,186,00:14:6C:16:E0:9A,Netgear,undefined,undefined
270,187,00:14:6C:CA:01:70,Netgear,undefined,undefined
271,188,00:14:6C:E6:32:9C,Netgear,undefined,undefined
272,189,00:14:7C:15:96:30,3com,undefined,undefined
273,189,00:50:E8:01:A3:5B,Nomadix,UDP/TCP,10.59.1.63
274,189,84:7A:88:53:AB:7E,Htc,undefined,undefined
275,189,E0:75:7D:DC:36:CD,Motorola,undefined,undefined
276,190,00:14:7C:B6:30:47,3com,undefined,undefined
277,191,00:14:7C:DD:39:D9,3com,undefined,undefined
278,192,00:14:7F:0D:3C:05,ThomsonT,undefined,undefined
279,194,00:14:A4:0D:B9:7D,HonHaiPr,undefined,undefined
280,195,00:14:A5:90:70:B7,GemtekTe,undefined,undefined
281,196,00:14:BF:29:67:57,Cisco-Li,undefined,undefined
282,196,54:88:0E:AA:FA:14,Unknown,undefined,undefined
283,198,00:14:BF:96:CF:A0,Cisco-Li,undefined,undefined
284,199,00:14:BF:A3:27:3A,Cisco-Li,undefined,undefined
285,200,00:14:BF:B4:DF:11,Cisco-Li,undefined,undefined
286,201,00:14:BF:C4:7F:10,Cisco-Li,undefined,undefined
287,202,00:14:BF:CE:A5:67,Cisco-Li,undefined,undefined
288,202,E0:CB:1D:1B:C0:BF,Private,undefined,undefined
289,203,00:14:D1:35:28:D6,Trendnet,undefined,undefined
290,204,00:14:D1:45:45:4E,Trendnet,undefined,undefined
291,204,00:16:C8:B7:78:EB,Cisco,undefined,undefined
292,204,3C:04:BF:03:8E:F7,Pravis,undefined,undefined
293,206,00:14:D1:6D:41:FD,Trendnet,undefined,undefined
294,207,00:14:D1:9D:64:A0,Trendnet,undefined,undefined
295,208,00:14:D1:AB:89:D3,Trendnet,undefined,undefined
296,209,00:14:D1:B1:C5:88,Trendnet,undefined,undefined
297,210,00:14:D1:C0:63:9B,Trendnet,undefined,undefined
298,211,00:14:D1:C4:95:2E,Trendnet,undefined,undefined
299,212,00:14:D1:C4:CB:B8,Trendnet,undefined,undefined
300,213,00:14:D1:D3:51:F2,Trendnet,undefined,undefined
301,214,00:14:D1:E2:B8:58,Trendnet,undefined,undefined
302,215,00:14:D1:E5:DA:34,Trendnet,undefined,undefined
303,216,00:14:D1:E9:1E:C1,Trendnet,undefined,undefined
304,217,00:15:05:F4:9B:5C,Actionte,undefined,undefined
305,218,00:15:05:F5:1C:E8,Actionte,undefined,undefined
306,219,00:15:05:F6:A2:40,Actionte,undefined,undefined
307,220,00:15:05:F7:5E:08,Actionte,undefined,undefined
308,221,00:15:63:6E:D8:00,Cisco,undefined,undefined
309,222,00:15:63:99:CC:90,Cisco,undefined,undefined
310,222,D0:D0:FD:2F:CE:2A,Cisco,UDP/TCP,10.59.1.32
311,223,00:15:6D:18:38:AB,Ubiquiti,undefined,undefined
312,224,00:15:6D:63:03:6A,Ubiquiti,undefined,undefined
313,224,02:15:6D:69:15:E6,Unknown,undefined,undefined
314,224,2C:54:CF:F4:71:71,Unknown,undefined,undefined
315,225,00:15:6D:63:A5:4E,Ubiquiti,undefined,undefined
316,226,00:15:6D:63:CB:72,Ubiquiti,undefined,undefined
317,227,00:15:6D:64:4A:E7,Ubiquiti,undefined,undefined
318,228,00:15:6D:64:E9:D3,Ubiquiti,undefined,undefined
319,229,00:15:6D:65:15:43,Ubiquiti,undefined,undefined
320,230,00:15:6D:65:46:AF,Ubiquiti,undefined,undefined
321,231,00:15:6D:67:91:C6,Ubiquiti,undefined,undefined
322,232,00:15:6D:67:AA:BD,Ubiquiti,undefined,undefined
323,233,00:07:E9:52:EF:E6,Intel,undefined,undefined
324,233,00:15:17:59:4A:DD,IntelCor,undefined,undefined
325,233,00:15:6D:68:02:F4,Ubiquiti,undefined,undefined
326,233,00:1C:C0:23:C9:5B,IntelCor,undefined,undefined
327,233,00:1C:C0:BA:29:AF,IntelCor,undefined,undefined
328,233,00:C0:EE:87:83:6E,Kyocera,undefined,undefined
329,233,00:C0:EE:8D:2C:99,Kyocera,undefined,undefined
330,233,0C:C4:7A:44:D4:6D,Unknown,undefined,undefined
331,233,70:71:BC:18:D5:D8,Pegatron,undefined,undefined
332,233,74:D4:35:AC:56:D4,Giga-Byt,undefined,undefined
333,233,74:D4:35:FD:D7:D5,Giga-Byt,undefined,undefined
334,233,A0:1D:48:F5:EC:D0,Unknown,undefined,undefined
335,233,D8:D3:85:32:BA:99,Hewlett-,undefined,undefined
336,234,00:15:6D:68:03:52,Ubiquiti,undefined,undefined
337,235,00:15:6D:68:24:89,Ubiquiti,undefined,undefined
338,236,00:15:6D:69:15:E6,Ubiquiti,undefined,undefined
339,237,00:15:6D:69:BB:07,Ubiquiti,undefined,undefined
340,238,00:15:6D:69:BB:2A,Ubiquiti,undefined,undefined
341,239,00:15:6D:6C:46:BA,Ubiquiti,undefined,undefined
342,240,00:15:6D:6C:46:BE,Ubiquiti,undefined,undefined
343,241,00:15:6D:9A:C6:C5,Ubiquiti,undefined,undefined
344,241,84:C9:B2:4B:62:F1,D-LinkIn,ARP,192.168.0.1
345,242,00:15:70:22:A8:64,SymbolTe,undefined,undefined
346,243,00:15:70:22:A8:65,SymbolTe,undefined,undefined
347,244,00:15:70:22:A8:66,SymbolTe,undefined,undefined
348,244,00:50:56:9C:3B:52,Vmware,undefined,undefined
349,245,00:15:70:71:DB:00,SymbolTe,undefined,undefined
350,246,00:15:70:A0:B9:24,SymbolTe,undefined,undefined
351,247,00:15:70:A0:B9:25,SymbolTe,undefined,undefined
352,248,00:15:70:A0:CA:6C,SymbolTe,undefined,undefined
353,249,00:15:70:A1:43:14,SymbolTe,undefined,undefined
354,250,00:15:70:A1:43:15,SymbolTe,undefined,undefined
355,251,00:15:70:A1:43:16,SymbolTe,undefined,undefined
356,252,00:15:70:A1:43:17,SymbolTe,undefined,undefined
357,253,00:15:E9:1B:29:B6,D-Link,undefined,undefined
358,253,E8:40:F2:0A:52:BF,Pegatron,undefined,undefined
359,254,00:15:E9:D5:81:A0,D-Link,undefined,undefined
360,255,00:15:F9:A6:4A:90,Cisco,undefined,undefined
361,256,00:15:FF:0E:9D:41,NovatelW,undefined,undefined
362,257,00:15:FF:13:53:82,NovatelW,undefined,undefined
363,258,00:15:FF:14:E9:6C,NovatelW,undefined,undefined
364,259,00:15:FF:18:79:4A,NovatelW,undefined,undefined
365,260,00:15:FF:1B:05:58,NovatelW,undefined,undefined
366,260,7C:D1:C3:78:97:62,Apple,undefined,undefined
367,261,00:15:FF:1C:F9:A9,NovatelW,undefined,undefined
368,262,00:15:FF:2E:26:5F,NovatelW,undefined,undefined
369,262,10:A5:D0:DE:CE:14,Unknown,undefined,undefined
370,262,A4:77:60:21:FE:CA,Unknown,undefined,undefined
371,262,DC:71:44:92:93:B6,SamsungE,undefined,undefined
372,263,00:15:FF:2E:2D:65,NovatelW,undefined,undefined
373,264,00:15:FF:2E:9C:97,NovatelW,undefined,undefined
374,265,00:15:FF:2F:30:16,NovatelW,undefined,undefined
375,266,00:15:FF:2F:3D:24,NovatelW,undefined,undefined
376,267,00:15:FF:31:16:94,NovatelW,undefined,undefined
377,268,00:15:FF:35:36:ED,NovatelW,undefined,undefined
378,269,00:15:FF:43:C8:B8,NovatelW,undefined,undefined
379,270,00:15:FF:45:A6:63,NovatelW,undefined,undefined
380,271,00:15:FF:45:A7:29,NovatelW,undefined,undefined
381,272,00:15:FF:47:A1:97,NovatelW,undefined,undefined
382,273,00:15:FF:54:94:06,NovatelW,undefined,undefined
383,274,00:15:FF:7C:60:06,NovatelW,undefined,undefined
384,275,00:15:FF:7E:74:5A,NovatelW,undefined,undefined
385,276,00:15:FF:8F:8D:D4,NovatelW,undefined,undefined
386,277,00:15:FF:95:F9:53,NovatelW,undefined,undefined
387,278,00:15:FF:A8:30:DB,NovatelW,undefined,undefined
388,279,00:16:01:27:71:FB,Buffalo,undefined,undefined
389,279,FC:C2:DE:E0:93:80,Unknown,undefined,undefined
390,279,FC:C2:DE:F5:D2:51,Unknown,undefined,undefined
391,280,00:16:01:2E:0B:7A,Buffalo,undefined,undefined
392,280,08:3D:88:16:D4:08,Unknown,undefined,undefined
393,280,10:BF:48:49:E1:98,AsustekC,undefined,undefined
394,281,00:16:01:2E:28:5A,Buffalo,undefined,undefined
395,281,04:E5:36:6F:17:4D,Apple,undefined,undefined
396,281,08:3D:88:16:D4:08,Unknown,undefined,undefined
397,281,10:BF:48:49:E1:98,AsustekC,undefined,undefined
398,281,BC:92:6B:44:D3:02,Apple,undefined,undefined
399,282,00:16:01:4C:7B:2E,Buffalo,undefined,undefined
400,283,00:16:01:58:2D:FC,Buffalo,undefined,undefined
401,284,00:16:01:58:2E:D8,Buffalo,undefined,undefined
402,284,A4:C3:61:0B:9D:EF,Apple,undefined,undefined
403,285,00:16:01:59:24:88,Buffalo,undefined,undefined
404,286,00:16:01:7F:D4:56,Buffalo,undefined,undefined
405,286,08:3D:88:16:D4:08,Unknown,undefined,undefined
406,287,00:16:01:D1:A1:37,Buffalo,undefined,undefined
407,288,00:16:01:D1:B5:BD,Buffalo,undefined,undefined
408,289,00:14:D1:68:5E:5A,Trendnet,undefined,undefined
409,289,00:16:01:D2:A6:8F,Buffalo,undefined,undefined
410,290,00:16:01:D2:D5:37,Buffalo,undefined,undefined
411,291,00:16:01:D2:D8:E9,Buffalo,undefined,undefined
412,291,D0:27:88:AB:0E:5B,HonHaiPr,undefined,undefined
413,293,00:16:44:D7:55:9D,Lite-OnT,undefined,undefined
414,294,00:16:46:F8:67:60,Cisco,undefined,undefined
415,295,00:16:9C:AA:C5:90,Cisco,undefined,undefined
416,296,00:16:9C:B9:B5:60,Cisco,undefined,undefined
417,304,00:16:B6:0B:F8:07,Cisco-Li,undefined,undefined
418,305,00:16:B6:30:E1:82,Cisco-Li,undefined,undefined
419,305,00:26:AB:B9:60:C2,SeikoEps,undefined,undefined
420,306,00:16:B6:37:B5:FA,Cisco-Li,undefined,undefined
421,307,00:16:B6:54:1E:1D,Cisco-Li,undefined,undefined
422,308,00:16:B6:B9:2E:C2,Cisco-Li,undefined,undefined
423,310,00:16:B6:DE:C5:CD,Cisco-Li,undefined,undefined
424,312,00:16:C8:66:D8:F0,Cisco,undefined,undefined
425,312,D0:D0:FD:2F:CE:2A,Cisco,UDP/TCP,10.59.1.157
426,315,00:17:3F:0C:83:4A,Belkin,undefined,undefined
427,316,00:17:3F:44:DC:76,Belkin,undefined,undefined
428,317,00:17:3F:47:6B:64,Belkin,undefined,undefined
429,318,00:17:3F:59:B0:C0,Belkin,undefined,undefined
430,319,00:17:3F:65:77:86,Belkin,undefined,undefined
431,319,00:1F:3C:66:DC:6A,IntelCor,undefined,undefined
432,320,00:17:3F:92:97:C1,Belkin,undefined,undefined
433,321,00:17:3F:94:75:E5,Belkin,undefined,undefined
434,322,00:17:3F:B6:B1:08,Belkin,undefined,undefined
435,322,48:43:7C:B7:80:F3,Unknown,undefined,undefined
436,322,70:1A:04:E7:BF:51,LiteonTe,undefined,undefined
437,323,00:17:3F:B6:F8:1C,Belkin,undefined,undefined
438,324,00:17:3F:C1:79:C7,Belkin,undefined,undefined
439,325,00:17:3F:C2:94:93,Belkin,undefined,undefined
440,326,00:17:3F:EB:57:3D,Belkin,undefined,undefined
441,327,00:17:94:A5:EF:20,Cisco,undefined,undefined
442,327,D0:D0:FD:2F:CE:2A,Cisco,UDP/TCP,10.59.1.26
443,328,00:17:9A:49:FF:4D,D-Link,undefined,undefined
444,331,00:17:C5:26:38:2C,Sonicwal,undefined,undefined
445,332,00:17:C5:42:AC:E3,Sonicwal,undefined,undefined
446,332,40:61:86:04:22:99,Micro-St,undefined,undefined
447,333,00:17:C5:6E:6F:75,Sonicwal,undefined,undefined
448,334,00:17:C5:6F:93:05,Sonicwal,undefined,undefined
449,335,00:17:C5:88:A9:F7,Sonicwal,undefined,undefined
450,336,00:18:01:89:89:93,Actionte,undefined,undefined
451,337,00:18:01:DA:12:E4,Actionte,undefined,undefined
452,338,00:18:0A:03:66:DA,Meraki,undefined,undefined
453,339,00:18:0A:10:0A:7F,Meraki,undefined,undefined
454,340,00:18:0A:10:13:A4,Meraki,undefined,undefined
455,341,00:18:0A:33:58:FE,Meraki,undefined,undefined
456,341,40:78:6A:27:43:A9,Unknown,undefined,undefined
457,342,00:18:0A:33:8A:70,Meraki,undefined,undefined
458,342,70:11:24:ED:EE:56,Apple,undefined,undefined
459,342,70:14:A6:A9:12:22,Unknown,undefined,undefined
460,342,80:00:6E:CB:74:F7,Unknown,undefined,undefined
461,342,9C:F3:87:49:6D:8B,Unknown,undefined,undefined
462,342,FC:4D:D4:1D:FA:F4,Universa,undefined,undefined
463,342,FC:C2:DE:91:8D:89,Unknown,undefined,undefined
464,343,00:18:0A:39:ED:BC,Meraki,undefined,undefined
465,344,00:18:0A:3A:1A:DA,Meraki,undefined,undefined
466,345,00:18:0A:3A:2E:0C,Meraki,undefined,undefined
467,347,00:18:0A:51:03:CB,Meraki,undefined,undefined
468,349,00:18:0A:51:34:22,Meraki,undefined,undefined
469,350,00:18:0A:51:36:37,Meraki,undefined,undefined
470,351,00:18:0A:51:36:49,Meraki,undefined,undefined
471,352,00:18:0A:51:37:F0,Meraki,undefined,undefined
472,353,00:18:0A:51:44:7B,Meraki,undefined,undefined
473,354,00:18:0A:51:46:8B,Meraki,undefined,undefined
474,355,00:18:0A:51:48:62,Meraki,undefined,undefined
475,356,00:18:0A:51:5D:F0,Meraki,undefined,undefined
476,357,00:18:0A:51:65:C7,Meraki,undefined,undefined
477,359,00:18:0A:D3:B8:E0,Meraki,undefined,undefined
478,360,00:18:0A:D4:3D:40,Meraki,undefined,undefined
479,361,00:18:0A:D4:59:E0,Meraki,undefined,undefined
480,362,00:18:0A:D8:EC:20,Meraki,undefined,undefined
481,363,00:18:0A:DF:64:30,Meraki,undefined,undefined
482,364,00:18:0A:DF:64:80,Meraki,undefined,undefined
483,365,00:18:0A:EA:02:D0,Meraki,undefined,undefined
484,366,00:18:0A:EA:40:70,Meraki,undefined,undefined
485,367,00:18:0A:EA:D2:70,Meraki,undefined,undefined
486,368,00:18:0A:EB:39:70,Meraki,undefined,undefined
487,369,00:18:0A:EB:6C:F0,Meraki,undefined,undefined
488,370,00:18:0A:EF:57:40,Meraki,undefined,undefined
489,371,00:18:0A:EF:88:C0,Meraki,undefined,undefined
490,372,00:18:18:FF:7E:07,Cisco,undefined,undefined
491,373,00:18:39:3F:5B:A2,Cisco-Li,undefined,undefined
492,374,00:18:39:4E:94:4A,Cisco-Li,undefined,undefined
493,375,00:18:39:5C:B8:89,Cisco-Li,undefined,undefined
494,376,00:18:39:60:94:DE,Cisco-Li,undefined,undefined
495,377,00:18:39:6F:EF:4B,Cisco-Li,undefined,undefined
496,378,00:18:39:6F:F9:F2,Cisco-Li,undefined,undefined
497,378,50:2E:5C:E7:9F:D6,Htc,undefined,undefined
498,379,00:18:39:7A:DC:29,Cisco-Li,undefined,undefined
499,380,00:18:39:80:1E:AB,Cisco-Li,undefined,undefined
500,381,00:18:39:81:EE:D9,Cisco-Li,undefined,undefined
501,382,00:18:39:AD:42:6E,Cisco-Li,undefined,undefined
502,383,00:18:39:C8:E5:5F,Cisco-Li,undefined,undefined
503,383,00:19:FD:02:02:FF,Nintendo,UDP/TCP,192.168.1.141
504,384,00:18:39:DB:75:27,Cisco-Li,undefined,undefined
505,385,00:18:39:DB:D1:BE,Cisco-Li,undefined,undefined
506,386,00:18:39:DF:94:88,Cisco-Li,undefined,undefined
507,387,00:18:39:E2:3E:F6,Cisco-Li,undefined,undefined
508,388,00:18:39:E9:8E:D7,Cisco-Li,undefined,undefined
509,389,00:18:39:E9:E6:95,Cisco-Li,undefined,undefined
510,390,00:18:39:F0:8D:B2,Cisco-Li,undefined,undefined
511,391,00:18:39:F1:9D:E9,Cisco-Li,undefined,undefined
512,392,00:18:39:F3:C4:8A,Cisco-Li,undefined,undefined
513,393,00:18:39:F8:D0:77,Cisco-Li,undefined,undefined
514,393,C8:1F:66:19:D8:B2,DellPcba,undefined,undefined
515,394,00:18:3A:B1:40:7E,WestellT,undefined,undefined
516,395,00:18:3A:DD:36:57,WestellT,undefined,undefined
517,396,00:16:EB:1C:B5:32,IntelCor,undefined,undefined
518,396,00:18:4D:1C:C0:36,Netgear,UDP/TCP,192.168.0.191
519,396,00:18:4D:48:B7:98,Netgear,undefined,undefined
520,397,00:18:4D:4C:9B:DA,Netgear,undefined,undefined
521,398,00:18:4D:4C:D2:46,Netgear,undefined,undefined
522,401,00:18:74:0B:FA:F0,Cisco,undefined,undefined
523,402,00:18:74:0B:FA:F1,Cisco,undefined,undefined
524,403,00:07:AF:01:2B:34,N-Tron,undefined,undefined
525,403,00:18:BA:89:96:70,Cisco,undefined,undefined
526,403,01:80:C2:00:00:01,Unknown,undefined,undefined
527,403,B4:99:BA:01:80:AC,Hewlett-,undefined,undefined
528,403,B4:B5:2F:D4:08:26,HewlettP,undefined,undefined
529,405,00:02:55:FA:17:A6,Ibm,ARP,69.54.208.23
530,405,00:04:EA:9E:9B:30,Hewlett-,UDP/TCP,234.158.155.0
531,405,00:12:3F:20:71:CA,DellEsgP,ARP,192.168.2.25
532,405,00:15:6D:A6:60:DB,Ubiquiti,undefined,undefined
533,405,00:15:6D:EE:EF:0C,Ubiquiti,undefined,undefined
534,405,00:15:6D:EE:FB:3E,Ubiquiti,undefined,undefined
535,405,00:15:6D:EE:FB:43,Ubiquiti,undefined,undefined
536,405,00:17:5A:A6:AD:C9,Cisco,ARP,69.54.210.1
537,405,00:18:D2:00:1F:2E,High-Gai,undefined,undefined
538,405,00:18:D2:00:26:F9,High-Gai,undefined,undefined
539,405,00:18:D2:00:72:97,High-Gai,undefined,undefined
540,405,00:20:4A:A6:E0:98,Pronet,ARP,66.79.194.65
541,405,00:27:22:16:5F:68,Ubiquiti,undefined,undefined
542,405,00:27:22:8A:45:EE,Ubiquiti,undefined,undefined
543,405,00:27:22:E6:A2:B3,Ubiquiti,undefined,undefined
544,405,00:27:22:EE:7D:92,Ubiquiti,undefined,undefined
545,405,00:27:22:FE:EE:CE,Ubiquiti,undefined,undefined
546,405,00:90:A9:5E:C3:69,WesternD,undefined,undefined
547,405,20:AA:4B:79:E8:21,Cisco-Li,undefined,undefined
548,405,24:A4:3C:7E:D5:72,Ubiquiti,undefined,undefined
549,405,B4:75:0E:29:67:C3,BelkinIn,undefined,undefined
550,405,C8:0A:A9:58:AB:D6,QuantaCo,undefined,undefined
551,406,00:01:80:5E:20:7C,Aopen,undefined,undefined
552,406,00:01:E7:60:F4:65,Hewlett-,undefined,undefined
553,406,00:02:55:FA:17:A6,Ibm,ARP,69.54.208.23
554,406,00:12:3F:20:71:CA,DellEsgP,ARP,192.168.2.25
555,406,00:14:22:73:82:1A,DellEsgP,undefined,undefined
556,406,00:14:22:73:82:1B,DellEsgP,undefined,undefined
557,406,00:15:6D:4A:F8:83,Ubiquiti,undefined,undefined
558,406,00:15:6D:4A:F8:9C,Ubiquiti,undefined,undefined
559,406,00:15:6D:4A:F8:9E,Ubiquiti,undefined,undefined
560,406,00:15:6D:4A:F8:C7,Ubiquiti,undefined,undefined
561,406,00:15:6D:7C:08:21,Ubiquiti,undefined,undefined
562,406,00:15:6D:7C:81:AA,Ubiquiti,undefined,undefined
563,406,00:15:6D:8C:98:D5,Ubiquiti,undefined,undefined
564,406,00:15:6D:9A:4D:D0,Ubiquiti,undefined,undefined
565,406,00:15:6D:9A:4F:85,Ubiquiti,undefined,undefined
566,406,00:15:6D:9A:B5:AC,Ubiquiti,undefined,undefined
567,406,00:15:6D:9A:B6:51,Ubiquiti,undefined,undefined
568,406,00:15:6D:9A:B6:A5,Ubiquiti,undefined,undefined
569,406,00:15:6D:9E:64:22,Ubiquiti,undefined,undefined
570,406,00:15:6D:9E:E5:07,Ubiquiti,undefined,undefined
571,406,00:15:6D:9E:E7:15,Ubiquiti,undefined,undefined
572,406,00:15:6D:A6:60:DB,Ubiquiti,undefined,undefined
573,406,00:15:6D:EE:EF:0C,Ubiquiti,undefined,undefined
574,406,00:15:6D:EE:FB:3E,Ubiquiti,undefined,undefined
575,406,00:15:6D:EE:FB:43,Ubiquiti,undefined,undefined
576,406,00:17:5A:A6:AD:C9,Cisco,ARP,66.79.195.1
577,406,00:18:D2:00:1F:2E,High-Gai,undefined,undefined
578,406,00:18:D2:00:2A:5D,High-Gai,undefined,undefined
579,406,00:18:D2:00:72:97,High-Gai,undefined,undefined
580,406,00:18:D2:00:80:7D,High-Gai,undefined,undefined
581,406,00:1C:10:CD:BD:9A,Cisco-Li,undefined,undefined
582,406,00:27:22:04:10:A3,Ubiquiti,undefined,undefined
583,406,00:27:22:04:11:0D,Ubiquiti,undefined,undefined
584,406,00:27:22:06:BD:AD,Ubiquiti,undefined,undefined
585,406,00:27:22:06:BE:D3,Ubiquiti,undefined,undefined
586,406,00:27:22:12:A9:5E,Ubiquiti,undefined,undefined
587,406,00:27:22:12:CA:C1,Ubiquiti,undefined,undefined
588,406,00:27:22:16:5F:68,Ubiquiti,undefined,undefined
589,406,00:27:22:16:D7:12,Ubiquiti,undefined,undefined
590,406,00:27:22:26:5B:4D,Ubiquiti,undefined,undefined
591,406,00:27:22:28:C2:25,Ubiquiti,undefined,undefined
592,406,00:27:22:28:C3:0B,Ubiquiti,undefined,undefined
593,406,00:27:22:32:CE:23,Ubiquiti,undefined,undefined
594,406,00:27:22:40:1E:0D,Ubiquiti,undefined,undefined
595,406,00:27:22:40:36:79,Ubiquiti,undefined,undefined
596,406,00:27:22:40:A7:6B,Ubiquiti,undefined,undefined
597,406,00:27:22:46:FD:CF,Ubiquiti,undefined,undefined
598,406,00:27:22:66:5B:39,Ubiquiti,undefined,undefined
599,406,00:27:22:66:5C:D8,Ubiquiti,undefined,undefined
600,406,00:27:22:66:5D:3B,Ubiquiti,undefined,undefined
601,406,00:27:22:80:A4:BA,Ubiquiti,undefined,undefined
602,406,00:27:22:84:96:D1,Ubiquiti,undefined,undefined
603,406,00:27:22:84:DA:01,Ubiquiti,undefined,undefined
604,406,00:27:22:86:51:00,Ubiquiti,undefined,undefined
605,406,00:27:22:8A:45:EE,Ubiquiti,undefined,undefined
606,406,00:27:22:8C:9B:28,Ubiquiti,undefined,undefined
607,406,00:27:22:90:24:F0,Ubiquiti,undefined,undefined
608,406,00:27:22:90:25:2F,Ubiquiti,undefined,undefined
609,406,00:27:22:98:EC:8A,Ubiquiti,undefined,undefined
610,406,00:27:22:9A:1B:CE,Ubiquiti,undefined,undefined
611,406,00:27:22:9A:1C:31,Ubiquiti,undefined,undefined
612,406,00:27:22:9A:1C:9E,Ubiquiti,undefined,undefined
613,406,00:27:22:A4:8C:FB,Ubiquiti,undefined,undefined
614,406,00:27:22:E0:C2:5A,Ubiquiti,undefined,undefined
615,406,00:27:22:E0:CA:DC,Ubiquiti,undefined,undefined
616,406,00:27:22:E6:A2:D0,Ubiquiti,undefined,undefined
617,406,00:27:22:EC:2E:29,Ubiquiti,undefined,undefined
618,406,00:27:22:EE:6A:D8,Ubiquiti,undefined,undefined
619,406,00:27:22:EE:7B:F1,Ubiquiti,undefined,undefined
620,406,00:27:22:EE:7D:BB,Ubiquiti,undefined,undefined
621,406,00:27:22:F6:CD:E1,Ubiquiti,undefined,undefined
622,406,00:27:22:FE:EE:CE,Ubiquiti,undefined,undefined
623,406,00:27:22:FE:F0:1F,Ubiquiti,undefined,undefined
624,406,00:80:F0:56:4D:DE,Panasoni,undefined,undefined
625,406,00:90:A9:5E:C3:69,WesternD,undefined,undefined
626,406,04:18:D6:3E:2D:B8,Ubiquiti,undefined,undefined
627,406,04:18:D6:3E:31:0B,Ubiquiti,undefined,undefined
628,406,04:18:D6:A6:97:C8,Ubiquiti,undefined,undefined
629,406,24:A4:3C:40:B7:2A,Ubiquiti,undefined,undefined
630,406,24:A4:3C:7E:D4:40,Ubiquiti,undefined,undefined
631,406,24:A4:3C:7E:D5:02,Ubiquiti,undefined,undefined
632,406,24:A4:3C:7E:D5:72,Ubiquiti,ARP,66.79.194.88
633,406,24:A4:3C:BC:BC:6F,Ubiquiti,undefined,undefined
634,406,24:A4:3C:BC:BC:F7,Ubiquiti,undefined,undefined
635,406,24:A4:3C:FA:CD:8B,Ubiquiti,undefined,undefined
636,406,24:A4:3C:FA:CD:9F,Ubiquiti,undefined,undefined
637,406,24:A4:3C:FC:ED:9B,Ubiquiti,undefined,undefined
638,406,24:A4:3C:FC:ED:BF,Ubiquiti,undefined,undefined
639,406,24:A4:3C:FE:64:87,Ubiquiti,undefined,undefined
640,406,48:F8:B3:4A:28:7D,Cisco-Li,undefined,undefined
641,406,68:72:51:0A:66:73,Ubiquiti,undefined,undefined
642,406,68:72:51:0C:A5:D7,Ubiquiti,undefined,undefined
643,406,68:7F:74:CA:61:01,Cisco-Li,undefined,undefined
644,406,78:E3:B5:D0:44:26,Hewlett-,undefined,undefined
645,406,84:1B:5E:39:08:E7,Netgear,undefined,undefined
646,406,C8:B3:73:00:A8:80,Cisco-Li,undefined,undefined
647,406,DC:9F:DB:00:17:DC,Ubiquiti,undefined,undefined
648,406,DC:9F:DB:0C:47:CF,Ubiquiti,undefined,undefined
649,406,DC:9F:DB:62:D0:F4,Ubiquiti,undefined,undefined
650,406,DC:9F:DB:62:D5:12,Ubiquiti,undefined,undefined
651,406,DC:9F:DB:6A:2A:BD,Ubiquiti,undefined,undefined
652,406,DC:9F:DB:8A:DF:B6,Ubiquiti,undefined,undefined
653,406,DC:9F:DB:8A:E0:13,Ubiquiti,undefined,undefined
654,406,DC:9F:DB:8A:E3:2D,Ubiquiti,undefined,undefined
655,406,DC:9F:DB:8A:E5:E2,Ubiquiti,undefined,undefined
656,406,DC:9F:DB:90:63:E5,Ubiquiti,undefined,undefined
657,406,DC:9F:DB:90:63:F7,Ubiquiti,undefined,undefined
658,406,DC:9F:DB:90:64:33,Ubiquiti,undefined,undefined
659,406,DC:9F:DB:98:DF:04,Ubiquiti,undefined,undefined
660,406,DC:9F:DB:A6:3C:C6,Ubiquiti,undefined,undefined
661,406,DC:9F:DB:A6:3C:E6,Ubiquiti,undefined,undefined
662,409,00:18:E7:8D:2C:FB,CameoCom,undefined,undefined
663,410,00:18:E7:C7:3E:34,CameoCom,undefined,undefined
664,411,00:18:E7:C9:0D:0A,CameoCom,undefined,undefined
665,412,00:18:E7:CF:FA:3A,CameoCom,undefined,undefined
666,413,00:18:E7:D2:75:C0,CameoCom,undefined,undefined
667,414,00:18:E7:D2:B6:D0,CameoCom,undefined,undefined
668,415,00:18:E7:E3:29:72,CameoCom,undefined,undefined
669,415,44:80:EB:B2:2C:E9,Unknown,undefined,undefined
670,415,D0:E7:82:DC:FD:80,Azurewav,undefined,undefined
671,415,FC:C2:DE:0F:BF:90,Unknown,undefined,undefined
672,416,00:18:E7:E4:6E:B4,CameoCom,undefined,undefined
673,417,00:18:E7:EA:3A:17,CameoCom,undefined,undefined
674,418,00:18:E7:EF:E0:0A,CameoCom,undefined,undefined
675,419,00:18:E7:F9:AF:1A,CameoCom,undefined,undefined
676,420,00:18:E7:FD:FE:96,CameoCom,undefined,undefined
677,421,00:18:F8:64:34:98,Cisco-Li,undefined,undefined
678,423,00:18:F8:6C:0A:F3,Cisco-Li,undefined,undefined
679,424,00:18:F8:6D:C3:54,Cisco-Li,undefined,undefined
680,425,00:18:F8:71:F9:51,Cisco-Li,undefined,undefined
681,426,00:18:F8:79:A0:13,Cisco-Li,undefined,undefined
682,427,00:18:F8:7D:0B:16,Cisco-Li,undefined,undefined
683,428,00:18:F8:AC:87:53,Cisco-Li,undefined,undefined
684,429,00:18:F8:B6:82:6D,Cisco-Li,undefined,undefined
685,430,00:18:F8:CA:53:7C,Cisco-Li,undefined,undefined
686,431,00:18:F8:E0:1E:7E,Cisco-Li,undefined,undefined
687,432,00:18:F8:EE:43:0A,Cisco-Li,undefined,undefined
688,433,00:18:F8:F3:54:3A,Cisco-Li,undefined,undefined
689,434,00:19:07:58:C3:63,Cisco,undefined,undefined
690,435,00:19:07:8D:D8:C2,Cisco,undefined,undefined
691,437,00:19:5B:26:59:A2,D-Link,undefined,undefined
692,438,00:19:5B:58:0D:11,D-Link,undefined,undefined
693,439,00:19:5E:B6:53:28,ArrisGro,undefined,undefined
694,441,00:19:92:08:19:C1,Adtran,undefined,undefined
695,442,00:19:92:08:19:C2,Adtran,undefined,undefined
696,445,00:19:9D:4C:32:7D,Vizio,undefined,undefined
697,446,00:19:9D:4C:FF:19,Vizio,undefined,undefined
698,450,00:19:AA:26:37:90,Cisco,undefined,undefined
699,451,00:19:AA:26:37:91,Cisco,undefined,undefined
700,452,00:19:AA:26:52:80,Cisco,undefined,undefined
701,453,00:19:E3:33:A6:EA,Apple,undefined,undefined
702,454,00:16:CB:C2:F8:97,Apple,undefined,undefined
703,454,00:19:E3:FA:B6:10,Apple,undefined,undefined
704,454,F8:2F:A8:CA:1F:EB,HonHaiPr,undefined,undefined
705,455,00:19:E3:FB:5E:FB,Apple,undefined,undefined
706,456,00:19:E4:0C:A3:81,2wire,undefined,undefined
707,457,00:19:E4:33:B3:71,2wire,undefined,undefined
708,458,00:19:E4:9F:34:69,2wire,undefined,undefined
709,459,00:19:E4:B2:0C:D1,2wire,undefined,undefined
710,461,00:1A:1E:61:56:02,ArubaNet,undefined,undefined
711,461,6C:AD:F8:9B:B2:E7,Azurewav,undefined,undefined
712,461,80:D2:1D:02:8A:6F,Unknown,undefined,undefined
713,463,00:1A:1E:72:53:A0,ArubaNet,undefined,undefined
714,464,00:1A:1E:72:53:A3,ArubaNet,undefined,undefined
715,465,00:1A:1E:72:53:A5,ArubaNet,undefined,undefined
716,466,00:1A:1E:72:53:C0,ArubaNet,undefined,undefined
717,467,00:1A:1E:72:53:C5,ArubaNet,undefined,undefined
718,468,00:1A:1E:72:55:E0,ArubaNet,undefined,undefined
719,468,18:AF:61:94:1F:21,Apple,undefined,undefined
720,468,B0:E8:92:B8:74:FD,SeikoEps,undefined,undefined
721,468,D8:BB:2C:1E:AA:7F,Unknown,undefined,undefined
722,469,00:1A:1E:72:55:E3,ArubaNet,undefined,undefined
723,469,84:A4:66:35:7C:4D,Unknown,undefined,undefined
724,469,B0:E8:92:B8:74:FD,SeikoEps,ARP,10.15.10.106
725,470,00:1A:1E:72:55:E4,ArubaNet,undefined,undefined
726,471,00:1A:1E:7F:56:80,ArubaNet,undefined,undefined
727,472,00:1A:1E:7F:56:83,ArubaNet,undefined,undefined
728,473,00:1A:1E:7F:56:84,ArubaNet,undefined,undefined
729,474,00:1A:1E:7F:58:63,ArubaNet,undefined,undefined
730,475,00:1A:1E:7F:58:64,ArubaNet,undefined,undefined
731,476,00:1A:1E:7F:58:65,ArubaNet,undefined,undefined
732,477,00:1A:2B:00:DC:31,AyecomTe,undefined,undefined
733,477,00:30:DA:F4:FA:C9,Comtrend,undefined,undefined
734,477,BC:14:85:50:46:F9,Unknown,undefined,undefined
735,478,00:1A:2B:06:4D:A0,AyecomTe,undefined,undefined
736,479,00:1A:2B:84:63:71,AyecomTe,undefined,undefined
737,480,00:1A:2B:93:08:B2,AyecomTe,undefined,undefined
738,481,00:1A:2B:93:1A:FF,AyecomTe,undefined,undefined
739,481,10:AE:60:1E:B8:17,Unknown,undefined,undefined
740,481,38:72:C0:11:16:77,Comtrend,undefined,undefined
741,482,00:1A:2B:93:33:B7,AyecomTe,undefined,undefined
742,483,00:1A:2B:93:37:E3,AyecomTe,undefined,undefined
743,484,00:1A:2B:93:44:92,AyecomTe,undefined,undefined
744,485,00:1A:2B:94:10:F0,AyecomTe,undefined,undefined
745,486,00:1A:2B:95:0C:86,AyecomTe,undefined,undefined
746,487,00:1A:2B:95:0F:49,AyecomTe,undefined,undefined
747,488,00:1A:2B:95:29:2E,AyecomTe,undefined,undefined
748,489,00:1A:2B:95:33:C7,AyecomTe,undefined,undefined
749,490,00:1A:2B:9A:32:D8,AyecomTe,undefined,undefined
750,491,00:1A:30:E5:B0:A0,Cisco,undefined,undefined
751,492,00:1A:30:E5:B0:A2,Cisco,undefined,undefined
752,493,00:1A:30:E5:B0:A3,Cisco,undefined,undefined
753,494,00:16:76:52:0A:BA,IntelCor,undefined,undefined
754,494,00:1A:70:32:C0:A2,Cisco-Li,undefined,undefined
755,495,00:1A:70:41:19:F1,Cisco-Li,undefined,undefined
756,496,00:1A:70:46:3C:45,Cisco-Li,undefined,undefined
757,497,00:1A:70:46:99:EA,Cisco-Li,undefined,undefined
758,498,00:1A:70:50:7E:BF,Cisco-Li,undefined,undefined
759,498,DC:85:DE:BC:5F:B6,Azurewav,undefined,undefined
760,499,00:1A:70:56:B8:8D,Cisco-Li,undefined,undefined
761,500,00:1A:70:56:C0:1F,Cisco-Li,undefined,undefined
762,501,00:1A:70:5B:7C:97,Cisco-Li,undefined,undefined
763,502,00:1A:70:60:09:4B,Cisco-Li,undefined,undefined
764,503,00:1A:70:60:CF:BC,Cisco-Li,undefined,undefined
765,504,00:1A:70:62:E3:3F,Cisco-Li,undefined,undefined
766,505,00:1A:70:65:6E:77,Cisco-Li,undefined,undefined
767,506,00:1A:70:6A:E0:26,Cisco-Li,undefined,undefined
768,507,00:1A:70:7C:22:2D,Cisco-Li,undefined,undefined
769,508,00:1A:70:D6:E1:D4,Cisco-Li,undefined,undefined
770,509,00:1A:70:E3:72:19,Cisco-Li,undefined,undefined
771,510,00:1A:70:EA:09:D2,Cisco-Li,undefined,undefined
772,511,00:1A:70:EA:0A:0E,Cisco-Li,undefined,undefined
773,512,00:1A:70:EA:0B:BE,Cisco-Li,undefined,undefined
774,513,00:1A:70:ED:6B:FA,Cisco-Li,undefined,undefined
775,514,00:1A:70:EE:69:A1,Cisco-Li,undefined,undefined
776,515,00:1A:70:EF:8E:FA,Cisco-Li,undefined,undefined
777,516,00:1A:70:F0:10:C3,Cisco-Li,undefined,undefined
778,517,00:1A:70:F4:AE:E3,Cisco-Li,undefined,undefined
779,518,00:1A:A2:DA:BB:10,Cisco,undefined,undefined
780,519,00:1A:A2:DA:CF:90,Cisco,undefined,undefined
781,520,00:1A:C4:D8:38:E1,2wire,undefined,undefined
782,521,00:1A:C4:EE:EB:69,2wire,undefined,undefined
783,522,00:1A:DD:B6:AF:61,Pepwave,undefined,undefined
784,523,00:1B:11:56:1F:3D,D-Link,undefined,undefined
785,524,00:1B:11:57:7D:E3,D-Link,undefined,undefined
786,525,00:1B:11:69:AB:A5,D-Link,undefined,undefined
787,526,00:1B:11:D7:32:7C,D-Link,undefined,undefined
788,527,00:1B:2F:02:30:3C,Netgear,undefined,undefined
789,528,00:1B:2F:07:3C:26,Netgear,undefined,undefined
790,529,00:1B:2F:4B:AD:96,Netgear,undefined,undefined
791,529,7C:6D:62:75:B2:33,Apple,undefined,undefined
792,530,00:1B:2F:66:5D:04,Netgear,undefined,undefined
793,531,00:1B:2F:6A:95:AA,Netgear,undefined,undefined
794,531,A8:54:B2:74:45:A4,WistronN,undefined,undefined
795,532,00:1B:2F:FA:E2:D8,Netgear,undefined,undefined
796,533,00:1B:53:B9:C5:C0,Cisco,undefined,undefined
797,534,00:1B:63:2B:2A:C3,Apple,undefined,undefined
798,535,00:1B:63:2B:D5:51,Apple,undefined,undefined
799,536,00:1B:63:2C:CE:36,Apple,undefined,undefined
800,536,00:26:08:FD:D6:51,Apple,undefined,undefined
801,536,20:C9:D0:12:E1:B6,Apple,undefined,undefined
802,536,58:B0:35:AC:E9:EC,Apple,undefined,undefined
803,536,88:1F:A1:2B:F9:62,Apple,undefined,undefined
804,536,E8:06:88:CF:F9:F3,Apple,undefined,undefined
805,538,00:1C:10:07:63:F6,Cisco-Li,undefined,undefined
806,539,00:1C:10:0C:3A:CD,Cisco-Li,undefined,undefined
807,540,00:08:54:70:43:BC,Netronix,undefined,undefined
808,540,00:1C:10:1D:95:5C,Cisco-Li,undefined,undefined
809,540,E0:3F:49:46:D3:7E,Unknown,undefined,undefined
810,541,00:1C:10:2C:B7:39,Cisco-Li,undefined,undefined
811,543,00:1C:10:47:5F:74,Cisco-Li,undefined,undefined
812,544,00:1C:10:47:7B:76,Cisco-Li,undefined,undefined
813,545,00:1C:10:49:A1:AB,Cisco-Li,undefined,undefined
814,546,00:1C:10:49:A1:BA,Cisco-Li,undefined,undefined
815,547,00:1C:10:49:A3:DC,Cisco-Li,undefined,undefined
816,548,00:1C:10:4E:9F:BB,Cisco-Li,undefined,undefined
817,549,00:1C:10:4E:AA:D4,Cisco-Li,undefined,undefined
818,550,00:1C:10:4F:76:2F,Cisco-Li,undefined,undefined
819,551,00:1C:10:53:80:9D,Cisco-Li,undefined,undefined
820,552,00:1C:10:8D:DC:A7,Cisco-Li,undefined,undefined
821,553,00:1C:10:95:99:4B,Cisco-Li,undefined,undefined
822,553,1C:3E:84:B3:06:21,HonHaiPr,undefined,undefined
823,554,00:1C:10:96:04:6D,Cisco-Li,undefined,undefined
824,555,00:1C:10:99:70:AE,Cisco-Li,undefined,undefined
825,556,00:1C:10:9A:FF:8A,Cisco-Li,undefined,undefined
826,557,00:1C:10:9F:EF:A8,Cisco-Li,undefined,undefined
827,558,00:1C:10:AE:C3:E2,Cisco-Li,undefined,undefined
828,559,00:1C:10:B7:4D:DC,Cisco-Li,undefined,undefined
829,560,00:1C:10:B8:16:58,Cisco-Li,undefined,undefined
830,561,00:1C:10:BC:9E:28,Cisco-Li,undefined,undefined
831,561,F0:4F:7C:39:6C:4C,Private,undefined,undefined
832,563,00:1C:DF:17:AF:EA,BelkinIn,undefined,undefined
833,563,00:BB:3A:CC:1F:F4,Private,undefined,undefined
834,563,60:02:B4:F0:A3:9E,WistronN,undefined,undefined
835,564,00:1C:DF:17:D3:42,BelkinIn,undefined,undefined
836,565,00:1C:DF:18:28:CE,BelkinIn,undefined,undefined
837,566,00:1C:DF:18:47:7E,BelkinIn,undefined,undefined
838,567,00:1C:DF:20:15:71,BelkinIn,undefined,undefined
839,568,00:1C:DF:56:77:EB,BelkinIn,undefined,undefined
840,569,00:1C:DF:5E:C3:F9,BelkinIn,undefined,undefined
841,570,00:1C:DF:68:A0:D8,BelkinIn,undefined,undefined
842,571,00:1C:DF:8C:74:5F,BelkinIn,undefined,undefined
843,572,00:1C:DF:AC:43:DF,BelkinIn,undefined,undefined
844,574,00:1C:DF:BF:65:01,BelkinIn,undefined,undefined
845,576,00:1C:DF:F9:BA:D2,BelkinIn,undefined,undefined
846,577,00:1C:F0:55:1E:E1,D-Link,undefined,undefined
847,578,00:1C:F0:EB:4B:E5,D-Link,undefined,undefined
848,578,00:50:8D:BD:8A:76,AbitComp,undefined,undefined
849,579,00:1C:F9:73:F7:E2,Cisco,undefined,undefined
850,580,00:1C:F9:73:F7:E4,Cisco,undefined,undefined
851,581,00:1C:F9:73:FF:02,Cisco,undefined,undefined
852,582,00:1C:F9:73:FF:04,Cisco,undefined,undefined
853,583,00:1D:45:2B:E2:C0,Cisco,undefined,undefined
854,584,00:1D:7E:09:34:47,Cisco-Li,undefined,undefined
855,585,00:1D:7E:24:48:AC,Cisco-Li,undefined,undefined
856,586,00:1D:7E:30:40:FA,Cisco-Li,undefined,undefined
857,586,BC:30:7D:4E:0B:25,Unknown,undefined,undefined
858,587,00:1D:7E:3C:AD:EA,Cisco-Li,undefined,undefined
859,588,00:1D:7E:46:30:56,Cisco-Li,undefined,undefined
860,589,00:1D:7E:4F:9D:37,Cisco-Li,undefined,undefined
861,590,00:1D:7E:54:DE:B3,Cisco-Li,undefined,undefined
862,591,00:1D:7E:5A:D2:7F,Cisco-Li,undefined,undefined
863,592,00:1D:7E:65:FD:48,Cisco-Li,undefined,undefined
864,593,00:1D:7E:66:9C:C9,Cisco-Li,undefined,undefined
865,594,00:1D:7E:96:55:78,Cisco-Li,undefined,undefined
866,594,94:DE:80:13:32:78,Giga-Byt,ARP,192.168.1.5
867,595,00:1D:7E:C4:D3:5E,Cisco-Li,undefined,undefined
868,597,00:1D:7E:C7:49:AB,Cisco-Li,undefined,undefined
869,598,00:1D:7E:C8:07:A4,Cisco-Li,undefined,undefined
870,599,00:1D:7E:C8:8D:49,Cisco-Li,undefined,undefined
871,600,00:1D:7E:C9:A4:8F,Cisco-Li,undefined,undefined
872,601,00:1D:7E:DD:C9:89,Cisco-Li,undefined,undefined
873,601,08:EB:74:E2:87:E7,Humax,undefined,undefined
874,602,00:1D:7E:E1:67:08,Cisco-Li,undefined,undefined
875,603,00:1D:7E:E7:83:9F,Cisco-Li,undefined,undefined
876,604,00:1D:7E:F4:D1:1F,Cisco-Li,undefined,undefined
877,605,00:1D:7E:F5:41:E1,Cisco-Li,undefined,undefined
878,605,00:6B:9E:C3:7D:9A,Vizio,UDP/TCP,192.168.1.103
879,606,00:1D:AA:04:30:84,Draytek,undefined,undefined
880,607,00:1D:AA:2F:B7:30,Draytek,undefined,undefined
881,608,00:1D:AA:2F:B7:31,Draytek,undefined,undefined
882,609,00:1D:AA:C9:5F:88,Draytek,undefined,undefined
883,610,00:1D:E5:8C:51:30,Cisco,undefined,undefined
884,611,00:1D:E5:8C:51:31,Cisco,undefined,undefined
885,612,00:1D:E5:8C:51:32,Cisco,undefined,undefined
886,613,00:1D:E5:8C:51:33,Cisco,undefined,undefined
887,614,00:1D:E5:8C:51:35,Cisco,undefined,undefined
888,615,00:1D:E5:8C:56:90,Cisco,undefined,undefined
889,616,00:1D:E5:8C:56:91,Cisco,undefined,undefined
890,617,00:1D:E5:8C:56:92,Cisco,undefined,undefined
891,618,00:1D:E5:8C:56:93,Cisco,undefined,undefined
892,619,00:1D:E5:8C:56:95,Cisco,undefined,undefined
893,621,00:1E:13:45:4C:E0,Cisco,undefined,undefined
894,622,00:1E:13:84:8A:70,Cisco,undefined,undefined
895,623,00:1E:13:EE:2F:10,Cisco,undefined,undefined
896,624,00:1E:13:EE:2F:11,Cisco,undefined,undefined
897,625,00:1E:13:EE:3C:20,Cisco,undefined,undefined
898,626,00:1E:13:EE:3C:21,Cisco,undefined,undefined
899,627,00:1E:2A:0D:9B:30,Netgear,undefined,undefined
900,628,00:1E:2A:62:E5:4E,Netgear,undefined,undefined
901,629,00:1E:2A:6D:93:9E,Netgear,undefined,undefined
902,630,00:1E:2A:7A:22:F2,Netgear,undefined,undefined
903,633,00:1E:52:78:27:63,Apple,undefined,undefined
904,634,00:1E:58:29:D7:35,D-Link,undefined,undefined
905,635,00:1E:58:2E:22:A3,D-Link,undefined,undefined
906,636,00:1E:58:9B:E2:90,D-Link,undefined,undefined
907,637,00:1E:58:9B:E2:94,D-Link,undefined,undefined
908,637,34:23:BA:B5:59:7B,SamsungE,undefined,undefined
909,638,00:1E:58:FD:E5:C7,D-Link,undefined,undefined
910,638,00:BB:3A:A9:15:20,Private,undefined,undefined
911,639,00:1E:58:FE:47:8B,D-Link,undefined,undefined
912,640,00:1E:7A:19:12:80,Cisco,undefined,undefined
913,642,00:1E:E5:32:58:AC,Cisco-Li,undefined,undefined
914,643,00:1E:E5:35:ED:2E,Cisco-Li,undefined,undefined
915,644,00:1E:E5:42:0C:BC,Cisco-Li,undefined,undefined
916,645,00:1E:E5:47:45:DC,Cisco-Li,undefined,undefined
917,647,00:1E:E5:56:8A:70,Cisco-Li,undefined,undefined
918,648,00:1E:E5:5C:87:29,Cisco-Li,undefined,undefined
919,649,00:1E:E5:5F:C2:52,Cisco-Li,undefined,undefined
920,650,00:1E:E5:6B:DD:C1,Cisco-Li,undefined,undefined
921,651,00:1E:E5:6F:44:2F,Cisco-Li,undefined,undefined
922,652,00:1E:E5:71:06:46,Cisco-Li,undefined,undefined
923,652,20:68:9D:1A:5D:4F,LiteonTe,undefined,undefined
924,653,00:1E:E5:73:A0:EC,Cisco-Li,undefined,undefined
925,654,00:1E:E5:73:E8:0E,Cisco-Li,undefined,undefined
926,655,00:1E:E5:87:37:26,Cisco-Li,undefined,undefined
927,656,00:1E:E5:88:B2:10,Cisco-Li,undefined,undefined
928,657,00:1E:E5:A0:49:E5,Cisco-Li,undefined,undefined
929,658,00:1E:E5:A2:8E:C7,Cisco-Li,undefined,undefined
930,660,00:1E:E5:F2:5C:FF,Cisco-Li,undefined,undefined
931,661,00:1E:F7:75:53:10,Cisco,undefined,undefined
932,662,00:1F:12:58:BF:20,JuniperN,undefined,undefined
933,664,00:1F:33:2E:17:6A,Netgear,undefined,undefined
934,664,10:0D:7F:BE:32:5A,Netgear,undefined,undefined
935,665,00:1F:33:36:E0:64,Netgear,undefined,undefined
936,666,00:1F:33:3E:22:6E,Netgear,undefined,undefined
937,667,00:1F:33:46:DE:5C,Netgear,undefined,undefined
938,668,00:1F:33:BE:F8:EE,Netgear,undefined,undefined
939,670,00:1F:33:D8:B3:C6,Netgear,undefined,undefined
940,671,00:1F:33:DD:7B:70,Netgear,undefined,undefined
941,672,00:1F:33:E4:64:32,Netgear,undefined,undefined
942,673,00:1F:33:E4:D0:0B,Netgear,undefined,undefined
943,673,B8:AC:6F:1D:79:7E,Dell,ARP,10.0.0.21
944,674,00:1F:33:FC:91:AB,Netgear,undefined,undefined
945,677,00:1F:41:3A:9B:58,RuckusWi,undefined,undefined
946,678,00:1F:41:3A:9C:58,RuckusWi,undefined,undefined
947,679,00:1F:41:7A:83:B8,RuckusWi,undefined,undefined
948,680,00:1F:41:7A:98:08,RuckusWi,undefined,undefined
949,681,00:1F:41:7A:9B:58,RuckusWi,undefined,undefined
950,682,00:1F:41:7A:9C:58,RuckusWi,undefined,undefined
951,683,00:1F:41:BA:9B:58,RuckusWi,undefined,undefined
952,684,00:1F:41:BA:9C:58,RuckusWi,undefined,undefined
953,685,00:1F:41:FA:9B:58,RuckusWi,undefined,undefined
954,686,00:1F:41:FA:9C:58,RuckusWi,undefined,undefined
955,687,00:1F:9F:CD:5C:21,ThomsonT,undefined,undefined
956,687,50:CC:F8:9B:76:06,SamsungE,undefined,undefined
957,687,90:A4:DE:DF:51:F0,WistronN,undefined,undefined
958,688,00:1F:B3:6A:B9:A1,2wire,undefined,undefined
959,689,00:1F:B3:E4:65:59,2wire,undefined,undefined
960,691,00:1F:CA:84:27:F2,Cisco,undefined,undefined
961,692,00:1F:CA:CB:9F:33,Cisco,undefined,undefined
962,693,00:1F:CA:CB:9F:36,Cisco,undefined,undefined
963,694,00:1F:F3:C0:0B:ED,Apple,undefined,undefined
964,695,00:1F:F3:FA:07:3B,Apple,undefined,undefined
965,696,00:1F:FB:42:01:EA,GreenPac,undefined,undefined
966,697,00:1F:FB:49:8B:20,GreenPac,undefined,undefined
967,698,00:1F:FB:69:8C:E4,GreenPac,undefined,undefined
968,699,00:1F:FB:7B:23:80,GreenPac,undefined,undefined
969,706,00:20:A6:49:3B:3F,ProximWi,undefined,undefined
970,707,00:20:A6:49:6D:C5,ProximWi,undefined,undefined
971,707,C8:B3:73:00:A8:7F,Cisco-Li,undefined,undefined
972,707,E0:B2:F1:8C:7D:D0,Fn-LinkT,undefined,undefined
973,708,00:20:A6:4F:36:6E,ProximWi,undefined,undefined
974,708,C8:B3:73:00:A8:7F,Cisco-Li,undefined,undefined
975,709,00:20:A6:53:79:2B,ProximWi,undefined,undefined
976,710,00:20:A6:53:7E:3A,ProximWi,undefined,undefined
977,710,C8:B3:73:00:A8:7F,Cisco-Li,undefined,undefined
978,712,00:20:A6:9D:67:6F,ProximWi,undefined,undefined
979,713,00:20:A6:9D:7F:36,ProximWi,undefined,undefined
980,714,00:20:A6:9D:7F:89,ProximWi,undefined,undefined
981,715,00:20:A6:9D:7F:AA,ProximWi,undefined,undefined
982,716,00:20:D8:20:AF:42,NortelNe,undefined,undefined
983,717,00:20:D8:20:AF:44,NortelNe,undefined,undefined
984,718,00:21:00:9C:7D:7F,GemtekTe,undefined,undefined
985,719,00:21:1C:79:59:90,Cisco,undefined,undefined
986,720,00:21:1C:79:59:91,Cisco,undefined,undefined
987,721,00:21:1C:79:59:93,Cisco,undefined,undefined
988,722,00:21:1C:79:59:94,Cisco,undefined,undefined
989,723,00:21:1C:79:5B:C0,Cisco,undefined,undefined
990,724,00:21:1C:79:5B:C1,Cisco,undefined,undefined
991,725,00:21:1C:79:5B:C3,Cisco,undefined,undefined
992,726,00:21:1C:79:5B:C4,Cisco,undefined,undefined
993,727,00:21:1C:79:5E:74,Cisco,undefined,undefined
994,728,00:19:2F:E6:28:D9,Cisco,undefined,undefined
995,728,00:21:29:6E:22:73,Cisco-Li,undefined,undefined
996,729,00:08:54:6D:06:56,Netronix,undefined,undefined
997,729,00:21:29:6F:85:C8,Cisco-Li,undefined,undefined
998,729,00:21:29:6F:85:CC,Cisco-Li,undefined,undefined
999,730,00:21:29:7E:1E:32,Cisco-Li,undefined,undefined
1000,731,00:21:29:83:AB:16,Cisco-Li,undefined,undefined
1001,731,68:17:29:9E:D5:04,IntelCor,undefined,undefined
1002,732,00:21:29:84:57:D5,Cisco-Li,undefined,undefined
1003,733,00:21:29:8F:CB:6B,Cisco-Li,undefined,undefined
1004,734,00:21:29:A5:C5:E8,Cisco-Li,undefined,undefined
1005,735,00:21:29:A5:C7:0F,Cisco-Li,undefined,undefined
1006,735,00:21:29:A5:C7:11,Cisco-Li,undefined,undefined
1007,736,00:21:29:AF:31:66,Cisco-Li,undefined,undefined
1008,737,00:21:29:AF:57:A9,Cisco-Li,undefined,undefined
1009,738,00:21:29:AF:86:44,Cisco-Li,undefined,undefined
1010,739,00:21:29:B2:37:63,Cisco-Li,undefined,undefined
1011,740,00:21:29:C4:09:B9,Cisco-Li,undefined,undefined
1012,741,00:21:29:CB:68:71,Cisco-Li,undefined,undefined
1013,742,00:21:29:CD:05:85,Cisco-Li,undefined,undefined
1014,743,00:21:29:E9:A9:C7,Cisco-Li,undefined,undefined
1015,743,90:B6:86:19:D2:4A,Unknown,undefined,undefined
1016,744,00:21:43:5F:5C:D0,ArrisGro,undefined,undefined
1017,746,00:21:91:EC:83:EB,D-Link,undefined,undefined
1018,746,DC:3A:5E:AE:F4:1B,Roku,UDP/TCP,192.168.0.103
1019,747,00:21:91:F5:E0:B1,D-Link,undefined,undefined
1020,748,00:22:0D:E1:F2:90,Cisco,undefined,undefined
1021,749,00:22:10:85:6C:B0,ArrisGro,undefined,undefined
1022,749,34:4D:F7:54:AF:24,Unknown,undefined,undefined
1023,750,00:22:2D:9C:1F:F9,SmcNetwo,undefined,undefined
1024,751,00:22:2D:C5:22:08,SmcNetwo,undefined,undefined
1025,752,00:22:2D:C5:22:09,SmcNetwo,undefined,undefined
1026,753,00:22:2D:C5:2C:F8,SmcNetwo,undefined,undefined
1027,754,00:22:2D:C5:2C:F9,SmcNetwo,undefined,undefined
1028,755,00:22:2D:CE:41:F1,SmcNetwo,undefined,undefined
1029,756,00:22:3F:02:51:5F,Netgear,undefined,undefined
1030,757,00:22:3F:22:9B:3E,Netgear,undefined,undefined
1031,758,00:22:3F:51:66:E8,Netgear,undefined,undefined
1032,759,00:22:3F:5D:AA:CA,Netgear,undefined,undefined
1033,759,78:45:C4:13:E4:52,Dell,undefined,undefined
1034,759,A8:0C:0D:D5:2A:90,Unknown,undefined,undefined
1035,759,CC:3E:5F:55:3A:73,HewlettP,undefined,undefined
1036,760,00:22:3F:76:AA:C2,Netgear,undefined,undefined
1037,761,00:22:3F:7E:5C:E8,Netgear,undefined,undefined
1038,762,00:22:3F:7F:80:1C,Netgear,undefined,undefined
1039,763,00:22:3F:81:F2:22,Netgear,undefined,undefined
1040,764,00:22:3F:82:04:68,Netgear,undefined,undefined
1041,765,00:22:3F:82:0B:B2,Netgear,undefined,undefined
1042,766,00:22:3F:90:D8:61,Netgear,undefined,undefined
1043,767,00:22:3F:92:4D:2F,Netgear,undefined,undefined
1044,767,CC:6D:A0:15:D3:A1,Roku,undefined,undefined
1045,768,00:22:3F:92:71:7B,Netgear,undefined,undefined
1046,769,00:22:3F:9E:38:68,Netgear,undefined,undefined
1047,770,00:22:3F:A8:CC:CE,Netgear,undefined,undefined
1048,771,00:22:3F:BD:8A:BE,Netgear,undefined,undefined
1049,771,B0:05:94:89:2C:D5,LiteonTe,undefined,undefined
1050,772,00:22:3F:CE:EB:04,Netgear,undefined,undefined
1051,776,00:22:57:13:02:C0,3comEuro,undefined,undefined
1052,779,00:22:6B:42:59:FC,Cisco-Li,undefined,undefined
1053,780,00:22:6B:43:9B:FC,Cisco-Li,undefined,undefined
1054,781,00:22:6B:49:98:06,Cisco-Li,undefined,undefined
1055,782,00:22:6B:5F:2C:DA,Cisco-Li,undefined,undefined
1056,783,00:22:6B:61:D5:8B,Cisco-Li,undefined,undefined
1057,784,00:22:6B:63:36:49,Cisco-Li,undefined,undefined
1058,785,00:22:6B:66:8D:F1,Cisco-Li,undefined,undefined
1059,786,00:22:6B:7D:95:8B,Cisco-Li,undefined,undefined
1060,787,00:22:6B:7E:9F:9C,Cisco-Li,undefined,undefined
1061,787,00:22:6B:7E:9F:9E,Cisco-Li,undefined,undefined
1062,788,00:22:6B:88:86:45,Cisco-Li,undefined,undefined
1063,789,00:22:6B:89:44:92,Cisco-Li,undefined,undefined
1064,790,00:22:6B:8E:C1:27,Cisco-Li,undefined,undefined
1065,791,00:22:6B:8F:6C:52,Cisco-Li,undefined,undefined
1066,792,00:22:6B:97:34:FC,Cisco-Li,undefined,undefined
1067,793,00:22:6B:9A:8E:9F,Cisco-Li,undefined,undefined
1068,794,00:22:75:11:36:E9,BelkinIn,undefined,undefined
1069,795,00:22:75:27:50:29,BelkinIn,undefined,undefined
1070,796,00:22:75:33:1A:CD,BelkinIn,undefined,undefined
1071,796,90:68:C3:98:95:2C,Unknown,undefined,undefined
1072,797,00:22:75:58:A8:30,BelkinIn,undefined,undefined
1073,798,00:22:75:6E:E9:58,BelkinIn,undefined,undefined
1074,799,00:22:75:94:FE:F5,BelkinIn,undefined,undefined
1075,799,C4:73:1E:CD:BF:1F,SamsungE,undefined,undefined
1076,800,00:22:75:97:D6:C7,BelkinIn,undefined,undefined
1077,800,80:D2:1D:42:E6:F6,Unknown,undefined,undefined
1078,802,00:22:75:A7:6B:A2,BelkinIn,undefined,undefined
1079,803,00:22:75:BF:5E:71,BelkinIn,undefined,undefined
1080,804,00:22:75:C7:57:2E,BelkinIn,undefined,undefined
1081,805,00:22:75:CB:2E:DF,BelkinIn,undefined,undefined
1082,806,00:22:75:CD:9D:E8,BelkinIn,undefined,undefined
1083,807,00:22:75:CE:31:16,BelkinIn,undefined,undefined
1084,808,00:22:75:D6:5D:E4,BelkinIn,undefined,undefined
1085,809,00:22:75:E7:E0:61,BelkinIn,undefined,undefined
1086,810,00:22:75:EC:8E:61,BelkinIn,undefined,undefined
1087,811,00:22:75:F1:E1:F9,BelkinIn,undefined,undefined
1088,812,00:22:7F:02:10:48,RuckusWi,undefined,undefined
1089,813,00:22:7F:02:10:98,RuckusWi,undefined,undefined
1090,814,00:22:7F:02:12:18,RuckusWi,undefined,undefined
1091,815,00:04:80:F0:76:99,BrocadeC,undefined,undefined
1092,815,00:0C:29:66:CA:AC,Vmware,undefined,undefined
1093,815,00:0C:29:90:74:BD,Vmware,undefined,undefined
1094,815,00:22:7F:02:12:E8,RuckusWi,undefined,undefined
1095,815,74:46:A0:5D:EC:3F,HewlettP,undefined,undefined
1096,816,00:22:7F:02:13:A8,RuckusWi,undefined,undefined
1097,817,00:22:7F:42:10:98,RuckusWi,undefined,undefined
1098,818,00:22:7F:42:12:18,RuckusWi,undefined,undefined
1099,819,00:22:7F:42:12:E8,RuckusWi,undefined,undefined
1100,820,00:22:7F:42:13:A8,RuckusWi,undefined,undefined
1101,821,00:22:7F:82:10:98,RuckusWi,undefined,undefined
1102,822,00:22:7F:82:12:18,RuckusWi,undefined,undefined
1103,823,00:22:7F:82:12:E8,RuckusWi,undefined,undefined
1104,824,00:22:7F:82:13:A8,RuckusWi,undefined,undefined
1105,825,00:22:7F:C2:10:98,RuckusWi,undefined,undefined
1106,826,00:22:7F:C2:12:18,RuckusWi,undefined,undefined
1107,827,00:22:7F:C2:12:E8,RuckusWi,undefined,undefined
1108,828,00:22:7F:C2:13:A8,RuckusWi,undefined,undefined
1109,829,00:22:A4:66:25:69,2wire,undefined,undefined
1110,829,30:D6:C9:08:0B:3B,SamsungE,undefined,undefined
1111,830,00:22:B0:B8:86:87,D-Link,undefined,undefined
1112,831,00:23:04:5A:86:70,Cisco,undefined,undefined
1113,832,00:23:04:89:4B:80,Cisco,undefined,undefined
1114,833,00:23:12:F8:56:B9,Apple,undefined,undefined
1115,834,00:23:28:06:2B:1C,AlconTel,undefined,undefined
1116,838,00:23:51:43:41:61,2wire,undefined,undefined
1117,839,00:23:51:4E:32:91,2wire,undefined,undefined
1118,840,00:1B:2F:2D:F3:EA,Netgear,undefined,undefined
1119,840,00:23:51:94:91:59,2wire,undefined,undefined
1120,840,70:3E:AC:19:A5:48,Unknown,undefined,undefined
1121,840,A4:C0:E1:0B:CD:9B,Nintendo,undefined,undefined
1122,841,00:23:54:DB:2A:D0,AsustekC,undefined,undefined
1123,842,00:23:68:54:26:98,Motorola,undefined,undefined
1124,843,00:23:68:54:26:99,Motorola,undefined,undefined
1125,843,50:57:A8:B3:C5:F9,Cisco,undefined,undefined
1126,844,00:23:68:54:26:9A,Motorola,undefined,undefined
1127,845,00:23:68:54:26:9B,Motorola,undefined,undefined
1128,845,50:57:A8:B3:C5:F9,Cisco,undefined,undefined
1129,847,00:23:68:97:83:11,Motorola,undefined,undefined
1130,848,00:23:69:01:0A:BD,Cisco-Li,undefined,undefined
1131,849,00:23:69:20:BA:95,Cisco-Li,undefined,undefined
1132,850,00:23:69:31:00:76,Cisco-Li,undefined,undefined
1133,851,00:23:69:31:28:90,Cisco-Li,undefined,undefined
1134,852,00:23:69:3C:55:84,Cisco-Li,undefined,undefined
1135,852,00:23:69:3C:55:86,Cisco-Li,undefined,undefined
1136,852,60:02:B4:A5:06:E9,WistronN,undefined,undefined
1137,852,B0:65:BD:74:C3:B9,Apple,undefined,undefined
1138,853,00:23:69:4A:EE:BA,Cisco-Li,undefined,undefined
1139,854,00:23:69:4B:E7:B6,Cisco-Li,undefined,undefined
1140,855,00:23:69:52:3F:55,Cisco-Li,undefined,undefined
1141,856,00:23:69:5A:34:81,Cisco-Li,undefined,undefined
1142,857,00:23:69:5B:DC:5A,Cisco-Li,undefined,undefined
1143,858,00:23:69:5E:6D:DD,Cisco-Li,undefined,undefined
1144,859,00:23:69:60:2A:4D,Cisco-Li,undefined,undefined
1145,859,C0:64:C6:DF:24:38,Unknown,undefined,undefined
1146,860,00:23:69:62:F8:CA,Cisco-Li,undefined,undefined
1147,861,00:23:69:75:17:F1,Cisco-Li,undefined,undefined
1148,862,00:23:69:82:9F:FF,Cisco-Li,undefined,undefined
1149,863,00:23:69:84:5B:06,Cisco-Li,undefined,undefined
1150,864,00:23:69:86:FD:E9,Cisco-Li,undefined,undefined
1151,865,00:23:69:8D:BD:9D,Cisco-Li,undefined,undefined
1152,866,00:23:69:A9:3A:D8,Cisco-Li,undefined,undefined
1153,867,00:23:69:B6:55:10,Cisco-Li,undefined,undefined
1154,868,00:23:69:BA:39:B2,Cisco-Li,undefined,undefined
1155,869,00:23:69:BA:B3:E6,Cisco-Li,undefined,undefined
1156,869,14:49:E0:5A:82:25,SamsungE,undefined,undefined
1157,870,00:23:69:CE:E8:8E,Cisco-Li,undefined,undefined
1158,871,00:23:69:DD:D1:77,Cisco-Li,undefined,undefined
1159,871,84:38:38:04:62:7D,Unknown,undefined,undefined
1160,872,00:23:69:E8:38:F1,Cisco-Li,undefined,undefined
1161,873,00:23:69:F5:47:90,Cisco-Li,undefined,undefined
1162,873,00:23:69:F5:47:92,Cisco-Li,undefined,undefined
1163,874,00:23:69:FF:B4:5B,Cisco-Li,undefined,undefined
1164,876,00:08:89:41:26:F4,Echostar,undefined,undefined
1165,876,00:23:97:92:69:46,WestellT,undefined,undefined
1166,877,00:23:97:D6:25:72,WestellT,undefined,undefined
1167,878,00:23:97:DD:E6:44,WestellT,undefined,undefined
1168,879,00:23:97:F7:1B:44,WestellT,undefined,undefined
1169,882,00:23:EB:65:2C:10,Cisco,undefined,undefined
1170,883,00:23:EB:65:2C:11,Cisco,undefined,undefined
1171,884,00:23:EB:65:2C:12,Cisco,undefined,undefined
1172,885,00:23:EB:65:3A:40,Cisco,undefined,undefined
1173,886,00:23:EB:65:3A:41,Cisco,undefined,undefined
1174,887,00:23:EB:65:3A:42,Cisco,undefined,undefined
1175,888,00:23:EB:65:3E:A0,Cisco,undefined,undefined
1176,889,00:23:EB:65:3E:A1,Cisco,undefined,undefined
1177,890,00:23:EB:65:3E:A2,Cisco,undefined,undefined
1178,891,00:23:EB:B6:FE:E0,Cisco,undefined,undefined
1179,892,00:23:EB:B6:FE:E1,Cisco,undefined,undefined
1180,893,00:23:EB:B6:FE:E2,Cisco,undefined,undefined
1181,894,00:23:EB:B7:38:10,Cisco,undefined,undefined
1182,895,00:23:EB:B7:38:11,Cisco,undefined,undefined
1183,896,00:23:EB:B7:38:12,Cisco,undefined,undefined
1184,897,00:23:EB:B7:3B:A0,Cisco,undefined,undefined
1185,898,00:23:EB:B7:3B:A2,Cisco,undefined,undefined
1186,899,00:23:EB:B7:3C:C1,Cisco,undefined,undefined
1187,900,00:23:EB:B7:3C:C2,Cisco,undefined,undefined
1188,901,00:23:EB:B7:3F:E0,Cisco,undefined,undefined
1189,902,00:23:EB:B7:3F:E1,Cisco,undefined,undefined
1190,903,00:23:EB:B7:3F:E2,Cisco,undefined,undefined
1191,904,00:23:EB:B7:40:00,Cisco,undefined,undefined
1192,905,00:23:EB:B7:40:01,Cisco,undefined,undefined
1193,906,00:23:EB:DD:7D:D0,Cisco,undefined,undefined
1194,907,00:23:EB:DD:7D:D1,Cisco,undefined,undefined
1195,908,00:23:EB:DD:7D:D2,Cisco,undefined,undefined
1196,909,00:23:EB:E4:3D:01,Cisco,undefined,undefined
1197,910,00:23:EB:E4:3D:08,Cisco,undefined,undefined
1198,911,00:23:F8:31:02:C0,ZyxelCom,undefined,undefined
1199,912,00:24:01:72:59:15,D-Link,undefined,undefined
1200,913,00:24:01:79:0C:5B,D-Link,undefined,undefined
1201,914,00:24:01:79:1C:CD,D-Link,undefined,undefined
1202,914,30:10:E4:6A:66:F3,Apple,undefined,undefined
1203,914,E0:3F:49:29:57:18,Unknown,undefined,undefined
1204,915,00:24:01:79:4B:71,D-Link,undefined,undefined
1205,916,00:24:01:79:56:35,D-Link,undefined,undefined
1206,916,1C:99:4C:79:BF:84,MurataMa,undefined,undefined
1207,917,00:24:01:7A:D4:BA,D-Link,undefined,undefined
1208,918,00:24:01:D8:4F:57,D-Link,undefined,undefined
1209,919,00:24:01:D8:6C:9B,D-Link,undefined,undefined
1210,920,00:24:01:D8:8F:6D,D-Link,undefined,undefined
1211,921,00:24:01:DD:DE:45,D-Link,undefined,undefined
1212,922,00:24:01:E0:3F:93,D-Link,undefined,undefined
1213,923,00:24:01:E0:65:35,D-Link,undefined,undefined
1214,924,00:24:01:E2:DC:51,D-Link,undefined,undefined
1215,925,00:24:14:10:E5:50,Cisco,undefined,undefined
1216,926,00:24:14:10:E5:51,Cisco,undefined,undefined
1217,927,00:24:14:10:E5:52,Cisco,undefined,undefined
1218,928,00:24:14:10:E5:53,Cisco,undefined,undefined
1219,931,00:24:36:A6:5C:1B,Apple,undefined,undefined
1220,932,00:24:37:A9:97:90,Motorola,undefined,undefined
1221,932,64:B8:53:6F:3F:55,Unknown,undefined,undefined
1222,933,00:24:37:C0:85:80,Motorola,undefined,undefined
1223,934,00:24:6C:04:83:B2,ArubaNet,undefined,undefined
1224,935,00:24:6C:04:CE:94,ArubaNet,undefined,undefined
1225,936,00:24:6C:58:0B:80,ArubaNet,undefined,undefined
1226,937,00:24:6C:58:0B:81,ArubaNet,undefined,undefined
1227,938,00:24:6C:58:0B:82,ArubaNet,undefined,undefined
1228,939,00:24:6C:65:56:40,ArubaNet,undefined,undefined
1229,940,00:24:6C:65:56:43,ArubaNet,undefined,undefined
1230,941,00:24:6C:65:63:63,ArubaNet,undefined,undefined
1231,941,00:6B:9E:D9:39:5C,Vizio,undefined,undefined
1232,941,80:D2:1D:47:83:B5,Unknown,undefined,undefined
1233,941,D0:E7:82:BC:14:A7,Azurewav,undefined,undefined
1234,942,00:24:6C:65:63:65,ArubaNet,undefined,undefined
1235,943,00:24:6C:65:64:63,ArubaNet,undefined,undefined
1236,944,00:24:6C:65:75:00,ArubaNet,undefined,undefined
1237,945,00:24:6C:65:75:03,ArubaNet,undefined,undefined
1238,946,00:24:6C:65:75:04,ArubaNet,undefined,undefined
1239,947,00:24:6C:72:50:00,ArubaNet,undefined,undefined
1240,948,00:24:6C:72:50:03,ArubaNet,undefined,undefined
1241,949,00:24:6C:72:50:04,ArubaNet,undefined,undefined
1242,950,00:24:6C:72:50:05,ArubaNet,undefined,undefined
1243,951,00:24:6C:72:54:20,ArubaNet,undefined,undefined
1244,952,00:24:6C:72:54:23,ArubaNet,undefined,undefined
1245,953,00:24:6C:72:54:24,ArubaNet,undefined,undefined
1246,954,00:24:6C:72:5B:65,ArubaNet,undefined,undefined
1247,955,00:24:6C:72:5B:E4,ArubaNet,undefined,undefined
1248,956,00:24:6C:72:5B:E5,ArubaNet,undefined,undefined
1249,957,00:24:6C:72:5C:80,ArubaNet,undefined,undefined
1250,958,00:24:6C:72:5C:83,ArubaNet,undefined,undefined
1251,959,00:24:6C:72:5C:C0,ArubaNet,undefined,undefined
1252,960,00:24:6C:72:5C:C3,ArubaNet,undefined,undefined
1253,960,60:FE:C5:9C:5E:04,Apple,undefined,undefined
1254,960,6C:AD:F8:29:0D:9C,Azurewav,undefined,undefined
1255,960,6C:AD:F8:77:40:AE,Azurewav,undefined,undefined
1256,960,80:D2:1D:02:8A:6F,Unknown,undefined,undefined
1257,960,80:D2:1D:1B:BC:36,Unknown,undefined,undefined
1258,960,A4:17:31:36:47:A3,HonHaiPr,undefined,undefined
1259,960,D0:E7:82:D5:8A:9E,Azurewav,undefined,undefined
1260,961,00:24:6C:72:5C:C4,ArubaNet,undefined,undefined
1261,962,00:24:6C:72:5C:C5,ArubaNet,undefined,undefined
1262,963,00:24:6C:72:5C:E0,ArubaNet,undefined,undefined
1263,964,00:24:6C:72:5C:E3,ArubaNet,undefined,undefined
1264,965,00:24:6C:72:5C:E4,ArubaNet,undefined,undefined
1265,966,00:24:6C:72:5C:E5,ArubaNet,undefined,undefined
1266,967,00:24:6C:72:5D:04,ArubaNet,undefined,undefined
1267,968,00:24:6C:72:5E:40,ArubaNet,undefined,undefined
1268,969,00:24:6C:72:5E:43,ArubaNet,undefined,undefined
1269,970,00:24:6C:72:5E:44,ArubaNet,undefined,undefined
1270,971,00:24:6C:72:5E:83,ArubaNet,undefined,undefined
1271,972,00:24:6C:72:5E:85,ArubaNet,undefined,undefined
1272,973,00:24:6C:72:5E:E0,ArubaNet,undefined,undefined
1273,974,00:24:6C:72:5E:E3,ArubaNet,undefined,undefined
1274,975,00:24:6C:72:5E:E4,ArubaNet,undefined,undefined
1275,976,00:24:6C:72:5E:E5,ArubaNet,undefined,undefined
1276,977,00:24:6C:72:5F:23,ArubaNet,undefined,undefined
1277,978,00:24:6C:72:5F:80,ArubaNet,undefined,undefined
1278,979,00:24:6C:72:5F:83,ArubaNet,undefined,undefined
1279,980,00:24:6C:72:5F:84,ArubaNet,undefined,undefined
1280,981,00:24:6C:72:5F:85,ArubaNet,undefined,undefined
1281,982,00:24:6C:72:61:23,ArubaNet,undefined,undefined
1282,983,00:24:6C:72:62:C0,ArubaNet,undefined,undefined
1283,984,00:24:6C:72:62:C3,ArubaNet,undefined,undefined
1284,985,00:24:6C:72:62:C4,ArubaNet,undefined,undefined
1285,986,00:24:6C:72:62:C5,ArubaNet,undefined,undefined
1286,987,00:24:6C:72:63:00,ArubaNet,undefined,undefined
1287,988,00:24:6C:72:63:03,ArubaNet,undefined,undefined
1288,989,00:24:6C:72:63:04,ArubaNet,undefined,undefined
1289,990,00:24:6C:72:63:05,ArubaNet,undefined,undefined
1290,991,00:24:6C:72:63:63,ArubaNet,undefined,undefined
1291,992,00:24:6C:72:63:64,ArubaNet,undefined,undefined
1292,993,00:24:6C:72:63:65,ArubaNet,undefined,undefined
1293,994,00:24:6C:73:6E:80,ArubaNet,undefined,undefined
1294,995,00:24:6C:73:6E:81,ArubaNet,undefined,undefined
1295,996,00:19:E2:B4:89:20,JuniperN,undefined,undefined
1296,996,00:24:6C:73:87:20,ArubaNet,undefined,undefined
1297,996,3C:15:C2:C2:6E:A8,Unknown,undefined,undefined
1298,996,5C:97:F3:08:E7:98,Unknown,undefined,undefined
1299,996,68:9C:70:A2:D3:98,Apple,undefined,undefined
1300,997,00:24:6C:73:87:21,ArubaNet,undefined,undefined
1301,998,00:19:E2:B4:89:20,JuniperN,UDP/TCP,10.15.12.203
1302,998,00:24:6C:73:87:23,ArubaNet,undefined,undefined
1303,998,18:0C:AC:C8:C7:64,Canon,undefined,undefined
1304,998,84:A4:66:35:7C:4D,Unknown,undefined,undefined
1305,999,00:24:6C:73:87:24,ArubaNet,undefined,undefined
1306,1000,00:0F:12:01:15:4A,Panasoni,undefined,undefined
1307,1000,00:24:6C:7E:E1:60,ArubaNet,undefined,undefined
1308,1000,8C:58:77:E4:65:D0,Apple,undefined,undefined
1309,1001,00:24:6C:7E:E1:61,ArubaNet,undefined,undefined
1310,1002,00:24:6C:7E:E1:62,ArubaNet,undefined,undefined
1311,1003,00:24:6C:7E:E1:63,ArubaNet,undefined,undefined
1312,1004,00:24:6C:7E:E3:40,ArubaNet,undefined,undefined
1313,1005,00:24:6C:7E:E3:43,ArubaNet,undefined,undefined
1314,1006,00:24:6C:7E:E3:44,ArubaNet,undefined,undefined
1315,1007,00:24:6C:7E:E3:45,ArubaNet,undefined,undefined
1316,1008,00:24:6C:7E:E4:40,ArubaNet,undefined,undefined
1317,1009,00:24:6C:7E:E4:43,ArubaNet,undefined,undefined
1318,1010,00:24:6C:96:62:10,ArubaNet,undefined,undefined
1319,1010,00:24:6C:C1:66:21,ArubaNet,UDP/TCP,10.45.250.207
1320,1010,10:A5:D0:E9:06:02,Unknown,UDP/TCP,10.45.250.207
1321,1010,84:38:38:C9:31:98,Unknown,undefined,undefined
1322,1010,F8:1E:DF:DD:5E:24,Apple,undefined,undefined
1323,1011,00:24:6C:96:62:11,ArubaNet,undefined,undefined
1324,1012,00:24:6C:A9:50:93,ArubaNet,undefined,undefined
1325,1013,00:24:6C:A9:50:94,ArubaNet,undefined,undefined
1326,1014,00:24:6C:A9:50:C0,ArubaNet,undefined,undefined
1327,1014,54:35:30:8D:7C:19,Unknown,undefined,undefined
1328,1015,00:24:6C:BA:01:63,ArubaNet,undefined,undefined
1329,1016,00:24:6C:BE:C1:80,ArubaNet,undefined,undefined
1330,1017,00:24:6C:BE:C1:83,ArubaNet,undefined,undefined
1331,1018,00:24:6C:BE:C1:84,ArubaNet,undefined,undefined
1332,1019,00:24:6C:D1:C8:E0,ArubaNet,undefined,undefined
1333,1020,00:24:6C:D1:C8:E3,ArubaNet,undefined,undefined
1334,1021,00:24:6C:D1:C8:E4,ArubaNet,undefined,undefined
1335,1022,00:24:6C:D1:C8:E5,ArubaNet,undefined,undefined
1336,1023,00:24:6C:D1:CC:C0,ArubaNet,undefined,undefined
1337,1023,78:FD:94:DE:91:43,Unknown,undefined,undefined
1338,1024,00:24:6C:D1:CC:C3,ArubaNet,undefined,undefined
1339,1025,00:24:6C:D1:CC:C4,ArubaNet,undefined,undefined
1340,1026,00:24:6C:D1:CC:C5,ArubaNet,undefined,undefined
1341,1027,00:24:6C:D1:D0:03,ArubaNet,undefined,undefined
1342,1028,00:24:6C:D3:D7:C4,ArubaNet,undefined,undefined
1343,1029,00:24:6C:E2:E9:40,ArubaNet,undefined,undefined
1344,1029,FC:C2:DE:8D:B5:05,Unknown,undefined,undefined
1345,1030,00:22:4C:D4:76:1B,Nintendo,ARP,10.15.10.43
1346,1030,00:24:6C:E2:E9:43,ArubaNet,undefined,undefined
1347,1030,60:67:20:21:54:44,IntelCor,undefined,undefined
1348,1031,00:24:6C:E2:E9:44,ArubaNet,undefined,undefined
1349,1032,00:24:6C:E2:E9:45,ArubaNet,undefined,undefined
1350,1033,00:24:8C:0F:2E:48,AsustekC,undefined,undefined
1351,1033,70:F1:A1:6B:1D:EA,LiteonTe,undefined,undefined
1352,1034,00:08:9B:C2:FA:6D,IcpElect,undefined,undefined
1353,1034,00:24:93:18:DE:F0,ArrisGro,undefined,undefined
1354,1035,00:24:93:31:E5:70,ArrisGro,undefined,undefined
1355,1036,00:24:97:17:F2:80,Cisco,undefined,undefined
1356,1037,00:24:97:17:F2:81,Cisco,undefined,undefined
1357,1038,00:24:97:17:F2:82,Cisco,undefined,undefined
1358,1038,00:90:FB:37:90:B2,Portwell,UDP/TCP,192.168.6.70
1359,1038,D0:A6:37:72:0B:4E,Unknown,undefined,undefined
1360,1039,00:24:97:17:F2:83,Cisco,undefined,undefined
1361,1040,00:24:A0:6F:99:78,ArrisGro,undefined,undefined
1362,1041,00:24:A5:F5:2C:A1,Buffalo,undefined,undefined
1363,1042,00:24:B2:02:39:FA,Netgear,undefined,undefined
1364,1042,34:BB:26:48:1D:F4,Unknown,undefined,undefined
1365,1043,00:24:B2:0B:94:22,Netgear,undefined,undefined
1366,1044,00:24:B2:0D:79:7E,Netgear,undefined,undefined
1367,1045,00:24:B2:15:0C:02,Netgear,undefined,undefined
1368,1046,00:24:B2:15:71:A0,Netgear,undefined,undefined
1369,1047,00:24:B2:16:95:0A,Netgear,undefined,undefined
1370,1048,00:24:B2:2D:48:D0,Netgear,undefined,undefined
1371,1049,00:09:0F:7D:80:02,Fortinet,ARP,192.168.150.254
1372,1049,00:24:B2:37:91:4E,Netgear,undefined,undefined
1373,1049,18:F6:43:06:88:DA,Unknown,UDP/TCP,192.168.150.128
1374,1049,5C:95:AE:6B:89:33,Apple,undefined,undefined
1375,1049,78:FD:94:0C:0F:E6,Unknown,undefined,undefined
1376,1049,F0:25:B7:63:ED:0E,Unknown,UDP/TCP,192.168.150.127
1377,1049,FC:C2:DE:69:DE:E3,Unknown,undefined,undefined
1378,1050,00:24:B2:37:EF:ED,Netgear,undefined,undefined
1379,1050,20:CF:30:F1:7C:22,AsustekC,undefined,undefined
1380,1050,F4:7B:5E:C4:E3:A0,SamsungE,ARP,192.168.1.102
1381,1051,00:24:B2:4C:0E:12,Netgear,undefined,undefined
1382,1052,00:24:B2:55:2A:C9,Netgear,undefined,undefined
1383,1053,00:24:B2:58:E9:19,Netgear,undefined,undefined
1384,1054,00:24:B2:5E:B7:65,Netgear,undefined,undefined
1385,1055,00:24:B2:70:53:04,Netgear,undefined,undefined
1386,1056,00:24:B2:7A:BE:EA,Netgear,undefined,undefined
1387,1056,BC:30:5B:D6:24:E4,Dell,undefined,undefined
1388,1057,00:24:B2:81:C7:30,Netgear,undefined,undefined
1389,1058,00:24:B2:89:12:F9,Netgear,undefined,undefined
1390,1059,00:24:B2:B6:50:B5,Netgear,undefined,undefined
1391,1059,64:9A:BE:AD:7E:AC,Unknown,undefined,undefined
1392,1060,00:24:B2:B7:26:E4,Netgear,undefined,undefined
1393,1060,FC:C2:DE:EA:6F:A8,Unknown,undefined,undefined
1394,1061,00:24:B2:B8:66:D6,Netgear,undefined,undefined
1395,1061,44:94:FC:A6:2D:C4,Netgear,undefined,undefined
1396,1062,00:24:B2:C0:74:64,Netgear,undefined,undefined
1397,1063,00:24:B2:C9:08:F4,Netgear,undefined,undefined
1398,1070,00:25:3C:CF:16:C9,2wire,undefined,undefined
1399,1071,00:25:84:24:98:90,Cisco,undefined,undefined
1400,1072,00:25:84:24:98:91,Cisco,undefined,undefined
1401,1073,00:25:84:24:98:92,Cisco,undefined,undefined
1402,1074,00:25:84:24:98:93,Cisco,undefined,undefined
1403,1075,00:25:84:24:98:94,Cisco,undefined,undefined
1404,1076,00:25:84:24:99:C0,Cisco,undefined,undefined
1405,1077,00:25:84:24:99:C1,Cisco,undefined,undefined
1406,1078,00:25:84:24:99:C2,Cisco,undefined,undefined
1407,1079,00:25:84:24:99:C3,Cisco,undefined,undefined
1408,1080,00:25:84:24:99:C4,Cisco,undefined,undefined
1409,1081,00:25:86:DF:10:D2,Tp-LinkT,undefined,undefined
1410,1082,00:25:9C:14:07:47,Cisco-Li,UDP/TCP,192.168.3.136
1411,1082,00:25:9C:14:07:49,Cisco-Li,undefined,undefined
1412,1082,78:7E:61:56:22:DA,Unknown,UDP/TCP,192.168.3.136
1413,1083,00:25:9C:15:7D:5C,Cisco-Li,undefined,undefined
1414,1084,00:25:9C:19:73:34,Cisco-Li,undefined,undefined
1415,1085,00:25:9C:1B:37:20,Cisco-Li,undefined,undefined
1416,1086,00:25:9C:25:75:B2,Cisco-Li,undefined,undefined
1417,1087,00:25:9C:28:12:FE,Cisco-Li,undefined,undefined
1418,1088,00:25:9C:28:2A:6E,Cisco-Li,undefined,undefined
1419,1089,00:25:9C:36:85:66,Cisco-Li,undefined,undefined
1420,1089,00:25:9C:36:85:68,Cisco-Li,undefined,undefined
1421,1091,00:25:9C:3E:F7:18,Cisco-Li,undefined,undefined
1422,1092,00:25:9C:4A:AC:09,Cisco-Li,undefined,undefined
1423,1093,00:25:9C:4C:9C:9D,Cisco-Li,undefined,undefined
1424,1094,00:25:9C:4D:AE:9D,Cisco-Li,undefined,undefined
1425,1095,00:25:9C:4F:77:3C,Cisco-Li,undefined,undefined
1426,1096,00:25:9C:54:2C:FD,Cisco-Li,undefined,undefined
1427,1097,00:25:9C:57:84:F8,Cisco-Li,undefined,undefined
1428,1098,00:25:9C:58:CE:51,Cisco-Li,undefined,undefined
1429,1099,00:25:9C:5B:03:E1,Cisco-Li,undefined,undefined
1430,1100,00:25:9C:5B:26:8E,Cisco-Li,undefined,undefined
1431,1100,A0:02:DC:0A:3A:5A,Unknown,undefined,undefined
1432,1101,00:25:9C:5E:2A:5E,Cisco-Li,undefined,undefined
1433,1102,00:25:9C:5E:86:45,Cisco-Li,undefined,undefined
1434,1103,00:25:9C:60:80:45,Cisco-Li,undefined,undefined
1435,1104,00:25:9C:66:23:1D,Cisco-Li,undefined,undefined
1436,1106,00:25:9C:A1:8F:AF,Cisco-Li,undefined,undefined
1437,1107,00:25:9C:AD:42:EC,Cisco-Li,undefined,undefined
1438,1108,00:25:9C:AD:70:F4,Cisco-Li,undefined,undefined
1439,1109,00:25:9C:B0:23:27,Cisco-Li,undefined,undefined
1440,1110,00:25:9C:B6:37:77,Cisco-Li,undefined,undefined
1441,1111,00:25:9C:BB:1B:D6,Cisco-Li,undefined,undefined
1442,1112,00:25:9C:C1:6F:DD,Cisco-Li,undefined,undefined
1443,1113,00:19:9D:DE:8A:A8,Vizio,undefined,undefined
1444,1113,00:25:9C:C3:D2:C0,Cisco-Li,undefined,undefined
1445,1113,00:25:9C:C3:D2:C2,Cisco-Li,undefined,undefined
1446,1113,8C:18:D9:1E:86:BA,Unknown,undefined,undefined
1447,1114,00:25:9C:C9:88:A6,Cisco-Li,undefined,undefined
1448,1115,00:25:9C:CE:8F:24,Cisco-Li,UDP/TCP,192.168.1.141
1449,1115,00:25:9C:CE:8F:26,Cisco-Li,undefined,undefined
1450,1116,00:25:9C:D4:07:60,Cisco-Li,undefined,undefined
1451,1116,F4:09:D8:9F:95:B4,Unknown,undefined,undefined
1452,1117,00:25:9C:D4:07:90,Cisco-Li,undefined,undefined
1453,1118,00:25:9C:D4:A8:6D,Cisco-Li,undefined,undefined
1454,1119,00:25:9C:D7:4B:3E,Cisco-Li,undefined,undefined
1455,1120,00:25:9C:E3:9C:88,Cisco-Li,undefined,undefined
1456,1121,00:25:9C:E6:3F:7C,Cisco-Li,undefined,undefined
1457,1126,00:1F:5B:CC:5D:82,Apple,undefined,undefined
1458,1126,00:25:BC:8B:81:E5,Apple,undefined,undefined
1459,1127,00:25:C4:13:A3:A8,RuckusWi,undefined,undefined
1460,1128,00:25:C4:13:A7:68,RuckusWi,undefined,undefined
1461,1129,00:25:C4:53:A3:A8,RuckusWi,undefined,undefined
1462,1130,00:25:C4:53:A7:68,RuckusWi,undefined,undefined
1463,1131,00:25:C4:93:A3:A8,RuckusWi,undefined,undefined
1464,1132,00:25:C4:93:A7:68,RuckusWi,undefined,undefined
1465,1133,00:25:F1:30:68:59,ArrisGro,undefined,undefined
1466,1134,00:25:F1:E8:2E:B1,ArrisGro,undefined,undefined
1467,1135,00:25:F2:6B:85:CB,ArrisGro,undefined,undefined
1468,1136,00:25:F2:6B:88:3D,ArrisGro,undefined,undefined
1469,1137,00:26:0B:C9:96:61,Cisco,undefined,undefined
1470,1138,00:26:0B:C9:96:63,Cisco,undefined,undefined
1471,1139,00:26:0B:C9:96:64,Cisco,undefined,undefined
1472,1140,00:26:18:AA:B2:7E,AsustekC,undefined,undefined
1473,1141,00:26:42:10:2A:00,ArrisGro,undefined,undefined
1474,1142,00:26:42:70:A1:90,ArrisGro,undefined,undefined
1475,1143,00:26:44:27:0E:EB,ThomsonT,undefined,undefined
1476,1144,00:26:44:8D:F8:AB,ThomsonT,undefined,undefined
1477,1148,00:26:5A:0A:BC:E3,D-Link,undefined,undefined
1478,1149,00:26:5A:85:AA:AB,D-Link,undefined,undefined
1479,1150,00:26:5A:C5:1B:C3,D-Link,undefined,undefined
1480,1151,00:26:5A:CD:5F:B5,D-Link,undefined,undefined
1481,1153,00:26:5E:13:90:8C,HonHaiPr,undefined,undefined
1482,1157,00:26:82:ED:20:1F,GemtekTe,undefined,undefined
1483,1158,00:26:82:ED:2F:11,GemtekTe,undefined,undefined
1484,1159,00:26:99:8C:70:40,Cisco,undefined,undefined
1485,1160,00:26:99:8C:70:41,Cisco,undefined,undefined
1486,1161,00:26:99:8C:70:42,Cisco,undefined,undefined
1487,1162,00:26:99:8C:70:44,Cisco,undefined,undefined
1488,1163,00:26:99:8C:70:45,Cisco,undefined,undefined
1489,1164,00:26:99:8C:70:47,Cisco,undefined,undefined
1490,1172,00:26:B0:FD:E3:51,Apple,undefined,undefined
1491,1175,00:26:B4:4C:50:36,FordMoto,undefined,undefined
1492,1177,00:26:B4:70:F2:3A,FordMoto,undefined,undefined
1493,1179,00:26:B8:02:AC:BC,Actionte,undefined,undefined
1494,1180,00:26:B8:02:ED:8C,Actionte,undefined,undefined
1495,1181,00:26:F2:0C:4F:BC,Netgear,undefined,undefined
1496,1183,00:26:F2:23:98:02,Netgear,undefined,undefined
1497,1184,00:26:F2:5E:68:EE,Netgear,undefined,undefined
1498,1185,00:26:F2:5E:85:12,Netgear,undefined,undefined
1499,1186,00:26:F2:5E:CD:D4,Netgear,undefined,undefined
1500,1187,00:26:F2:66:C6:4E,Netgear,undefined,undefined
1501,1188,00:26:F2:66:D6:6A,Netgear,undefined,undefined
1502,1189,00:26:F2:BC:6C:AA,Netgear,undefined,undefined
1503,1190,00:0B:6C:B4:E0:8C,Sychip,undefined,undefined
1504,1190,00:26:F2:BE:5F:92,Netgear,undefined,undefined
1505,1191,00:26:F2:C9:7A:80,Netgear,undefined,undefined
1506,1192,00:26:F2:E1:D1:B6,Netgear,undefined,undefined
1507,1193,00:26:F2:F3:73:38,Netgear,undefined,undefined
1508,1193,B4:F2:E8:ED:1D:79,Pace,undefined,undefined
1509,1194,00:26:F2:F5:DF:F7,Netgear,undefined,undefined
1510,1195,00:26:F2:FE:6B:E6,Netgear,undefined,undefined
1511,1196,00:26:F3:0C:01:5F,SmcNetwo,undefined,undefined
1512,1197,00:26:F3:1A:EE:69,SmcNetwo,undefined,undefined
1513,1198,00:26:F3:B0:F5:C8,SmcNetwo,undefined,undefined
1514,1199,00:26:F3:B4:28:68,SmcNetwo,undefined,undefined
1515,1200,00:26:F3:B4:28:69,SmcNetwo,undefined,undefined
1516,1201,00:26:F3:B5:92:E8,SmcNetwo,undefined,undefined
1517,1202,00:26:F3:B6:62:E8,SmcNetwo,undefined,undefined
1518,1203,00:26:F3:B6:9D:18,SmcNetwo,undefined,undefined
1519,1204,00:26:F3:B6:9D:19,SmcNetwo,undefined,undefined
1520,1205,00:26:F3:B6:CE:98,SmcNetwo,undefined,undefined
1521,1206,00:26:F3:B6:CE:99,SmcNetwo,undefined,undefined
1522,1207,00:26:F3:BD:30:D8,SmcNetwo,undefined,undefined
1523,1208,00:26:F3:BD:69:38,SmcNetwo,undefined,undefined
1524,1208,44:39:C4:45:37:57,Universa,undefined,undefined
1525,1208,F4:81:39:05:8B:B1,Canon,undefined,undefined
1526,1209,00:26:F3:BD:69:39,SmcNetwo,undefined,undefined
1527,1210,00:26:F3:BF:3B:F8,SmcNetwo,undefined,undefined
1528,1211,00:26:F3:BF:3B:F9,SmcNetwo,undefined,undefined
1529,1212,00:26:F3:BF:F9:38,SmcNetwo,undefined,undefined
1530,1213,00:26:F3:BF:F9:39,SmcNetwo,undefined,undefined
1531,1214,00:26:F3:C2:12:28,SmcNetwo,undefined,undefined
1532,1215,00:26:F3:C2:12:29,SmcNetwo,undefined,undefined
1533,1216,00:27:0C:27:81:F0,Cisco,undefined,undefined
1534,1217,00:27:0C:27:81:F1,Cisco,undefined,undefined
1535,1218,00:27:0C:27:81:F2,Cisco,undefined,undefined
1536,1219,00:27:0C:27:81:F4,Cisco,undefined,undefined
1537,1220,00:27:0C:27:81:F5,Cisco,undefined,undefined
1538,1221,00:27:0C:27:81:F7,Cisco,undefined,undefined
1539,1222,00:27:0D:5E:9B:30,Cisco,undefined,undefined
1540,1223,00:27:0D:5E:9B:31,Cisco,undefined,undefined
1541,1224,00:27:0D:5E:9B:32,Cisco,undefined,undefined
1542,1225,00:27:0D:5E:9B:33,Cisco,undefined,undefined
1543,1226,00:27:0D:5E:9B:34,Cisco,undefined,undefined
1544,1227,00:27:0D:8C:CA:A0,Cisco,undefined,undefined
1545,1228,00:27:0D:8C:CA:A1,Cisco,undefined,undefined
1546,1229,00:27:0D:8C:CA:A2,Cisco,undefined,undefined
1547,1230,00:27:22:1A:47:03,Ubiquiti,undefined,undefined
1548,1231,00:27:22:28:8B:0F,Ubiquiti,undefined,undefined
1549,1232,00:27:22:2C:58:1C,Ubiquiti,undefined,undefined
1550,1235,00:27:22:4E:91:14,Ubiquiti,undefined,undefined
1551,1236,00:27:22:86:32:14,Ubiquiti,undefined,undefined
1552,1237,00:27:22:90:A3:D1,Ubiquiti,undefined,undefined
1553,1238,00:27:22:CA:C3:41,Ubiquiti,undefined,undefined
1554,1240,00:27:22:FA:99:C0,Ubiquiti,undefined,undefined
1555,1241,00:21:29:A5:C7:0F,Cisco-Li,undefined,undefined
1556,1241,00:27:22:FE:75:43,Ubiquiti,undefined,undefined
1557,1241,02:0F:B5:5D:A4:C1,Unknown,undefined,undefined
1558,1241,02:0F:B5:9A:39:41,Unknown,undefined,undefined
1559,1241,02:0F:B5:A4:19:D7,Unknown,undefined,undefined
1560,1241,02:0F:B5:D9:D6:A9,Unknown,undefined,undefined
1561,1241,10:0D:7F:8C:A3:C0,Netgear,undefined,undefined
1562,1241,5E:AC:4C:6A:95:A7,Unknown,undefined,undefined
1563,1241,DA:CF:9C:CC:7C:C8,Unknown,undefined,undefined
1564,1242,00:30:44:11:B5:98,Cradlepo,undefined,undefined
1565,1243,00:0E:58:E6:44:3C,Sonos,undefined,undefined
1566,1243,00:30:44:15:43:78,Cradlepo,undefined,undefined
1567,1244,00:30:44:15:E3:EF,Cradlepo,undefined,undefined
1568,1245,00:3A:98:32:96:74,Cisco,undefined,undefined
1569,1246,00:3A:98:32:96:77,Cisco,undefined,undefined
1570,1247,00:3A:98:36:8C:A3,Cisco,undefined,undefined
1571,1248,00:3A:98:5E:EF:D0,Cisco,undefined,undefined
1572,1249,00:3A:98:5E:EF:D2,Cisco,undefined,undefined
1573,1250,00:3A:98:5E:EF:D4,Cisco,undefined,undefined
1574,1251,00:0B:46:75:1C:01,Cisco,undefined,undefined
1575,1251,00:3A:98:74:4D:60,Cisco,undefined,undefined
1576,1252,00:3A:98:74:4D:63,Cisco,undefined,undefined
1577,1253,00:3A:98:74:4D:64,Cisco,undefined,undefined
1578,1254,00:3A:98:B0:BA:E0,Cisco,undefined,undefined
1579,1254,24:E9:B3:F9:85:0E,Unknown,undefined,undefined
1580,1255,00:3A:98:C2:C6:E0,Cisco,undefined,undefined
1581,1256,00:3A:98:C2:C6:E1,Cisco,undefined,undefined
1582,1257,00:3A:98:C2:C6:E2,Cisco,undefined,undefined
1583,1258,00:3A:98:C2:C6:E4,Cisco,undefined,undefined
1584,1259,00:3A:98:C2:C6:E5,Cisco,undefined,undefined
1585,1260,00:3A:98:C2:C6:E7,Cisco,undefined,undefined
1586,1261,00:3A:98:E1:EE:F0,Cisco,undefined,undefined
1587,1262,00:3A:98:E1:EE:F1,Cisco,undefined,undefined
1588,1263,00:3A:98:E1:EE:F4,Cisco,undefined,undefined
1589,1264,00:3A:98:E1:EE:F5,Cisco,undefined,undefined
1590,1265,00:3A:98:E1:EE:F7,Cisco,undefined,undefined
1591,1266,00:3A:98:E1:F2:B0,Cisco,undefined,undefined
1592,1267,00:3A:98:E1:F2:B1,Cisco,undefined,undefined
1593,1268,00:3A:98:E1:F2:B2,Cisco,undefined,undefined
1594,1269,00:3A:98:E1:F2:B4,Cisco,undefined,undefined
1595,1270,00:3A:98:E1:F2:B5,Cisco,undefined,undefined
1596,1271,00:3A:98:E1:F2:B7,Cisco,undefined,undefined
1597,1272,00:3A:98:E1:F3:B1,Cisco,undefined,undefined
1598,1273,00:3A:98:E1:F3:B4,Cisco,undefined,undefined
1599,1274,00:3A:98:E3:13:40,Cisco,undefined,undefined
1600,1275,00:3A:98:E3:13:41,Cisco,undefined,undefined
1601,1276,00:3A:98:E3:13:44,Cisco,undefined,undefined
1602,1277,00:3A:98:E3:13:45,Cisco,undefined,undefined
1603,1278,00:3A:98:E3:13:47,Cisco,undefined,undefined
1604,1279,00:3A:99:3E:E0:A0,Cisco,undefined,undefined
1605,1280,00:3A:99:69:66:D2,Cisco,undefined,undefined
1606,1281,00:3A:99:7C:33:51,Cisco,undefined,undefined
1607,1282,00:3A:99:7C:33:52,Cisco,undefined,undefined
1608,1283,00:3A:99:7C:33:55,Cisco,undefined,undefined
1609,1284,00:3A:99:7C:41:E0,Cisco,undefined,undefined
1610,1285,00:3A:99:7C:41:E1,Cisco,undefined,undefined
1611,1286,00:3A:99:7C:41:E2,Cisco,undefined,undefined
1612,1287,00:3A:99:7C:41:E3,Cisco,undefined,undefined
1613,1288,00:3A:99:7C:41:E4,Cisco,undefined,undefined
1614,1289,00:3A:99:7C:41:E5,Cisco,undefined,undefined
1615,1290,00:3A:99:7C:41:EA,Cisco,undefined,undefined
1616,1291,00:3A:99:80:EB:2A,Cisco,undefined,undefined
1617,1292,00:3A:99:80:FE:D0,Cisco,undefined,undefined
1618,1293,00:3A:99:C8:5F:10,Cisco,undefined,undefined
1619,1294,00:3A:99:C8:5F:13,Cisco,undefined,undefined
1620,1295,00:3A:9A:0E:09:70,Cisco,undefined,undefined
1621,1296,00:3A:9A:0E:09:71,Cisco,undefined,undefined
1622,1297,00:3A:9A:0E:33:50,Cisco,undefined,undefined
1623,1298,00:3A:9A:0E:33:51,Cisco,undefined,undefined
1624,1299,00:3A:9A:22:F0:F0,Cisco,undefined,undefined
1625,1300,00:3A:9A:35:3F:50,Cisco,undefined,undefined
1626,1301,00:3A:9A:35:3F:51,Cisco,undefined,undefined
1627,1302,00:3A:9A:35:3F:52,Cisco,undefined,undefined
1628,1303,00:3A:9A:38:A9:A0,Cisco,undefined,undefined
1629,1304,00:3A:9A:38:A9:A1,Cisco,undefined,undefined
1630,1305,00:3A:9A:38:A9:A2,Cisco,undefined,undefined
1631,1306,00:3A:9A:38:A9:A3,Cisco,undefined,undefined
1632,1307,00:3A:9A:38:E1:C0,Cisco,undefined,undefined
1633,1308,00:3A:9A:5A:B2:A0,Cisco,undefined,undefined
1634,1309,00:3A:9A:6A:3F:A0,Cisco,undefined,undefined
1635,1310,00:3A:9A:6A:3F:A1,Cisco,undefined,undefined
1636,1311,00:3A:9A:6A:3F:A3,Cisco,undefined,undefined
1637,1312,00:3A:9A:80:39:C0,Cisco,undefined,undefined
1638,1313,00:40:05:B4:68:7D,AniCommu,undefined,undefined
1639,1314,00:40:05:C9:D3:44,AniCommu,undefined,undefined
1640,1315,00:40:10:10:00:01,Sonic,undefined,undefined
1641,1315,00:40:10:10:00:03,Sonic,undefined,undefined
1642,1316,00:40:10:20:00:03,Sonic,undefined,undefined
1643,1318,00:40:96:55:C6:D7,Aironet,undefined,undefined
1644,1321,00:40:96:5E:0A:0B,Aironet,undefined,undefined
1645,1323,00:50:F2:CB:E2:CC,Microsof,undefined,undefined
1646,1329,00:80:48:35:BB:74,Compex,UDP/TCP,192.168.168.137
1647,1329,00:80:48:47:DD:A8,Compex,undefined,undefined
1648,1329,00:C0:1B:0B:AA:36,SocketCo,undefined,undefined
1649,1329,24:A2:E1:64:E5:D5,Unknown,undefined,undefined
1650,1330,00:80:48:54:6D:AD,Compex,undefined,undefined
1651,1330,00:80:48:6E:17:20,Compex,ARP,170.151.24.203
1652,1331,00:80:48:5E:B7:9D,Compex,undefined,undefined
1653,1332,00:80:48:65:46:C5,Compex,undefined,undefined
1654,1333,00:80:48:67:BA:91,Compex,undefined,undefined
1655,1333,00:80:48:6E:17:20,Compex,ARP,170.151.24.203
1656,1334,00:80:48:6C:59:B8,Compex,undefined,undefined
1657,1335,00:80:48:72:4F:5A,Compex,undefined,undefined
1658,1336,00:80:48:74:E9:25,Compex,undefined,undefined
1659,1337,00:80:48:74:E9:DF,Compex,undefined,undefined
1660,1337,A8:66:7F:4C:26:7B,Unknown,undefined,undefined
1661,1338,00:80:48:74:E9:E8,Compex,undefined,undefined
1662,1339,00:80:48:76:58:E8,Compex,undefined,undefined
1663,1350,00:8E:F2:47:EE:FE,Netgear,undefined,undefined
1664,1351,00:8E:F2:4D:15:68,Netgear,undefined,undefined
1665,1352,00:8E:F2:4D:A8:E2,Netgear,undefined,undefined
1666,1353,00:8E:F2:4D:EA:5A,Netgear,undefined,undefined
1667,1354,00:8E:F2:50:FF:D8,Netgear,undefined,undefined
1668,1355,00:8E:F2:51:39:6A,Netgear,undefined,undefined
1669,1356,00:8E:F2:53:9B:70,Netgear,undefined,undefined
1670,1357,00:8E:F2:56:4A:7A,Netgear,undefined,undefined
1671,1357,FC:C2:DE:A8:74:76,Unknown,undefined,undefined
1672,1358,00:8E:F2:5B:81:2A,Netgear,undefined,undefined
1673,1359,00:8E:F2:5B:DB:FA,Netgear,undefined,undefined
1674,1360,00:8E:F2:5B:EF:6E,Netgear,undefined,undefined
1675,1361,00:8E:F2:5C:1B:66,Netgear,undefined,undefined
1676,1362,00:8E:F2:5E:77:3A,Netgear,undefined,undefined
1677,1363,00:8E:F2:5F:F0:BE,Netgear,undefined,undefined
1678,1364,00:8E:F2:FA:A6:81,Netgear,undefined,undefined
1679,1365,00:8E:F2:FA:BD:28,Netgear,undefined,undefined
1680,1366,00:90:4B:39:13:06,GemtekTe,undefined,undefined
1681,1368,00:90:4C:7E:00:10,Epigram,undefined,undefined
1682,1369,00:90:7F:9D:E8:AD,Watchgua,undefined,undefined
1683,1370,00:90:7F:9F:36:00,Watchgua,undefined,undefined
1684,1371,00:90:A9:11:2A:41,WesternD,undefined,undefined
1685,1372,00:90:A9:F0:91:55,WesternD,undefined,undefined
1686,1375,00:9C:02:CD:B9:08,Hewlett-,undefined,undefined
1687,1376,00:9C:02:CE:A3:DB,Hewlett-,undefined,undefined
1688,1377,00:9C:02:D3:7E:3F,Hewlett-,undefined,undefined
1689,1378,00:9C:02:D3:E0:8E,Hewlett-,undefined,undefined
1690,1379,00:9C:02:D4:87:F1,Hewlett-,undefined,undefined
1691,1383,00:A0:C5:C3:5C:A5,ZyxelCom,undefined,undefined
1692,1384,00:A0:C5:C3:5C:A8,ZyxelCom,undefined,undefined
1693,1385,00:A0:C5:C3:5C:AA,ZyxelCom,undefined,undefined
1694,1386,00:A0:C5:C3:5C:AB,ZyxelCom,undefined,undefined
1695,1387,00:A0:C5:C3:5C:AC,ZyxelCom,undefined,undefined
1696,1395,00:C0:02:4D:82:D4,Sercomm,undefined,undefined
1697,1396,00:C0:02:9E:51:D3,Sercomm,undefined,undefined
1698,1397,00:C0:CA:7E:01:C2,Alfa,undefined,undefined
1699,1397,F8:D1:11:0E:93:4F,Tp-LinkT,undefined,undefined
1700,1398,00:D0:2D:32:9E:31,Ademco,undefined,undefined
1701,1399,00:D0:2D:38:F0:C5,Ademco,undefined,undefined
1702,1400,00:D0:2D:51:22:EA,Ademco,undefined,undefined
1703,1407,00:F7:6F:D1:91:B2,Unknown,undefined,undefined
1704,1408,00:F7:6F:D2:46:98,Unknown,undefined,undefined
1705,1410,00:17:C5:72:40:80,Sonicwal,UDP/TCP,192.168.3.6
1706,1410,02:02:6F:A7:3F:A3,Unknown,undefined,undefined
1707,1412,02:0B:6B:D9:47:3E,Unknown,undefined,undefined
1708,1413,02:15:6D:63:51:77,Unknown,undefined,undefined
1709,1414,02:15:6D:63:72:C9,Unknown,undefined,undefined
1710,1415,02:15:6D:63:72:CA,Unknown,undefined,undefined
1711,1416,02:15:6D:63:CB:72,Unknown,undefined,undefined
1712,1417,02:15:6D:64:4A:E7,Unknown,undefined,undefined
1713,1418,02:15:6D:64:95:D1,Unknown,undefined,undefined
1714,1419,02:15:6D:64:95:D2,Unknown,undefined,undefined
1715,1420,02:15:6D:65:15:43,Unknown,undefined,undefined
1716,1421,02:15:6D:65:15:45,Unknown,undefined,undefined
1717,1422,02:15:6D:65:15:46,Unknown,undefined,undefined
1718,1423,02:15:6D:67:91:C6,Unknown,undefined,undefined
1719,1424,02:15:6D:67:91:C7,Unknown,undefined,undefined
1720,1425,02:15:6D:67:AA:BD,Unknown,undefined,undefined
1721,1426,02:15:6D:69:15:E6,Unknown,undefined,undefined
1722,1426,2C:54:CF:F4:71:71,Unknown,undefined,undefined
1723,1426,54:35:30:6D:75:6E,Unknown,UDP/TCP,10.204.199.42
1724,1427,02:15:99:D5:17:0B,Unknown,undefined,undefined
1725,1428,02:15:99:DB:47:B7,Unknown,undefined,undefined
1726,1429,02:18:4A:93:BC:80,Unknown,undefined,undefined
1727,1430,02:18:4A:93:BC:82,Unknown,undefined,undefined
1728,1431,02:1B:B1:00:9C:29,Unknown,undefined,undefined
1729,1431,2C:8A:72:8A:A1:ED,Unknown,undefined,undefined
1730,1431,6C:F3:73:41:16:D0,SamsungE,UDP/TCP,10.224.98.30
1731,1431,D0:22:BE:0D:73:CB,SamsungE,undefined,undefined
1732,1459,02:30:44:11:B5:98,Unknown,undefined,undefined
1733,1459,A0:02:DC:33:7E:89,Unknown,UDP/TCP,192.168.10.150
1734,1459,F2:0B:A4:27:EF:07,Unknown,UDP/TCP,192.168.10.150
1735,1462,02:40:10:20:00:00,Unknown,undefined,undefined
1736,1465,02:6B:9E:5C:3F:FD,Unknown,undefined,undefined
1737,1466,02:6B:9E:67:2E:F9,Unknown,undefined,undefined
1738,1467,02:6B:9E:67:7D:91,Unknown,undefined,undefined
1739,1468,02:6B:9E:68:6D:2F,Unknown,undefined,undefined
1740,1469,02:6B:9E:68:C2:74,Unknown,undefined,undefined
1741,1470,02:6B:9E:83:9F:86,Unknown,undefined,undefined
1742,1471,02:80:48:5E:B7:9D,Unknown,undefined,undefined
1743,1472,02:80:48:5E:B7:9E,Unknown,undefined,undefined
1744,1475,02:AA:4B:5C:A1:EE,Unknown,undefined,undefined
1745,1475,BC:85:56:5F:3E:1D,HonHaiPr,undefined,undefined
1746,1476,02:AA:4B:8A:7F:49,Unknown,undefined,undefined
1747,1477,02:AA:4B:8B:A3:97,Unknown,undefined,undefined
1748,1483,02:FE:ED:BC:05:43,Unknown,undefined,undefined
1749,1485,04:18:D6:04:09:C6,Ubiquiti,undefined,undefined
1750,1486,04:18:D6:04:0B:9B,Ubiquiti,undefined,undefined
1751,1487,04:18:D6:04:90:55,Ubiquiti,undefined,undefined
1752,1488,04:18:D6:22:03:2D,Ubiquiti,undefined,undefined
1753,1489,04:18:D6:22:10:2C,Ubiquiti,undefined,undefined
1754,1490,04:18:D6:22:3B:B1,Ubiquiti,undefined,undefined
1755,1491,04:18:D6:74:45:20,Ubiquiti,undefined,undefined
1756,1492,04:18:D6:74:45:21,Ubiquiti,undefined,undefined
1757,1493,04:18:D6:74:45:41,Ubiquiti,undefined,undefined
1758,1494,04:21:5A:0A:BC:E3,Unknown,undefined,undefined
1759,1496,04:4F:AA:2A:7B:38,RuckusWi,undefined,undefined
1760,1498,04:A1:51:15:74:04,Netgear,undefined,undefined
1761,1499,04:A1:51:17:10:77,Netgear,undefined,undefined
1762,1500,00:E0:4C:C1:EF:35,RealtekS,undefined,undefined
1763,1500,04:A1:51:17:43:91,Netgear,undefined,undefined
1764,1501,04:A1:51:17:E9:02,Netgear,undefined,undefined
1765,1501,40:25:C2:3D:98:34,IntelCor,undefined,undefined
1766,1502,04:A1:51:1A:6C:73,Netgear,undefined,undefined
1767,1503,04:A1:51:1D:66:9E,Netgear,undefined,undefined
1768,1504,04:A1:51:1D:7E:DC,Netgear,undefined,undefined
1769,1505,04:A1:51:1E:09:3B,Netgear,undefined,undefined
1770,1506,04:A1:51:1E:2A:CC,Netgear,undefined,undefined
1771,1506,8C:84:01:75:88:ED,Private,undefined,undefined
1772,1507,00:23:31:6B:EA:7E,Nintendo,undefined,undefined
1773,1507,00:6B:9E:DC:15:B0,Vizio,undefined,undefined
1774,1507,04:A1:51:1E:32:BB,Netgear,undefined,undefined
1775,1507,7C:ED:8D:EA:A2:61,Microsof,undefined,undefined
1776,1508,04:A1:51:1E:33:0C,Netgear,undefined,undefined
1777,1509,04:A1:51:1E:9E:5A,Netgear,undefined,undefined
1778,1510,04:A1:51:20:F4:3C,Netgear,undefined,undefined
1779,1511,04:A1:51:21:17:12,Netgear,undefined,undefined
1780,1512,04:A1:51:24:3B:7B,Netgear,undefined,undefined
1781,1513,04:A1:51:2B:06:70,Netgear,undefined,undefined
1782,1514,04:A1:51:2B:0D:4B,Netgear,undefined,undefined
1783,1515,04:A1:51:2C:93:17,Netgear,undefined,undefined
1784,1516,04:A1:51:2C:9F:8C,Netgear,undefined,undefined
1785,1517,04:A1:51:2C:9F:A2,Netgear,undefined,undefined
1786,1518,04:A1:51:2C:AA:24,Netgear,undefined,undefined
1787,1519,04:A1:51:2C:AA:2A,Netgear,undefined,undefined
1788,1520,04:A1:51:2D:4C:08,Netgear,undefined,undefined
1789,1521,04:A1:51:2F:36:5B,Netgear,undefined,undefined
1790,1522,04:A1:51:30:00:08,Netgear,undefined,undefined
1791,1523,04:A1:51:30:2B:85,Netgear,undefined,undefined
1792,1523,A8:54:B2:40:10:E3,WistronN,undefined,undefined
1793,1524,04:A1:51:30:72:8C,Netgear,undefined,undefined
1794,1525,04:A1:51:34:D4:3A,Netgear,undefined,undefined
1795,1526,04:A1:51:35:17:DD,Netgear,undefined,undefined
1796,1527,04:A1:51:35:18:34,Netgear,undefined,undefined
1797,1528,04:A1:51:39:52:25,Netgear,undefined,undefined
1798,1529,04:A1:51:7F:06:B5,Netgear,undefined,undefined
1799,1530,04:A1:51:7F:92:55,Netgear,undefined,undefined
1800,1531,04:A1:51:81:92:ED,Netgear,undefined,undefined
1801,1532,04:A1:51:8B:47:F4,Netgear,undefined,undefined
1802,1533,04:A1:51:8B:48:A2,Netgear,undefined,undefined
1803,1534,04:A1:51:8C:EE:E3,Netgear,undefined,undefined
1804,1535,00:C6:10:1D:93:7F,Apple,undefined,undefined
1805,1535,04:A1:51:8E:B8:A4,Netgear,undefined,undefined
1806,1536,04:A1:51:8E:FC:90,Netgear,undefined,undefined
1807,1537,04:A1:51:8E:FF:33,Netgear,undefined,undefined
1808,1538,04:A1:51:8F:08:54,Netgear,undefined,undefined
1809,1539,04:A1:51:90:80:B2,Netgear,undefined,undefined
1810,1540,04:A1:51:90:A7:F4,Netgear,undefined,undefined
1811,1541,04:A1:51:91:B1:87,Netgear,undefined,undefined
1812,1542,04:A1:51:9D:BA:F9,Netgear,undefined,undefined
1813,1543,04:A1:51:9D:BE:3E,Netgear,undefined,undefined
1814,1544,04:A1:51:9D:D9:DD,Netgear,undefined,undefined
1815,1545,04:A1:51:9D:F1:6E,Netgear,undefined,undefined
1816,1546,04:A1:51:9E:27:89,Netgear,undefined,undefined
1817,1547,04:A1:51:9E:32:69,Netgear,undefined,undefined
1818,1548,04:A1:51:9E:34:B2,Netgear,undefined,undefined
1819,1549,04:A1:51:9F:BE:1A,Netgear,undefined,undefined
1820,1550,04:A1:51:9F:C3:6C,Netgear,undefined,undefined
1821,1550,50:85:69:38:4E:B5,Unknown,undefined,undefined
1822,1551,04:A1:51:9F:C3:EA,Netgear,undefined,undefined
1823,1552,04:A1:51:9F:C4:62,Netgear,undefined,undefined
1824,1553,04:A1:51:9F:C4:7D,Netgear,undefined,undefined
1825,1554,04:A1:51:9F:C5:3D,Netgear,undefined,undefined
1826,1555,04:A1:51:9F:C8:28,Netgear,undefined,undefined
1827,1556,04:A1:51:A0:1A:C0,Netgear,undefined,undefined
1828,1557,04:A1:51:A0:23:84,Netgear,undefined,undefined
1829,1558,04:A1:51:A0:54:B9,Netgear,undefined,undefined
1830,1559,04:A1:51:A0:55:97,Netgear,undefined,undefined
1831,1560,04:A1:51:A0:9B:E4,Netgear,undefined,undefined
1832,1561,04:A1:51:A2:A9:9F,Netgear,undefined,undefined
1833,1562,04:A1:51:A3:74:F6,Netgear,undefined,undefined
1834,1563,04:A1:51:A4:EF:6C,Netgear,undefined,undefined
1835,1563,D0:22:BE:E9:29:0B,SamsungE,undefined,undefined
1836,1564,04:A1:51:A7:49:92,Netgear,undefined,undefined
1837,1564,9C:D9:17:AC:65:38,Unknown,undefined,undefined
1838,1565,04:A1:51:A7:FE:8A,Netgear,undefined,undefined
1839,1566,04:A1:51:A8:21:04,Netgear,undefined,undefined
1840,1567,04:A1:51:A8:22:A8,Netgear,undefined,undefined
1841,1568,04:A1:51:A8:36:4C,Netgear,undefined,undefined
1842,1569,04:A1:51:A8:4A:E0,Netgear,undefined,undefined
1843,1570,04:A1:51:A8:4B:55,Netgear,undefined,undefined
1844,1571,04:A1:51:A8:4C:D2,Netgear,undefined,undefined
1845,1572,04:A1:51:A8:53:35,Netgear,undefined,undefined
1846,1573,04:A1:51:AA:0E:6A,Netgear,undefined,undefined
1847,1574,04:A1:51:AB:47:D1,Netgear,undefined,undefined
1848,1575,04:A1:51:AC:62:17,Netgear,undefined,undefined
1849,1576,00:21:5C:1A:95:8B,IntelCor,undefined,undefined
1850,1576,04:A1:51:AC:B6:E3,Netgear,undefined,undefined
1851,1577,04:A1:51:AD:82:DC,Netgear,undefined,undefined
1852,1578,04:A1:51:AD:9E:5A,Netgear,undefined,undefined
1853,1579,04:A1:51:B0:46:15,Netgear,undefined,undefined
1854,1580,04:A1:51:B0:49:A5,Netgear,undefined,undefined
1855,1582,04:A1:51:B0:F2:7D,Netgear,undefined,undefined
1856,1583,04:A1:51:B0:F7:DE,Netgear,undefined,undefined
1857,1584,04:A1:51:B1:8B:17,Netgear,undefined,undefined
1858,1584,94:35:0A:81:C5:23,SamsungE,undefined,undefined
1859,1584,F8:A9:D0:07:23:C6,Unknown,undefined,undefined
1860,1585,04:A1:51:B1:98:61,Netgear,undefined,undefined
1861,1586,04:A1:51:B2:55:F6,Netgear,undefined,undefined
1862,1587,04:A1:51:B6:D7:FF,Netgear,undefined,undefined
1863,1587,48:D7:05:4F:42:3A,Unknown,undefined,undefined
1864,1588,04:A1:51:B6:D8:59,Netgear,undefined,undefined
1865,1589,04:A1:51:B6:D8:86,Netgear,undefined,undefined
1866,1590,04:A1:51:B6:DD:54,Netgear,undefined,undefined
1867,1591,04:A1:51:B7:1D:C8,Netgear,undefined,undefined
1868,1592,04:A1:51:B7:1E:7C,Netgear,undefined,undefined
1869,1593,04:A1:51:B7:1F:69,Netgear,undefined,undefined
1870,1594,04:A1:51:B7:1F:CF,Netgear,undefined,undefined
1871,1595,04:A1:51:B7:21:D6,Netgear,undefined,undefined
1872,1596,04:A1:51:B7:3F:C7,Netgear,undefined,undefined
1873,1597,04:A1:51:B7:C5:22,Netgear,undefined,undefined
1874,1598,04:A1:51:BA:3A:2A,Netgear,undefined,undefined
1875,1599,04:A1:51:BA:3F:40,Netgear,undefined,undefined
1876,1600,04:A1:51:BA:8B:81,Netgear,undefined,undefined
1877,1601,00:1E:8F:8F:A4:72,Canon,undefined,undefined
1878,1601,04:A1:51:BA:8B:8A,Netgear,undefined,undefined
1879,1602,04:A1:51:BA:8E:57,Netgear,undefined,undefined
1880,1603,04:A1:51:BA:B6:A7,Netgear,undefined,undefined
1881,1604,04:A1:51:BA:C8:9B,Netgear,undefined,undefined
1882,1605,04:A1:51:BA:CF:67,Netgear,undefined,undefined
1883,1606,04:A1:51:BA:DB:31,Netgear,undefined,undefined
1884,1607,04:A1:51:BA:DB:46,Netgear,undefined,undefined
1885,1608,04:A1:51:BA:DB:B8,Netgear,undefined,undefined
1886,1609,04:A1:51:BA:EF:98,Netgear,undefined,undefined
1887,1610,04:A1:51:BB:F1:A4,Netgear,undefined,undefined
1888,1610,8C:A9:82:86:11:F0,IntelCor,undefined,undefined
1889,1611,04:A1:51:BC:89:8D,Netgear,undefined,undefined
1890,1612,04:A1:51:C3:73:14,Netgear,undefined,undefined
1891,1613,04:A1:51:C4:B4:32,Netgear,undefined,undefined
1892,1614,04:A1:51:C4:C2:96,Netgear,undefined,undefined
1893,1615,04:A1:51:C5:8D:00,Netgear,undefined,undefined
1894,1616,04:A1:51:C7:37:18,Netgear,undefined,undefined
1895,1617,04:A1:51:C7:A1:00,Netgear,undefined,undefined
1896,1618,04:A1:51:C7:A1:52,Netgear,undefined,undefined
1897,1619,04:A1:51:C7:AC:F0,Netgear,undefined,undefined
1898,1620,04:A1:51:C7:AD:68,Netgear,undefined,undefined
1899,1622,04:A1:51:CA:16:96,Netgear,undefined,undefined
1900,1623,04:A1:51:CF:B5:40,Netgear,undefined,undefined
1901,1624,04:A1:51:D0:8E:0C,Netgear,undefined,undefined
1902,1625,04:A1:51:D1:E7:E0,Netgear,undefined,undefined
1903,1626,04:A1:51:D4:61:A4,Netgear,undefined,undefined
1904,1627,00:02:6F:8B:1B:BB,SenaoInt,undefined,undefined
1905,1627,00:12:12:35:52:77,Plus,ARP,192.168.1.69
1906,1627,00:12:12:3E:B0:34,Plus,ARP,192.168.1.242
1907,1627,00:12:12:3E:B3:FD,Plus,ARP,192.168.1.236
1908,1627,00:12:12:3E:B9:BD,Plus,ARP,192.168.1.220
1909,1627,00:12:F0:35:63:40,IntelCor,undefined,undefined
1910,1627,00:26:2D:29:41:E1,Wistron,undefined,undefined
1911,1627,00:27:22:2C:DB:13,Ubiquiti,undefined,undefined
1912,1627,00:27:22:46:34:D7,Ubiquiti,undefined,undefined
1913,1627,04:18:D6:5A:55:CB,Ubiquiti,ARP,192.168.1.33
1914,1627,04:A1:51:D5:8F:79,Netgear,undefined,undefined
1915,1627,88:51:FB:51:E6:C9,HewlettP,ARP,192.168.1.24
1916,1627,A6:1F:72:60:FF:F2,Unknown,undefined,undefined
1917,1627,AC:81:12:CC:56:7C,GemtekTe,undefined,undefined
1918,1627,B4:79:A7:0A:EA:F1,Unknown,undefined,undefined
1919,1627,D0:67:E5:10:BC:A6,Dell,undefined,undefined
1920,1628,04:A1:51:D7:C1:1A,Netgear,undefined,undefined
1921,1629,04:A1:51:D7:C1:5F,Netgear,undefined,undefined
1922,1630,04:A1:51:D8:93:C5,Netgear,undefined,undefined
1923,1631,04:A1:51:D9:09:77,Netgear,undefined,undefined
1924,1632,04:A1:51:D9:E8:EE,Netgear,undefined,undefined
1925,1632,10:C3:7B:20:58:A8,Unknown,undefined,undefined
1926,1633,04:A1:51:DA:5E:1A,Netgear,undefined,undefined
1927,1634,04:A1:51:DF:52:B2,Netgear,undefined,undefined
1928,1635,04:A1:51:E1:03:82,Netgear,undefined,undefined
1929,1636,04:A1:51:E1:08:FB,Netgear,undefined,undefined
1930,1637,04:A1:51:E6:44:F0,Netgear,undefined,undefined
1931,1637,B8:E9:37:32:0C:C4,Sonos,undefined,undefined
1932,1638,04:A1:51:E6:45:AA,Netgear,undefined,undefined
1933,1639,04:A1:51:E6:98:FC,Netgear,undefined,undefined
1934,1640,04:A1:51:E7:D3:6A,Netgear,undefined,undefined
1935,1641,04:DA:D2:AA:1E:B1,Cisco,undefined,undefined
1936,1641,4C:7C:5F:8A:3C:07,Unknown,undefined,undefined
1937,1642,04:DA:D2:AA:1E:B3,Cisco,undefined,undefined
1938,1648,04:F0:21:01:AF:C7,CompexPt,undefined,undefined
1939,1649,04:F0:21:04:22:45,CompexPt,undefined,undefined
1940,1650,04:F0:21:05:74:F4,CompexPt,undefined,undefined
1941,1651,04:F0:21:06:6B:F7,CompexPt,undefined,undefined
1942,1653,04:F0:21:0E:67:C3,CompexPt,undefined,undefined
1943,1653,A8:66:7F:4C:26:7B,Unknown,undefined,undefined
1944,1657,06:12:CF:80:68:39,Unknown,undefined,undefined
1945,1658,06:12:CF:81:7A:A1,Unknown,undefined,undefined
1946,1659,06:12:CF:C9:3F:0E,Unknown,undefined,undefined
1947,1660,06:12:CF:D3:3F:77,Unknown,undefined,undefined
1948,1661,06:18:0A:03:66:DA,Unknown,undefined,undefined
1949,1662,06:18:0A:10:13:A4,Unknown,undefined,undefined
1950,1663,06:18:0A:18:D4:7E,Unknown,undefined,undefined
1951,1664,06:18:0A:1F:3D:5E,Unknown,undefined,undefined
1952,1665,06:18:0A:22:6D:D1,Unknown,undefined,undefined
1953,1666,00:0B:EA:00:43:8A,ZultysTe,undefined,undefined
1954,1666,00:18:0A:51:04:D8,Meraki,undefined,undefined
1955,1666,06:18:0A:51:04:D8,Unknown,undefined,undefined
1956,1667,06:18:0A:D1:43:C0,Unknown,undefined,undefined
1957,1668,06:18:0A:D4:3D:40,Unknown,undefined,undefined
1958,1669,06:18:0A:D4:59:E0,Unknown,undefined,undefined
1959,1670,06:18:0A:D8:EC:20,Unknown,undefined,undefined
1960,1671,06:18:0A:DF:64:30,Unknown,undefined,undefined
1961,1672,06:18:0A:DF:64:80,Unknown,undefined,undefined
1962,1673,06:18:0A:EA:02:D0,Unknown,undefined,undefined
1963,1674,06:18:0A:EA:40:70,Unknown,undefined,undefined
1964,1675,06:18:0A:EA:D2:70,Unknown,undefined,undefined
1965,1676,06:18:0A:EB:6C:F0,Unknown,undefined,undefined
1966,1677,06:18:0A:EF:57:40,Unknown,undefined,undefined
1967,1678,06:18:0A:EF:88:C0,Unknown,undefined,undefined
1968,1679,06:19:5E:B6:53:28,Unknown,undefined,undefined
1969,1680,06:19:9D:4C:FF:19,Unknown,undefined,undefined
1970,1681,00:50:8D:BD:8A:76,AbitComp,undefined,undefined
1971,1681,06:1C:F0:EB:4B:E5,Unknown,undefined,undefined
1972,1683,06:25:BC:8B:81:E5,Unknown,undefined,undefined
1973,1684,06:27:22:26:55:21,Unknown,undefined,undefined
1974,1685,06:27:22:2D:DA:0B,Unknown,undefined,undefined
1975,1686,06:27:22:47:34:D5,Unknown,undefined,undefined
1976,1687,06:27:22:47:34:D7,Unknown,undefined,undefined
1977,1688,06:27:22:47:34:E4,Unknown,undefined,undefined
1978,1689,00:27:22:46:34:E4,Ubiquiti,undefined,undefined
1979,1689,06:27:22:47:34:FB,Unknown,undefined,undefined
1980,1689,AC:81:12:CC:56:7C,GemtekTe,undefined,undefined
1981,1690,06:27:22:BD:43:2F,Unknown,undefined,undefined
1982,1691,06:27:22:BD:43:B9,Unknown,undefined,undefined
1983,1692,06:27:22:D5:A7:7C,Unknown,undefined,undefined
1984,1693,06:27:22:FF:0A:43,Unknown,undefined,undefined
1985,1694,06:27:22:FF:0C:4F,Unknown,undefined,undefined
1986,1698,06:A1:51:2F:36:5C,Unknown,undefined,undefined
1987,1699,06:A1:51:90:CD:62,Unknown,undefined,undefined
1988,1700,06:A1:51:C4:C2:97,Unknown,undefined,undefined
1989,1701,00:12:12:35:52:77,Plus,ARP,192.168.1.69
1990,1701,00:12:12:3E:A8:33,Plus,ARP,192.168.1.246
1991,1701,00:12:12:3E:B3:E8,Plus,ARP,192.168.1.247
1992,1701,00:12:12:3E:B3:FD,Plus,ARP,192.168.1.236
1993,1701,04:18:D6:5A:55:CB,Ubiquiti,ARP,192.168.1.33
1994,1701,06:A1:51:D5:8F:7A,Unknown,undefined,undefined
1995,1701,88:51:FB:51:E6:C9,HewlettP,ARP,192.168.1.24
1996,1702,06:A1:51:D8:81:BA,Unknown,undefined,undefined
1997,1703,08:10:75:24:3B:63,Unknown,undefined,undefined
1998,1704,08:10:75:24:5F:54,Unknown,undefined,undefined
1999,1709,08:3E:8E:5F:C3:E9,HonHaiPr,undefined,undefined
2000,1710,08:60:6E:64:4A:20,AsustekC,undefined,undefined
2001,1711,00:1C:7E:99:8E:25,Toshiba,undefined,undefined
2002,1711,08:60:6E:BD:BF:08,AsustekC,undefined,undefined
2003,1712,04:15:52:2B:69:DB,Apple,undefined,undefined
2004,1712,08:60:6E:BD:BF:09,AsustekC,undefined,undefined
2005,1713,08:60:6E:E9:CD:10,AsustekC,undefined,undefined
2006,1715,08:86:3B:0D:02:DE,BelkinIn,undefined,undefined
2007,1716,08:86:3B:13:F2:CC,BelkinIn,undefined,undefined
2008,1717,08:86:3B:14:CB:D6,BelkinIn,undefined,undefined
2009,1718,08:86:3B:15:66:B0,BelkinIn,undefined,undefined
2010,1719,08:86:3B:16:FD:D6,BelkinIn,undefined,undefined
2011,1720,08:86:3B:17:BF:04,BelkinIn,undefined,undefined
2012,1721,08:86:3B:17:C5:D2,BelkinIn,undefined,undefined
2013,1721,18:B4:30:06:0A:40,NestLabs,undefined,undefined
2014,1722,08:86:3B:18:09:30,BelkinIn,undefined,undefined
2015,1723,08:86:3B:19:45:34,BelkinIn,undefined,undefined
2016,1724,08:86:3B:1A:1B:34,BelkinIn,undefined,undefined
2017,1725,08:86:3B:1A:E7:C8,BelkinIn,undefined,undefined
2018,1726,08:86:3B:21:C7:F0,BelkinIn,undefined,undefined
2019,1727,08:86:3B:22:DE:12,BelkinIn,undefined,undefined
2020,1728,08:86:3B:26:18:FE,BelkinIn,undefined,undefined
2021,1728,60:67:20:37:DD:F8,IntelCor,undefined,undefined
2022,1729,08:86:3B:27:1A:F8,BelkinIn,undefined,undefined
2023,1729,DC:86:D8:9C:5F:2C,Apple,undefined,undefined
2024,1730,08:86:3B:28:8F:04,BelkinIn,undefined,undefined
2025,1731,08:86:3B:29:5D:60,BelkinIn,undefined,undefined
2026,1732,08:86:3B:29:B0:EC,BelkinIn,undefined,undefined
2027,1733,08:86:3B:29:BE:66,BelkinIn,undefined,undefined
2028,1734,08:86:3B:2A:C7:DE,BelkinIn,undefined,undefined
2029,1735,08:86:3B:2A:D1:A2,BelkinIn,undefined,undefined
2030,1736,08:86:3B:2C:B9:14,BelkinIn,undefined,undefined
2031,1737,08:86:3B:2D:CA:AC,BelkinIn,undefined,undefined
2032,1738,08:86:3B:2F:26:6E,BelkinIn,undefined,undefined
2033,1739,08:86:3B:2F:8D:B8,BelkinIn,undefined,undefined
2034,1739,B0:10:41:9E:52:E9,Unknown,undefined,undefined
2035,1740,08:86:3B:30:50:82,BelkinIn,undefined,undefined
2036,1741,08:86:3B:3A:D0:38,BelkinIn,undefined,undefined
2037,1742,08:86:3B:3B:A7:42,BelkinIn,undefined,undefined
2038,1743,08:86:3B:3C:AB:66,BelkinIn,undefined,undefined
2039,1744,08:86:3B:43:D9:0B,BelkinIn,undefined,undefined
2040,1745,08:86:3B:45:8F:2B,BelkinIn,undefined,undefined
2041,1746,08:86:3B:46:1D:92,BelkinIn,undefined,undefined
2042,1747,08:86:3B:46:38:5A,BelkinIn,undefined,undefined
2043,1748,08:86:3B:57:9D:FE,BelkinIn,undefined,undefined
2044,1749,08:86:3B:58:63:29,BelkinIn,undefined,undefined
2045,1750,08:86:3B:5F:15:00,BelkinIn,undefined,undefined
2046,1750,A8:5B:78:4B:F4:4F,Unknown,undefined,undefined
2047,1751,08:86:3B:6E:7E:E7,BelkinIn,undefined,undefined
2048,1751,4C:CB:F5:76:9B:87,Zte,undefined,undefined
2049,1752,08:86:3B:70:4A:67,BelkinIn,undefined,undefined
2050,1753,08:86:3B:70:4D:22,BelkinIn,undefined,undefined
2051,1754,08:86:3B:76:15:40,BelkinIn,undefined,undefined
2052,1755,08:86:3B:76:15:41,BelkinIn,undefined,undefined
2053,1756,08:86:3B:76:34:08,BelkinIn,undefined,undefined
2054,1757,08:86:3B:76:34:09,BelkinIn,undefined,undefined
2055,1758,08:86:3B:7E:9D:27,BelkinIn,undefined,undefined
2056,1759,08:86:3B:80:78:2E,BelkinIn,undefined,undefined
2057,1760,08:86:3B:81:63:9E,BelkinIn,undefined,undefined
2058,1761,08:86:3B:8B:50:84,BelkinIn,undefined,undefined
2059,1762,08:86:3B:8C:88:BC,BelkinIn,undefined,undefined
2060,1763,08:86:3B:93:D9:2E,BelkinIn,undefined,undefined
2061,1764,08:86:3B:97:79:DF,BelkinIn,undefined,undefined
2062,1765,08:86:3B:97:CE:9F,BelkinIn,undefined,undefined
2063,1766,08:86:3B:98:B1:3F,BelkinIn,undefined,undefined
2064,1767,08:86:3B:9C:60:3C,BelkinIn,undefined,undefined
2065,1768,08:86:3B:9E:DE:1A,BelkinIn,undefined,undefined
2066,1769,08:86:3B:A0:1B:A4,BelkinIn,undefined,undefined
2067,1770,08:86:3B:A0:7E:C2,BelkinIn,undefined,undefined
2068,1771,08:86:3B:A2:F1:A3,BelkinIn,undefined,undefined
2069,1772,08:86:3B:B3:B3:4C,BelkinIn,undefined,undefined
2070,1773,08:86:3B:B7:C3:8E,BelkinIn,undefined,undefined
2071,1774,08:86:3B:BA:5C:AF,BelkinIn,undefined,undefined
2072,1775,08:86:3B:BA:77:79,BelkinIn,undefined,undefined
2073,1776,08:86:3B:D4:9F:DC,BelkinIn,undefined,undefined
2074,1777,08:86:3B:D6:21:84,BelkinIn,undefined,undefined
2075,1778,08:86:3B:D7:11:E0,BelkinIn,undefined,undefined
2076,1779,08:86:3B:D7:11:E1,BelkinIn,undefined,undefined
2077,1780,08:86:3B:DC:37:F0,BelkinIn,undefined,undefined
2078,1781,08:86:3B:DC:A1:1E,BelkinIn,undefined,undefined
2079,1782,08:86:3B:DC:BF:94,BelkinIn,undefined,undefined
2080,1782,84:34:97:B0:5D:2B,HewlettP,undefined,undefined
2081,1783,08:86:3B:DF:F2:D6,BelkinIn,undefined,undefined
2082,1784,08:86:3B:EF:5D:04,BelkinIn,undefined,undefined
2083,1785,08:86:3B:EF:A7:7A,BelkinIn,undefined,undefined
2084,1786,08:86:3B:EF:C3:FC,BelkinIn,undefined,undefined
2085,1787,08:86:3B:F1:27:90,BelkinIn,undefined,undefined
2086,1788,08:86:3B:F2:72:DC,BelkinIn,undefined,undefined
2087,1789,08:86:3B:F2:7D:3E,BelkinIn,undefined,undefined
2088,1789,E0:F8:47:27:3F:68,Apple,undefined,undefined
2089,1790,08:86:3B:FD:6D:76,BelkinIn,undefined,undefined
2090,1791,08:86:3B:FD:6D:77,BelkinIn,undefined,undefined
2091,1792,08:86:3B:FF:33:BA,BelkinIn,undefined,undefined
2092,1792,24:A4:3C:6A:87:AA,Ubiquiti,undefined,undefined
2093,1792,44:8A:5B:45:92:CB,Micro-St,undefined,undefined
2094,1792,74:D0:2B:9F:F1:8B,AsustekC,undefined,undefined
2095,1793,08:86:3B:FF:A5:D0,BelkinIn,undefined,undefined
2096,1793,58:67:1A:09:D8:4E,Barnes&N,undefined,undefined
2097,1795,08:BD:43:5A:86:EA,Netgear,undefined,undefined
2098,1795,0C:3E:9F:A1:38:D2,Unknown,undefined,undefined
2099,1795,34:23:BA:F1:88:3D,SamsungE,undefined,undefined
2100,1796,08:BD:43:90:14:BA,Netgear,undefined,undefined
2101,1797,08:BD:43:A4:68:C6,Netgear,undefined,undefined
2102,1798,08:BD:43:A4:FC:06,Netgear,undefined,undefined
2103,1799,08:BD:43:A8:32:57,Netgear,undefined,undefined
2104,1800,08:BD:43:AB:9E:A3,Netgear,undefined,undefined
2105,1801,08:BD:43:AB:9F:87,Netgear,undefined,undefined
2106,1802,08:BD:43:AB:A2:7B,Netgear,undefined,undefined
2107,1803,08:BD:43:AB:B6:82,Netgear,undefined,undefined
2108,1804,08:BD:43:AC:82:F4,Netgear,undefined,undefined
2109,1805,08:BD:43:B0:B2:5F,Netgear,undefined,undefined
2110,1806,08:BD:43:B0:C0:51,Netgear,undefined,undefined
2111,1806,60:02:B4:84:80:95,WistronN,undefined,undefined
2112,1807,08:BD:43:B0:DF:BF,Netgear,undefined,undefined
2113,1808,08:BD:43:B2:B7:A2,Netgear,undefined,undefined
2114,1809,08:BD:43:B2:BF:7F,Netgear,undefined,undefined
2115,1809,18:E7:F4:68:CE:46,Apple,undefined,undefined
2116,1809,A4:DB:30:5E:B6:8D,LiteonTe,undefined,undefined
2117,1810,08:BD:43:B2:E4:15,Netgear,undefined,undefined
2118,1811,08:BD:43:B2:E5:02,Netgear,undefined,undefined
2119,1812,08:BD:43:B2:E5:4D,Netgear,undefined,undefined
2120,1813,08:BD:43:B2:E6:04,Netgear,undefined,undefined
2121,1814,08:BD:43:B2:E6:97,Netgear,undefined,undefined
2122,1815,08:BD:43:B2:ED:F0,Netgear,undefined,undefined
2123,1816,08:BD:43:B4:DD:44,Netgear,undefined,undefined
2124,1817,08:BD:43:B4:F0:14,Netgear,undefined,undefined
2125,1818,08:BD:43:B5:0D:70,Netgear,undefined,undefined
2126,1819,08:BD:43:B6:29:5B,Netgear,undefined,undefined
2127,1820,08:BD:43:B6:80:10,Netgear,undefined,undefined
2128,1821,08:BD:43:B6:86:49,Netgear,undefined,undefined
2129,1822,08:BD:43:B6:89:34,Netgear,undefined,undefined
2130,1823,08:BD:43:B6:8A:1B,Netgear,undefined,undefined
2131,1824,08:BD:43:B6:8B:89,Netgear,undefined,undefined
2132,1824,2C:BE:08:A4:C8:7F,Unknown,undefined,undefined
2133,1825,08:BD:43:B6:A3:4D,Netgear,undefined,undefined
2134,1826,08:BD:43:B6:A3:DD,Netgear,undefined,undefined
2135,1827,08:BD:43:B6:A7:76,Netgear,undefined,undefined
2136,1828,08:BD:43:B6:B4:5A,Netgear,undefined,undefined
2137,1828,84:7A:88:34:63:6D,Htc,undefined,undefined
2138,1829,08:BD:43:B6:CA:47,Netgear,undefined,undefined
2139,1830,08:BD:43:B6:E3:46,Netgear,undefined,undefined
2140,1831,08:BD:43:BD:CF:8B,Netgear,undefined,undefined
2141,1832,08:BD:43:BE:24:C3,Netgear,undefined,undefined
2142,1833,08:BD:43:BE:25:2C,Netgear,undefined,undefined
2143,1834,08:BD:43:BE:38:3D,Netgear,undefined,undefined
2144,1835,08:BD:43:BE:55:B0,Netgear,undefined,undefined
2145,1836,08:BD:43:BE:56:37,Netgear,undefined,undefined
2146,1837,08:BD:43:BE:58:92,Netgear,undefined,undefined
2147,1838,08:BD:43:BE:6D:0E,Netgear,undefined,undefined
2148,1839,08:BD:43:BE:80:D0,Netgear,undefined,undefined
2149,1840,08:BD:43:BF:0C:FE,Netgear,undefined,undefined
2150,1841,08:BD:43:BF:61:16,Netgear,undefined,undefined
2151,1842,08:BD:43:C3:72:F7,Netgear,undefined,undefined
2152,1843,08:BD:43:C6:15:0B,Netgear,undefined,undefined
2153,1844,08:BD:43:C8:69:47,Netgear,undefined,undefined
2154,1845,08:BD:43:C9:3C:1C,Netgear,undefined,undefined
2155,1846,08:BD:43:C9:BD:A2,Netgear,undefined,undefined
2156,1847,08:BD:43:D3:7E:98,Netgear,undefined,undefined
2157,1848,08:BD:43:D5:40:34,Netgear,undefined,undefined
2158,1849,08:BD:43:D9:1D:C4,Netgear,undefined,undefined
2159,1850,00:07:E9:00:EA:C8,Intel,undefined,undefined
2160,1850,08:BD:43:D9:BC:F4,Netgear,undefined,undefined
2161,1851,08:BD:43:DB:84:88,Netgear,undefined,undefined
2162,1852,08:BD:43:DB:BC:74,Netgear,undefined,undefined
2163,1853,08:BD:43:DB:BE:66,Netgear,undefined,undefined
2164,1854,08:BD:43:DD:21:DA,Netgear,undefined,undefined
2165,1855,08:BD:43:DF:7A:22,Netgear,undefined,undefined
2166,1856,08:BD:43:DF:F2:1F,Netgear,undefined,undefined
2167,1857,08:BD:43:DF:F2:A3,Netgear,undefined,undefined
2168,1858,08:BD:43:E0:12:83,Netgear,undefined,undefined
2169,1859,08:BD:43:E0:18:B0,Netgear,undefined,undefined
2170,1860,08:BD:43:E0:38:D8,Netgear,undefined,undefined
2171,1861,08:BD:43:E0:3B:30,Netgear,undefined,undefined
2172,1861,74:27:EA:67:7F:4A,Elitegro,undefined,undefined
2173,1861,EC:A8:6B:88:DA:DC,Elitegro,undefined,undefined
2174,1862,08:BD:43:E3:75:DC,Netgear,undefined,undefined
2175,1863,08:BD:43:E5:3B:F6,Netgear,undefined,undefined
2176,1864,08:BD:43:FE:A4:ED,Netgear,undefined,undefined
2177,1865,08:BD:43:FF:77:42,Netgear,undefined,undefined
2178,1869,0A:06:01:F0:E4:88,Unknown,undefined,undefined
2179,1871,0A:15:6D:68:24:89,Unknown,undefined,undefined
2180,1872,0A:18:0A:DC:9D:80,Unknown,undefined,undefined
2181,1873,0A:18:0A:FA:71:80,Unknown,undefined,undefined
2182,1874,0A:18:D6:04:09:C6,Unknown,undefined,undefined
2183,1875,0A:18:D6:04:0B:9B,Unknown,undefined,undefined
2184,1876,0A:18:D6:22:03:2D,Unknown,undefined,undefined
2185,1877,0A:18:D6:53:7D:97,Unknown,undefined,undefined
2186,1878,0A:18:D6:57:7F:AD,Unknown,undefined,undefined
2187,1879,0A:18:D6:59:9F:13,Unknown,undefined,undefined
2188,1880,0A:18:D6:5B:54:01,Unknown,undefined,undefined
2189,1881,0A:18:D6:5B:55:CB,Unknown,undefined,undefined
2190,1882,0A:18:D6:5B:9C:64,Unknown,undefined,undefined
2191,1883,0A:18:D6:5F:57:79,Unknown,undefined,undefined
2192,1884,0A:18:D6:69:81:48,Unknown,undefined,undefined
2193,1885,0A:18:D6:6B:97:1A,Unknown,undefined,undefined
2194,1885,E8:9A:8F:0D:F4:3A,QuantaCo,undefined,undefined
2195,1886,0A:18:D6:91:B4:20,Unknown,undefined,undefined
2196,1887,0A:27:22:2D:DA:0B,Unknown,undefined,undefined
2197,1888,0A:27:22:47:34:D5,Unknown,undefined,undefined
2198,1889,00:12:12:35:52:77,Plus,ARP,192.168.1.69
2199,1889,00:12:12:3E:B4:CA,Plus,ARP,192.168.1.222
2200,1889,00:12:12:3E:B9:5E,Plus,ARP,192.168.1.244
2201,1889,04:A1:51:D5:8F:79,Netgear,UDP/TCP,192.168.1.101
2202,1889,0A:27:22:47:34:D7,Unknown,undefined,undefined
2203,1889,34:23:BA:EE:A6:3F,SamsungE,undefined,undefined
2204,1889,D0:67:E5:10:BC:A6,Dell,ARP,192.168.1.2
2205,1889,DC:9F:DB:6C:1E:A2,Ubiquiti,undefined,undefined
2206,1890,0A:27:22:47:34:E4,Unknown,undefined,undefined
2207,1891,00:12:12:3E:B0:34,Plus,ARP,192.168.1.242
2208,1891,00:27:22:46:34:E4,Ubiquiti,ARP,192.168.1.37
2209,1891,0A:27:22:47:34:FB,Unknown,undefined,undefined
2210,1891,AC:81:12:CC:56:7C,GemtekTe,undefined,undefined
2211,1892,0A:27:22:D5:A7:7C,Unknown,undefined,undefined
2212,1893,0A:27:22:FF:0A:43,Unknown,undefined,undefined
2213,1898,0A:86:3B:22:DE:13,Unknown,undefined,undefined
2214,1899,0A:86:3B:43:D9:0C,Unknown,undefined,undefined
2215,1900,0A:86:3B:45:8F:2C,Unknown,undefined,undefined
2216,1901,0A:86:3B:58:63:2A,Unknown,undefined,undefined
2217,1902,0A:86:3B:7E:9D:28,Unknown,undefined,undefined
2218,1903,0A:90:7F:9A:5B:AE,Unknown,undefined,undefined
2219,1904,0A:90:7F:9A:5C:BE,Unknown,undefined,undefined
2220,1905,0A:90:7F:9A:63:23,Unknown,undefined,undefined
2221,1906,0A:90:7F:9F:36:00,Unknown,undefined,undefined
2222,1907,0A:A1:51:85:BC:4A,Unknown,undefined,undefined
2223,1908,0A:A1:51:9F:17:5F,Unknown,undefined,undefined
2224,1908,30:85:A9:92:07:04,AsustekC,undefined,undefined
2225,1910,0C:27:24:0E:03:50,Cisco,undefined,undefined
2226,1911,0C:27:24:0E:B8:10,Cisco,undefined,undefined
2227,1921,0C:60:76:12:B8:B2,HonHaiPr,undefined,undefined
2228,1925,0C:85:25:DF:8E:70,Cisco,undefined,undefined
2229,1926,0C:85:25:F2:6A:40,Cisco,undefined,undefined
2230,1929,0C:D5:02:09:48:8A,Westell,undefined,undefined
2231,1930,0C:D5:02:25:47:A8,Westell,undefined,undefined
2232,1931,00:1F:16:FF:AD:4D,Wistron,undefined,undefined
2233,1931,0C:D5:02:2C:EA:C1,Westell,undefined,undefined
2234,1932,0C:D5:02:34:A3:05,Westell,undefined,undefined
2235,1933,0C:D5:02:4E:CC:10,Westell,undefined,undefined
2236,1934,0C:D5:02:7E:C3:D8,Westell,undefined,undefined
2237,1935,0C:D5:02:7E:C4:BF,Westell,undefined,undefined
2238,1936,0C:D5:02:88:0F:6E,Westell,undefined,undefined
2239,1937,0C:D9:96:38:41:83,Cisco,undefined,undefined
2240,1938,0C:D9:96:38:53:30,Cisco,undefined,undefined
2241,1939,0C:D9:96:38:53:32,Cisco,undefined,undefined
2242,1940,0C:D9:96:38:53:33,Cisco,undefined,undefined
2243,1941,0C:D9:96:38:53:37,Cisco,undefined,undefined
2244,1942,0E:06:01:72:76:30,Unknown,undefined,undefined
2245,1943,0E:06:01:93:FB:93,Unknown,undefined,undefined
2246,1944,0E:06:01:C3:8F:2A,Unknown,undefined,undefined
2247,1945,0E:06:01:F2:56:24,Unknown,undefined,undefined
2248,1946,0E:06:01:FA:70:1C,Unknown,undefined,undefined
2249,1947,0E:18:0A:EB:39:70,Unknown,undefined,undefined
2250,1948,0E:18:D6:04:09:C6,Unknown,undefined,undefined
2251,1949,0E:18:D6:04:0B:22,Unknown,undefined,undefined
2252,1950,0E:18:D6:04:0B:9B,Unknown,undefined,undefined
2253,1951,00:90:7F:A6:74:C5,Watchgua,undefined,undefined
2254,1951,0E:18:D6:59:9F:13,Unknown,undefined,undefined
2255,1951,20:A2:E4:D2:B6:C3,Unknown,undefined,undefined
2256,1952,00:12:12:3E:B3:F3,Plus,ARP,192.168.1.230
2257,1952,00:12:12:3E:B9:5D,Plus,ARP,192.168.1.235
2258,1952,00:12:12:3E:B9:BD,Plus,ARP,192.168.1.220
2259,1952,00:27:22:46:34:E4,Ubiquiti,undefined,undefined
2260,1952,0E:18:D6:5B:54:01,Unknown,undefined,undefined
2261,1952,88:51:FB:51:E6:C9,HewlettP,ARP,192.168.1.24
2262,1952,D0:67:E5:10:BC:A6,Dell,ARP,192.168.1.2
2263,1953,0E:18:D6:5B:55:CB,Unknown,undefined,undefined
2264,1953,88:51:FB:51:E6:C9,HewlettP,ARP,192.168.1.24
2265,1954,0E:18:D6:5B:9C:64,Unknown,undefined,undefined
2266,1955,0E:27:22:2D:DA:0B,Unknown,undefined,undefined
2267,1956,0E:27:22:47:34:D5,Unknown,undefined,undefined
2268,1957,0E:27:22:47:34:D7,Unknown,undefined,undefined
2269,1958,0E:27:22:47:34:E4,Unknown,undefined,undefined
2270,1959,00:27:22:46:34:E4,Ubiquiti,ARP,192.168.1.37
2271,1959,0E:27:22:47:34:FB,Unknown,undefined,undefined
2272,1963,0E:BD:43:B0:B2:5F,Unknown,undefined,undefined
2273,1965,10:0D:7F:45:9F:42,Netgear,undefined,undefined
2274,1966,10:0D:7F:45:A2:30,Netgear,undefined,undefined
2275,1967,10:0D:7F:45:A3:6B,Netgear,undefined,undefined
2276,1968,10:0D:7F:45:AB:DB,Netgear,undefined,undefined
2277,1969,10:0D:7F:48:52:2F,Netgear,undefined,undefined
2278,1970,10:0D:7F:4C:78:BF,Netgear,undefined,undefined
2279,1971,10:0D:7F:4F:21:73,Netgear,undefined,undefined
2280,1971,5C:A3:9D:50:5D:34,SamsungE,undefined,undefined
2281,1972,10:0D:7F:4F:69:ED,Netgear,undefined,undefined
2282,1973,10:0D:7F:51:2D:64,Netgear,undefined,undefined
2283,1974,10:0D:7F:55:5E:CE,Netgear,undefined,undefined
2284,1975,10:0D:7F:56:BA:6A,Netgear,undefined,undefined
2285,1976,10:0D:7F:57:CA:C4,Netgear,undefined,undefined
2286,1977,10:0D:7F:57:EA:32,Netgear,undefined,undefined
2287,1978,10:0D:7F:58:DF:66,Netgear,undefined,undefined
2288,1979,10:0D:7F:5B:57:6F,Netgear,undefined,undefined
2289,1980,10:0D:7F:5D:A9:36,Netgear,undefined,undefined
2290,1981,10:0D:7F:5E:1E:06,Netgear,undefined,undefined
2291,1982,10:0D:7F:61:14:70,Netgear,undefined,undefined
2292,1983,10:0D:7F:64:2F:E0,Netgear,undefined,undefined
2293,1984,10:0D:7F:68:00:B0,Netgear,undefined,undefined
2294,1985,10:0D:7F:69:DE:D3,Netgear,undefined,undefined
2295,1985,14:49:E0:6D:B3:2D,SamsungE,undefined,undefined
2296,1986,10:0D:7F:69:E1:1F,Netgear,undefined,undefined
2297,1987,10:0D:7F:69:E2:B4,Netgear,undefined,undefined
2298,1988,10:0D:7F:69:E3:DD,Netgear,undefined,undefined
2299,1989,10:0D:7F:6A:0B:52,Netgear,undefined,undefined
2300,1989,9C:2A:70:09:E3:AF,HonHaiPr,undefined,undefined
2301,1990,10:0D:7F:6A:17:2B,Netgear,undefined,undefined
2302,1991,10:0D:7F:6D:F3:38,Netgear,undefined,undefined
2303,1992,10:0D:7F:70:20:4E,Netgear,undefined,undefined
2304,1993,10:0D:7F:70:3B:70,Netgear,undefined,undefined
2305,1994,10:0D:7F:75:41:7B,Netgear,undefined,undefined
2306,1995,10:0D:7F:75:D6:A2,Netgear,undefined,undefined
2307,1996,10:0D:7F:79:3F:F9,Netgear,undefined,undefined
2308,1997,10:0D:7F:86:61:AA,Netgear,undefined,undefined
2309,1997,64:27:37:E1:78:19,HonHaiPr,undefined,undefined
2310,1998,10:0D:7F:88:25:66,Netgear,undefined,undefined
2311,1999,10:0D:7F:8B:2C:12,Netgear,undefined,undefined
2312,2000,10:0D:7F:8C:24:DF,Netgear,undefined,undefined
2313,2000,90:2B:34:21:7A:DE,Giga-Byt,undefined,undefined
2314,2001,10:0D:7F:8C:A3:C0,Netgear,undefined,undefined
2315,2001,10:68:3F:7D:F7:73,LgElectr,undefined,undefined
2316,2002,10:0D:7F:8E:63:38,Netgear,undefined,undefined
2317,2003,10:0D:7F:8E:A0:F9,Netgear,undefined,undefined
2318,2004,10:0D:7F:93:26:D6,Netgear,undefined,undefined
2319,2005,10:0D:7F:93:5A:40,Netgear,undefined,undefined
2320,2006,10:0D:7F:95:85:F2,Netgear,undefined,undefined
2321,2007,10:0D:7F:95:DD:BA,Netgear,undefined,undefined
2322,2008,10:0D:7F:98:5E:A4,Netgear,undefined,undefined
2323,2011,10:1F:74:3D:D3:26,Hewlett-,undefined,undefined
2324,2016,10:5F:06:E8:09:DF,Actionte,undefined,undefined
2325,2017,10:5F:06:E9:7D:F1,Actionte,undefined,undefined
2326,2018,10:5F:06:EA:72:35,Actionte,undefined,undefined
2327,2019,10:5F:06:EA:D1:1B,Actionte,undefined,undefined
2328,2020,10:60:4B:ED:6C:C9,HewlettP,undefined,undefined
2329,2022,10:60:4B:FD:8B:07,HewlettP,undefined,undefined
2330,2026,10:6F:3F:02:D9:4A,Buffalo,undefined,undefined
2331,2026,DC:0E:A1:53:1C:08,CompalIn,ARP,192.168.10.102
2332,2027,10:6F:3F:63:E9:5C,Buffalo,undefined,undefined
2333,2028,00:14:6C:CA:01:70,Netgear,undefined,undefined
2334,2028,10:6F:3F:0B:44:6E,Buffalo,undefined,undefined
2335,2028,10:6F:3F:63:EB:F2,Buffalo,undefined,undefined
2336,2028,18:03:73:21:A2:B3,Dell,undefined,undefined
2337,2029,10:6F:3F:6B:24:D0,Buffalo,undefined,undefined
2338,2031,10:6F:3F:E7:F9:F2,Buffalo,undefined,undefined
2339,2032,10:8C:CF:10:63:F0,Cisco,undefined,undefined
2340,2033,10:8C:CF:10:63:F1,Cisco,undefined,undefined
2341,2034,10:8C:CF:10:63:F2,Cisco,undefined,undefined
2342,2035,00:23:AB:9C:80:42,Cisco,undefined,undefined
2343,2035,10:8C:CF:10:63:F7,Cisco,undefined,undefined
2344,2035,18:3D:A2:7D:E0:90,IntelCor,undefined,undefined
2345,2035,70:58:12:26:B6:95,Panasoni,undefined,undefined
2346,2035,E0:5F:B9:15:F3:FF,Cisco,undefined,undefined
2347,2037,10:9A:DD:88:AD:F3,Apple,undefined,undefined
2348,2038,10:9A:DD:8B:4E:79,Apple,undefined,undefined
2349,2039,10:9F:A9:0E:CD:9D,Actionte,undefined,undefined
2350,2040,10:9F:A9:0F:C9:FD,Actionte,undefined,undefined
2351,2041,10:9F:A9:13:CF:25,Actionte,undefined,undefined
2352,2042,10:9F:A9:13:CF:45,Actionte,undefined,undefined
2353,2043,10:9F:A9:15:16:45,Actionte,undefined,undefined
2354,2044,10:9F:A9:15:34:AD,Actionte,undefined,undefined
2355,2045,10:9F:A9:19:82:DD,Actionte,undefined,undefined
2356,2046,10:9F:A9:51:54:68,Actionte,undefined,undefined
2357,2047,10:9F:A9:51:72:44,Actionte,undefined,undefined
2358,2047,64:5A:04:A7:BF:33,ChiconyE,undefined,undefined
2359,2048,10:9F:A9:51:80:9C,Actionte,undefined,undefined
2360,2049,10:9F:A9:53:84:DC,Actionte,undefined,undefined
2361,2050,10:9F:A9:55:46:F8,Actionte,undefined,undefined
2362,2051,10:9F:A9:80:D3:3B,Actionte,undefined,undefined
2363,2060,10:A5:D0:F0:AA:9C,Unknown,undefined,undefined
2364,2060,58:67:1A:F0:6C:D4,Barnes&N,undefined,undefined
2365,2064,10:BF:48:49:E1:9A,AsustekC,undefined,undefined
2366,2065,10:BF:48:E6:3B:2B,AsustekC,undefined,undefined
2367,2066,10:BF:48:E6:EC:33,AsustekC,undefined,undefined
2368,2067,10:C3:7B:44:6C:D0,Unknown,undefined,undefined
2369,2068,10:C3:7B:C5:13:30,Unknown,undefined,undefined
2370,2069,10:C3:7B:CB:8F:C0,Unknown,undefined,undefined
2371,2070,0C:68:03:9C:76:00,Cisco,undefined,undefined
2372,2070,10:C3:7B:CF:9C:78,Unknown,undefined,undefined
2373,2071,10:C3:7B:CF:A5:18,Unknown,undefined,undefined
2374,2072,10:C3:7B:DE:40:C8,Unknown,undefined,undefined
2375,2073,10:C3:7B:E0:48:20,Unknown,undefined,undefined
2376,2074,10:FE:ED:4D:28:1C,Tp-LinkT,undefined,undefined
2377,2075,10:FE:ED:81:AD:04,Tp-LinkT,undefined,undefined
2378,2077,10:FE:ED:BC:05:43,Tp-LinkT,undefined,undefined
2379,2078,10:FE:ED:DF:E7:2A,Tp-LinkT,undefined,undefined
2380,2079,10:FE:ED:E2:E2:0A,Tp-LinkT,undefined,undefined
2381,2080,12:06:01:93:FB:93,Unknown,undefined,undefined
2382,2081,12:09:0F:B2:E5:9A,Unknown,undefined,undefined
2383,2083,12:0D:7F:5D:A9:36,Unknown,undefined,undefined
2384,2084,00:12:12:3E:B3:F3,Plus,ARP,192.168.1.230
2385,2084,00:12:12:3E:DF:20,Plus,ARP,192.168.1.227
2386,2084,00:27:22:2C:DA:0B,Ubiquiti,undefined,undefined
2387,2084,00:27:22:46:34:E4,Ubiquiti,undefined,undefined
2388,2084,12:18:D6:5B:54:01,Unknown,undefined,undefined
2389,2085,12:18:D6:5B:55:CB,Unknown,undefined,undefined
2390,2086,12:18:D6:5B:9C:64,Unknown,undefined,undefined
2391,2103,14:35:8B:03:CC:98,Mediabri,undefined,undefined
2392,2104,14:35:8B:0E:FB:D0,Mediabri,undefined,undefined
2393,2105,14:35:8B:11:B9:44,Mediabri,undefined,undefined
2394,2105,60:6C:66:A0:AD:39,IntelCor,undefined,undefined
2395,2105,E0:3F:49:6D:81:38,Unknown,undefined,undefined
2396,2109,14:58:D0:D0:AE:05,Unknown,undefined,undefined
2397,2110,14:58:D0:FE:6B:DA,Unknown,undefined,undefined
2398,2111,14:5B:D1:A6:2D:B0,ArrisGro,undefined,undefined
2399,2112,14:5B:D1:CE:6B:F0,ArrisGro,undefined,undefined
2400,2112,68:96:7B:69:59:CA,Apple,undefined,undefined
2401,2113,14:5B:D1:E2:EE:20,ArrisGro,undefined,undefined
2402,2114,14:5B:D1:E5:80:60,ArrisGro,undefined,undefined
2403,2116,14:CC:20:58:1A:45,Tp-LinkT,undefined,undefined
2404,2117,14:CC:20:58:85:4A,Tp-LinkT,undefined,undefined
2405,2118,14:D6:4D:27:10:CA,D-LinkIn,undefined,undefined
2406,2119,14:D6:4D:28:35:00,D-LinkIn,undefined,undefined
2407,2120,14:D6:4D:2B:86:0A,D-LinkIn,undefined,undefined
2408,2121,14:D6:4D:30:A0:CE,D-LinkIn,undefined,undefined
2409,2122,14:D6:4D:32:4D:E4,D-LinkIn,undefined,undefined
2410,2123,14:D6:4D:32:A0:38,D-LinkIn,undefined,undefined
2411,2124,14:D6:4D:32:EF:2C,D-LinkIn,undefined,undefined
2412,2125,14:D6:4D:33:44:D4,D-LinkIn,undefined,undefined
2413,2127,10:0D:7F:45:AB:DB,Netgear,undefined,undefined
2414,2127,16:0D:7F:45:AB:DB,Unknown,undefined,undefined
2415,2128,16:0D:7F:54:72:92,Unknown,undefined,undefined
2416,2137,18:64:72:36:D6:A0,ArubaNet,undefined,undefined
2417,2138,18:64:72:36:D6:A1,ArubaNet,undefined,undefined
2418,2139,18:64:72:36:D9:20,ArubaNet,undefined,undefined
2419,2140,18:64:72:36:D9:22,ArubaNet,undefined,undefined
2420,2141,18:64:72:36:E5:60,ArubaNet,undefined,undefined
2421,2142,18:64:72:36:E5:62,ArubaNet,undefined,undefined
2422,2143,18:64:72:36:E9:40,ArubaNet,undefined,undefined
2423,2144,18:64:72:36:E9:41,ArubaNet,undefined,undefined
2424,2145,18:64:72:36:E9:42,ArubaNet,undefined,undefined
2425,2146,18:64:72:36:EF:82,ArubaNet,undefined,undefined
2426,2147,18:64:72:36:F2:40,ArubaNet,undefined,undefined
2427,2148,18:64:72:36:F2:42,ArubaNet,undefined,undefined
2428,2149,18:64:72:36:FB:E1,ArubaNet,undefined,undefined
2429,2150,18:64:72:36:FC:A1,ArubaNet,undefined,undefined
2430,2151,18:64:72:36:FC:A2,ArubaNet,undefined,undefined
2431,2152,18:64:72:39:44:00,ArubaNet,undefined,undefined
2432,2153,18:64:72:39:44:02,ArubaNet,undefined,undefined
2433,2157,18:9C:5D:3A:C2:E0,Unknown,undefined,undefined
2434,2158,18:9C:5D:3A:C2:E1,Unknown,undefined,undefined
2435,2164,18:E7:28:50:33:C0,Unknown,undefined,undefined
2436,2175,1C:14:48:17:A7:90,ArrisGro,undefined,undefined
2437,2176,1C:14:48:30:4B:00,ArrisGro,undefined,undefined
2438,2177,1C:14:48:60:0F:A0,ArrisGro,undefined,undefined
2439,2178,1C:1B:68:0C:D9:B0,Unknown,undefined,undefined
2440,2179,1C:1B:68:11:85:80,Unknown,undefined,undefined
2441,2180,1C:1B:68:17:0A:80,Unknown,undefined,undefined
2442,2181,1C:1B:68:1F:25:D0,Unknown,undefined,undefined
2443,2182,1C:1B:68:22:BE:B0,Unknown,undefined,undefined
2444,2183,1C:1B:68:29:C6:40,Unknown,undefined,undefined
2445,2184,1C:1B:68:39:D1:D0,Unknown,undefined,undefined
2446,2185,1C:1B:68:59:6B:B0,Unknown,undefined,undefined
2447,2187,1C:1B:68:69:CF:70,Unknown,undefined,undefined
2448,2189,1C:7E:E5:2F:9F:50,D-LinkIn,undefined,undefined
2449,2190,1C:7E:E5:30:AB:36,D-LinkIn,undefined,undefined
2450,2191,1C:7E:E5:D4:1D:56,D-LinkIn,undefined,undefined
2451,2196,1C:AA:07:B0:CA:E0,Cisco,undefined,undefined
2452,2197,1C:AA:07:B0:CA:E1,Cisco,undefined,undefined
2453,2198,1C:AA:07:B0:CA:E3,Cisco,undefined,undefined
2454,2199,1C:AA:07:B0:CA:E4,Cisco,undefined,undefined
2455,2200,1C:AA:07:C6:B7:60,Cisco,undefined,undefined
2456,2201,1C:AA:07:F5:FC:80,Cisco,undefined,undefined
2457,2202,1C:AF:F7:CE:68:43,D-LinkIn,undefined,undefined
2458,2203,1C:AF:F7:CF:BE:BB,D-LinkIn,undefined,undefined
2459,2204,1C:AF:F7:CF:CC:A1,D-LinkIn,undefined,undefined
2460,2205,1C:AF:F7:E0:2E:B7,D-LinkIn,undefined,undefined
2461,2206,1C:BD:B9:7E:67:8B,D-LinkIn,undefined,undefined
2462,2206,4C:80:93:7B:ED:91,IntelCor,undefined,undefined
2463,2206,64:9A:BE:B3:64:E0,Unknown,undefined,undefined
2464,2210,1C:DF:0F:D3:16:BA,Cisco,undefined,undefined
2465,2211,1C:DF:0F:E4:56:69,Cisco,undefined,undefined
2466,2214,1C:E6:C7:84:87:30,Cisco,undefined,undefined
2467,2214,E4:F4:C6:3F:9C:D1,Unknown,ARP,138.229.34.245
2468,2214,F8:16:54:47:16:CF,IntelCor,undefined,undefined
2469,2215,1C:E6:C7:85:00:80,Cisco,undefined,undefined
2470,2216,1C:E6:C7:85:00:82,Cisco,undefined,undefined
2471,2217,1C:E6:C7:85:00:83,Cisco,undefined,undefined
2472,2218,1C:E6:C7:85:D1:30,Cisco,undefined,undefined
2473,2219,1C:E6:C7:85:D1:31,Cisco,undefined,undefined
2474,2220,1C:E6:C7:85:D1:32,Cisco,undefined,undefined
2475,2221,1C:E6:C7:85:D1:33,Cisco,undefined,undefined
2476,2222,1E:06:01:93:FB:93,Unknown,undefined,undefined
2477,2228,1E:DF:0F:E4:56:69,Unknown,undefined,undefined
2478,2231,20:0C:C8:05:47:93,Unknown,undefined,undefined
2479,2232,20:0C:C8:05:47:C0,Unknown,undefined,undefined
2480,2233,20:0C:C8:07:0D:26,Unknown,undefined,undefined
2481,2234,20:0C:C8:09:64:3D,Unknown,undefined,undefined
2482,2235,20:0C:C8:0A:2D:0E,Unknown,undefined,undefined
2483,2236,20:0C:C8:0F:7B:B8,Unknown,undefined,undefined
2484,2237,20:0C:C8:11:AB:52,Unknown,undefined,undefined
2485,2238,20:0C:C8:11:AB:78,Unknown,undefined,undefined
2486,2239,20:0C:C8:13:78:18,Unknown,undefined,undefined
2487,2239,E4:D5:3D:00:F6:C3,HonHaiPr,undefined,undefined
2488,2240,20:0C:C8:15:61:16,Unknown,undefined,undefined
2489,2241,20:0C:C8:16:2D:7A,Unknown,undefined,undefined
2490,2241,5C:8D:4E:8E:0D:7F,Unknown,undefined,undefined
2491,2241,60:02:B4:ED:D2:FD,WistronN,undefined,undefined
2492,2242,20:0C:C8:17:5C:6A,Unknown,undefined,undefined
2493,2243,20:0C:C8:17:7F:21,Unknown,undefined,undefined
2494,2244,20:0C:C8:17:8E:66,Unknown,undefined,undefined
2495,2245,20:0C:C8:17:F6:42,Unknown,undefined,undefined
2496,2246,20:0C:C8:20:67:C8,Unknown,undefined,undefined
2497,2246,BC:77:37:41:5E:92,IntelCor,undefined,undefined
2498,2247,20:0C:C8:27:C2:4D,Unknown,undefined,undefined
2499,2248,20:0C:C8:27:C4:7E,Unknown,undefined,undefined
2500,2249,20:0C:C8:27:D2:67,Unknown,undefined,undefined
2501,2250,20:0C:C8:28:52:5E,Unknown,undefined,undefined
2502,2251,20:0C:C8:29:0E:42,Unknown,undefined,undefined
2503,2252,20:0C:C8:36:AA:91,Unknown,undefined,undefined
2504,2253,20:0C:C8:36:AB:87,Unknown,undefined,undefined
2505,2254,20:0C:C8:37:0C:11,Unknown,undefined,undefined
2506,2255,20:0C:C8:3B:52:ED,Unknown,undefined,undefined
2507,2256,20:0C:C8:3C:77:19,Unknown,undefined,undefined
2508,2257,20:0C:C8:3C:79:75,Unknown,undefined,undefined
2509,2258,20:0C:C8:3C:A0:35,Unknown,undefined,undefined
2510,2259,10:FE:ED:8C:34:91,Tp-LinkT,undefined,undefined
2511,2259,1C:99:4C:BA:B5:DE,MurataMa,undefined,undefined
2512,2259,20:0C:C8:3E:0F:A4,Unknown,undefined,undefined
2513,2260,20:0C:C8:3E:E7:AC,Unknown,undefined,undefined
2514,2261,20:0C:C8:45:44:41,Unknown,undefined,undefined
2515,2262,20:0C:C8:47:23:D1,Unknown,undefined,undefined
2516,2263,20:0C:C8:48:1A:24,Unknown,undefined,undefined
2517,2264,20:0C:C8:D1:21:EE,Unknown,undefined,undefined
2518,2265,20:0C:C8:D1:91:A5,Unknown,undefined,undefined
2519,2266,20:0C:C8:D2:6A:F5,Unknown,undefined,undefined
2520,2267,20:0C:C8:D6:82:9D,Unknown,undefined,undefined
2521,2268,20:0C:C8:D6:B7:F2,Unknown,undefined,undefined
2522,2269,20:0C:C8:D7:26:BF,Unknown,undefined,undefined
2523,2270,20:0C:C8:D9:CB:8E,Unknown,undefined,undefined
2524,2271,20:0C:C8:D9:E3:1F,Unknown,undefined,undefined
2525,2272,20:0C:C8:DA:58:52,Unknown,undefined,undefined
2526,2273,20:0C:C8:DA:C8:45,Unknown,undefined,undefined
2527,2274,00:1C:C0:7D:E5:C7,IntelCor,undefined,undefined
2528,2274,00:22:4D:AA:3F:77,MitacInt,undefined,undefined
2529,2274,20:0C:C8:DC:74:04,Unknown,undefined,undefined
2530,2274,88:C9:D0:FD:E8:B4,Unknown,undefined,undefined
2531,2275,20:0C:C8:DC:8E:DD,Unknown,undefined,undefined
2532,2276,20:0C:C8:DC:AA:E2,Unknown,undefined,undefined
2533,2276,C8:0A:A9:3E:61:AE,QuantaCo,undefined,undefined
2534,2277,20:0C:C8:DC:E4:1B,Unknown,undefined,undefined
2535,2278,20:0C:C8:DD:A9:1F,Unknown,undefined,undefined
2536,2279,20:0C:C8:DE:49:F3,Unknown,undefined,undefined
2537,2280,20:10:7A:13:B4:6F,GemtekTe,undefined,undefined
2538,2283,20:4E:7F:06:CE:AE,Netgear,undefined,undefined
2539,2283,D0:23:DB:98:71:48,Apple,undefined,undefined
2540,2284,20:4E:7F:07:EF:D0,Netgear,undefined,undefined
2541,2285,20:4E:7F:11:F8:D4,Netgear,undefined,undefined
2542,2286,20:4E:7F:12:3E:C8,Netgear,undefined,undefined
2543,2287,20:4E:7F:18:19:FE,Netgear,undefined,undefined
2544,2288,20:4E:7F:1E:8E:38,Netgear,undefined,undefined
2545,2289,20:4E:7F:21:CD:38,Netgear,undefined,undefined
2546,2290,20:4E:7F:21:CF:09,Netgear,undefined,undefined
2547,2291,20:4E:7F:24:AA:54,Netgear,undefined,undefined
2548,2292,20:4E:7F:25:E3:A2,Netgear,undefined,undefined
2549,2293,20:4E:7F:2A:40:58,Netgear,undefined,undefined
2550,2294,20:4E:7F:30:74:CA,Netgear,undefined,undefined
2551,2295,20:4E:7F:30:74:F8,Netgear,undefined,undefined
2552,2296,20:4E:7F:30:76:74,Netgear,undefined,undefined
2553,2297,20:4E:7F:34:5C:3B,Netgear,undefined,undefined
2554,2298,20:4E:7F:34:5E:2F,Netgear,undefined,undefined
2555,2299,20:4E:7F:38:9C:1C,Netgear,undefined,undefined
2556,2299,98:F1:70:9D:A5:7C,Unknown,undefined,undefined
2557,2300,20:4E:7F:48:B3:07,Netgear,undefined,undefined
2558,2301,20:4E:7F:48:B7:05,Netgear,undefined,undefined
2559,2302,20:4E:7F:4A:93:3E,Netgear,undefined,undefined
2560,2303,00:23:31:E4:82:7E,Nintendo,ARP,192.168.1.3
2561,2303,20:4E:7F:54:27:FA,Netgear,undefined,undefined
2562,2304,20:4E:7F:54:6B:7A,Netgear,undefined,undefined
2563,2305,20:4E:7F:54:AA:90,Netgear,undefined,undefined
2564,2306,20:4E:7F:6D:15:C9,Netgear,undefined,undefined
2565,2307,20:4E:7F:8A:AC:02,Netgear,undefined,undefined
2566,2308,20:4E:7F:8D:A6:80,Netgear,undefined,undefined
2567,2309,20:4E:7F:8E:0C:9E,Netgear,undefined,undefined
2568,2310,20:4E:7F:92:5A:DA,Netgear,undefined,undefined
2569,2311,20:4E:7F:92:BD:8A,Netgear,undefined,undefined
2570,2312,20:4E:7F:96:14:14,Netgear,undefined,undefined
2571,2313,20:4E:7F:9B:A7:DE,Netgear,undefined,undefined
2572,2314,20:4E:7F:A0:E1:4D,Netgear,undefined,undefined
2573,2315,20:4E:7F:A5:F9:D4,Netgear,undefined,undefined
2574,2315,34:68:95:93:6B:CF,Unknown,undefined,undefined
2575,2316,20:4E:7F:A7:62:02,Netgear,undefined,undefined
2576,2317,20:4E:7F:B0:4A:2E,Netgear,undefined,undefined
2577,2318,20:4E:7F:B3:5F:A7,Netgear,undefined,undefined
2578,2319,00:1E:65:2B:9A:36,IntelCor,undefined,undefined
2579,2319,20:4E:7F:B4:D1:FA,Netgear,undefined,undefined
2580,2320,20:4E:7F:B5:A5:3B,Netgear,undefined,undefined
2581,2321,20:4E:7F:B5:AB:98,Netgear,undefined,undefined
2582,2322,20:4E:7F:B5:BA:CE,Netgear,undefined,undefined
2583,2323,20:4E:7F:B6:96:B1,Netgear,undefined,undefined
2584,2324,02:0F:B5:2A:F0:63,Unknown,undefined,undefined
2585,2324,20:4E:7F:B8:44:D3,Netgear,undefined,undefined
2586,2325,20:4E:7F:BA:00:55,Netgear,undefined,undefined
2587,2326,20:4E:7F:C5:49:50,Netgear,undefined,undefined
2588,2328,20:4E:7F:E6:F3:36,Netgear,undefined,undefined
2589,2337,20:AA:4B:07:B9:F4,Cisco-Li,undefined,undefined
2590,2338,20:AA:4B:07:B9:F5,Cisco-Li,undefined,undefined
2591,2339,20:AA:4B:09:BF:D4,Cisco-Li,undefined,undefined
2592,2340,20:AA:4B:0B:D4:E3,Cisco-Li,undefined,undefined
2593,2341,20:AA:4B:11:7D:26,Cisco-Li,undefined,undefined
2594,2342,20:AA:4B:13:6B:B8,Cisco-Li,undefined,undefined
2595,2343,20:AA:4B:13:6B:B9,Cisco-Li,undefined,undefined
2596,2344,20:AA:4B:19:99:22,Cisco-Li,undefined,undefined
2597,2345,20:AA:4B:1B:6A:64,Cisco-Li,undefined,undefined
2598,2346,20:AA:4B:1B:6A:65,Cisco-Li,undefined,undefined
2599,2347,20:AA:4B:1F:F8:F4,Cisco-Li,undefined,undefined
2600,2348,20:AA:4B:20:18:5C,Cisco-Li,undefined,undefined
2601,2349,20:AA:4B:25:E7:B6,Cisco-Li,undefined,undefined
2602,2351,20:AA:4B:2E:1E:94,Cisco-Li,undefined,undefined
2603,2352,20:AA:4B:39:D9:68,Cisco-Li,undefined,undefined
2604,2353,20:AA:4B:3F:F7:56,Cisco-Li,undefined,undefined
2605,2354,20:AA:4B:48:DE:BF,Cisco-Li,undefined,undefined
2606,2355,20:AA:4B:4D:36:1D,Cisco-Li,undefined,undefined
2607,2356,20:AA:4B:53:45:01,Cisco-Li,undefined,undefined
2608,2357,20:AA:4B:54:6D:25,Cisco-Li,undefined,undefined
2609,2358,20:AA:4B:5C:A1:ED,Cisco-Li,undefined,undefined
2610,2359,20:AA:4B:5F:60:27,Cisco-Li,undefined,undefined
2611,2360,20:AA:4B:6B:85:B1,Cisco-Li,undefined,undefined
2612,2361,20:AA:4B:6E:ED:E9,Cisco-Li,undefined,undefined
2613,2362,20:AA:4B:6F:7F:F3,Cisco-Li,undefined,undefined
2614,2363,20:AA:4B:70:4F:D7,Cisco-Li,undefined,undefined
2615,2364,20:AA:4B:72:E3:50,Cisco-Li,undefined,undefined
2616,2365,20:AA:4B:74:EB:CA,Cisco-Li,undefined,undefined
2617,2366,20:AA:4B:75:F9:E8,Cisco-Li,undefined,undefined
2618,2367,20:AA:4B:76:FD:A2,Cisco-Li,undefined,undefined
2619,2368,20:AA:4B:77:56:7C,Cisco-Li,undefined,undefined
2620,2369,20:AA:4B:83:64:A1,Cisco-Li,undefined,undefined
2621,2370,20:AA:4B:89:17:90,Cisco-Li,undefined,undefined
2622,2371,20:AA:4B:8A:4C:A8,Cisco-Li,undefined,undefined
2623,2372,20:AA:4B:8A:7F:48,Cisco-Li,undefined,undefined
2624,2373,10:BF:48:7C:C2:06,AsustekC,undefined,undefined
2625,2373,20:AA:4B:8B:A3:96,Cisco-Li,undefined,undefined
2626,2374,00:0B:6C:C5:FE:9F,Sychip,undefined,undefined
2627,2374,20:AA:4B:8B:D1:2B,Cisco-Li,undefined,undefined
2628,2374,20:AA:4B:8B:D1:2C,Cisco-Li,undefined,undefined
2629,2374,5C:F3:FC:26:76:3E,Ibm,undefined,undefined
2630,2374,5C:F3:FC:26:76:42,Ibm,undefined,undefined
2631,2375,20:AA:4B:93:22:5D,Cisco-Li,undefined,undefined
2632,2376,20:AA:4B:95:FA:39,Cisco-Li,undefined,undefined
2633,2377,20:AA:4B:9B:33:FB,Cisco-Li,undefined,undefined
2634,2378,20:AA:4B:A0:3D:C0,Cisco-Li,undefined,undefined
2635,2379,20:AA:4B:A4:D0:2F,Cisco-Li,undefined,undefined
2636,2380,20:AA:4B:A5:05:E1,Cisco-Li,undefined,undefined
2637,2381,20:AA:4B:A6:6C:23,Cisco-Li,undefined,undefined
2638,2382,20:AA:4B:B1:71:A4,Cisco-Li,undefined,undefined
2639,2383,20:AA:4B:B7:42:FA,Cisco-Li,undefined,undefined
2640,2384,20:AA:4B:BD:C7:C3,Cisco-Li,undefined,undefined
2641,2385,20:AA:4B:BE:D8:1D,Cisco-Li,undefined,undefined
2642,2386,20:AA:4B:C2:D2:8F,Cisco-Li,undefined,undefined
2643,2387,20:AA:4B:C2:D3:EB,Cisco-Li,undefined,undefined
2644,2388,20:AA:4B:C9:B8:7A,Cisco-Li,undefined,undefined
2645,2389,20:AA:4B:D0:24:1D,Cisco-Li,undefined,undefined
2646,2390,20:AA:4B:D1:53:CE,Cisco-Li,undefined,undefined
2647,2391,20:AA:4B:D2:99:03,Cisco-Li,undefined,undefined
2648,2392,20:AA:4B:D2:99:05,Cisco-Li,undefined,undefined
2649,2393,20:AA:4B:D4:8A:75,Cisco-Li,undefined,undefined
2650,2394,20:AA:4B:D5:81:91,Cisco-Li,undefined,undefined
2651,2395,20:AA:4B:DB:E4:3B,Cisco-Li,undefined,undefined
2652,2396,20:AA:4B:DD:EA:7E,Cisco-Li,undefined,undefined
2653,2397,20:AA:4B:E0:36:00,Cisco-Li,undefined,undefined
2654,2398,20:AA:4B:E2:28:EF,Cisco-Li,undefined,undefined
2655,2398,30:14:4A:7F:91:04,WistronN,undefined,undefined
2656,2399,20:AA:4B:F0:46:E6,Cisco-Li,undefined,undefined
2657,2400,08:EB:74:60:76:7C,Humax,undefined,undefined
2658,2400,20:AA:4B:F2:2A:B8,Cisco-Li,undefined,undefined
2659,2401,20:BB:C0:3B:66:A0,Cisco,undefined,undefined
2660,2402,20:BB:C0:3B:66:A1,Cisco,undefined,undefined
2661,2403,20:C9:D0:1E:B4:09,Apple,undefined,undefined
2662,2404,20:C9:D0:1E:FD:6F,Apple,undefined,undefined
2663,2405,20:C9:D0:27:39:95,Apple,undefined,undefined
2664,2407,20:E5:2A:02:4E:AF,Netgear,undefined,undefined
2665,2408,20:E5:2A:06:10:55,Netgear,undefined,undefined
2666,2409,20:E5:2A:08:C5:23,Netgear,undefined,undefined
2667,2410,20:E5:2A:0B:F7:F4,Netgear,undefined,undefined
2668,2411,20:E5:2A:0C:F8:47,Netgear,undefined,undefined
2669,2412,20:E5:2A:0D:0B:BA,Netgear,undefined,undefined
2670,2413,20:E5:2A:0E:4D:2F,Netgear,undefined,undefined
2671,2414,20:E5:2A:10:95:ED,Netgear,undefined,undefined
2672,2415,20:E5:2A:12:9D:53,Netgear,undefined,undefined
2673,2416,20:E5:2A:13:4E:AB,Netgear,undefined,undefined
2674,2417,20:E5:2A:15:C5:D8,Netgear,undefined,undefined
2675,2418,20:E5:2A:16:74:56,Netgear,undefined,undefined
2676,2419,20:E5:2A:19:9B:E6,Netgear,undefined,undefined
2677,2420,20:E5:2A:23:1D:4A,Netgear,undefined,undefined
2678,2421,20:E5:2A:23:1D:74,Netgear,undefined,undefined
2679,2422,20:E5:2A:24:E3:FF,Netgear,undefined,undefined
2680,2423,20:E5:2A:25:CB:A5,Netgear,undefined,undefined
2681,2423,34:64:A9:7A:7D:63,Unknown,undefined,undefined
2682,2423,EC:0E:C4:37:B0:AD,Unknown,undefined,undefined
2683,2424,20:E5:2A:29:10:CE,Netgear,undefined,undefined
2684,2425,20:E5:2A:29:36:F1,Netgear,undefined,undefined
2685,2425,4C:72:B9:E0:8B:63,Pegatron,undefined,undefined
2686,2426,20:E5:2A:2A:ED:95,Netgear,undefined,undefined
2687,2427,20:E5:2A:4D:76:77,Netgear,undefined,undefined
2688,2428,20:E5:2A:4D:8C:82,Netgear,undefined,undefined
2689,2429,20:E5:2A:4D:8D:4E,Netgear,undefined,undefined
2690,2430,20:E5:2A:4D:A5:36,Netgear,undefined,undefined
2691,2431,20:E5:2A:4D:AA:C4,Netgear,undefined,undefined
2692,2432,00:24:2B:7B:CF:03,HonHaiPr,undefined,undefined
2693,2432,20:E5:2A:4D:AB:48,Netgear,undefined,undefined
2694,2433,20:E5:2A:4D:AC:32,Netgear,undefined,undefined
2695,2434,20:E5:2A:50:5D:BF,Netgear,undefined,undefined
2696,2435,20:E5:2A:5D:B4:F7,Netgear,undefined,undefined
2697,2436,20:E5:2A:5E:86:B8,Netgear,undefined,undefined
2698,2437,20:E5:2A:60:95:30,Netgear,undefined,undefined
2699,2438,20:E5:2A:61:74:D7,Netgear,undefined,undefined
2700,2439,20:E5:2A:67:E4:2D,Netgear,undefined,undefined
2701,2440,20:E5:2A:84:AD:A2,Netgear,undefined,undefined
2702,2441,20:E5:2A:8F:62:13,Netgear,undefined,undefined
2703,2442,20:E5:2A:91:99:B2,Netgear,undefined,undefined
2704,2443,20:E5:2A:91:9B:29,Netgear,undefined,undefined
2705,2444,20:E5:2A:91:9B:98,Netgear,undefined,undefined
2706,2445,20:E5:2A:91:F8:97,Netgear,undefined,undefined
2707,2446,20:E5:2A:93:A3:62,Netgear,undefined,undefined
2708,2447,20:E5:2A:99:BF:0B,Netgear,undefined,undefined
2709,2448,20:E5:2A:9A:A6:4D,Netgear,undefined,undefined
2710,2449,20:E5:2A:9C:35:98,Netgear,undefined,undefined
2711,2450,20:E5:2A:A0:75:8D,Netgear,undefined,undefined
2712,2451,20:E5:2A:A2:76:B1,Netgear,undefined,undefined
2713,2452,20:E5:2A:A2:A0:8A,Netgear,undefined,undefined
2714,2453,20:E5:2A:A2:BA:7C,Netgear,undefined,undefined
2715,2454,20:E5:2A:A8:81:56,Netgear,undefined,undefined
2716,2455,20:E5:2A:AA:C3:05,Netgear,undefined,undefined
2717,2456,20:E5:2A:AC:EB:29,Netgear,undefined,undefined
2718,2457,20:E5:64:08:B3:80,ArrisGro,undefined,undefined
2719,2458,20:E5:64:14:F6:00,ArrisGro,undefined,undefined
2720,2459,20:E5:64:16:1E:00,ArrisGro,undefined,undefined
2721,2460,20:E5:64:A4:B1:F0,ArrisGro,undefined,undefined
2722,2461,20:E5:64:A6:CB:B0,ArrisGro,undefined,undefined
2723,2462,20:E5:64:B6:AA:90,ArrisGro,undefined,undefined
2724,2463,20:E5:64:C4:54:00,ArrisGro,undefined,undefined
2725,2464,20:E5:64:CE:F6:20,ArrisGro,undefined,undefined
2726,2465,22:0C:C8:0F:7B:B9,Unknown,undefined,undefined
2727,2466,20:0C:C8:17:F6:42,Unknown,undefined,undefined
2728,2466,22:0C:C8:17:F6:43,Unknown,undefined,undefined
2729,2469,22:4E:7F:25:E3:A3,Unknown,undefined,undefined
2730,2473,22:AA:4B:72:E3:51,Unknown,undefined,undefined
2731,2474,22:AA:4B:8A:4C:A9,Unknown,undefined,undefined
2732,2475,22:AA:4B:93:22:5E,Unknown,undefined,undefined
2733,2476,22:AA:4B:F0:46:E7,Unknown,undefined,undefined
2734,2478,22:E5:2A:13:4E:AC,Unknown,undefined,undefined
2735,2479,22:E5:2A:24:E3:F0,Unknown,undefined,undefined
2736,2483,24:A0:74:79:8E:12,Unknown,undefined,undefined
2737,2484,24:A0:74:7A:06:FE,Unknown,undefined,undefined
2738,2490,24:A2:E1:EE:0C:F6,Unknown,undefined,undefined
2739,2491,24:A4:3C:04:09:CC,Ubiquiti,undefined,undefined
2740,2492,24:A4:3C:04:47:1F,Ubiquiti,undefined,undefined
2741,2493,24:A4:3C:04:47:D4,Ubiquiti,undefined,undefined
2742,2494,24:A4:3C:04:47:DA,Ubiquiti,undefined,undefined
2743,2495,24:A4:3C:04:48:3D,Ubiquiti,undefined,undefined
2744,2496,24:A4:3C:04:48:BA,Ubiquiti,undefined,undefined
2745,2497,24:A4:3C:04:48:CF,Ubiquiti,undefined,undefined
2746,2498,24:A4:3C:04:49:0A,Ubiquiti,undefined,undefined
2747,2499,24:A4:3C:04:49:0B,Ubiquiti,undefined,undefined
2748,2500,24:A4:3C:04:49:2B,Ubiquiti,undefined,undefined
2749,2501,24:A4:3C:04:49:2C,Ubiquiti,undefined,undefined
2750,2502,24:A4:3C:04:68:CC,Ubiquiti,undefined,undefined
2751,2503,24:A4:3C:04:69:03,Ubiquiti,undefined,undefined
2752,2504,24:A4:3C:04:6A:E6,Ubiquiti,undefined,undefined
2753,2505,24:A4:3C:04:6B:A7,Ubiquiti,undefined,undefined
2754,2506,24:A4:3C:04:6B:A8,Ubiquiti,undefined,undefined
2755,2507,24:A4:3C:04:6B:C3,Ubiquiti,undefined,undefined
2756,2508,24:A4:3C:04:6C:1D,Ubiquiti,undefined,undefined
2757,2509,24:A4:3C:04:6C:CB,Ubiquiti,undefined,undefined
2758,2510,24:A4:3C:04:6C:CD,Ubiquiti,undefined,undefined
2759,2511,24:A4:3C:04:6D:21,Ubiquiti,undefined,undefined
2760,2512,24:A4:3C:04:6D:66,Ubiquiti,undefined,undefined
2761,2513,24:A4:3C:04:A1:A5,Ubiquiti,undefined,undefined
2762,2514,24:A4:3C:04:A1:DA,Ubiquiti,undefined,undefined
2763,2515,24:A4:3C:04:A2:02,Ubiquiti,undefined,undefined
2764,2516,24:A4:3C:04:A2:5C,Ubiquiti,undefined,undefined
2765,2517,24:A4:3C:04:A2:BA,Ubiquiti,undefined,undefined
2766,2518,24:A4:3C:04:A3:11,Ubiquiti,undefined,undefined
2767,2519,24:A4:3C:04:A3:68,Ubiquiti,undefined,undefined
2768,2520,24:A4:3C:04:A3:69,Ubiquiti,undefined,undefined
2769,2521,24:A4:3C:04:A3:86,Ubiquiti,undefined,undefined
2770,2522,24:A4:3C:04:A3:89,Ubiquiti,undefined,undefined
2771,2523,24:A4:3C:04:A7:46,Ubiquiti,undefined,undefined
2772,2524,24:A4:3C:04:A7:76,Ubiquiti,undefined,undefined
2773,2525,24:A4:3C:04:A7:9F,Ubiquiti,undefined,undefined
2774,2525,C8:9C:DC:76:2F:23,Elitegro,undefined,undefined
2775,2526,24:A4:3C:04:A8:E2,Ubiquiti,undefined,undefined
2776,2527,24:A4:3C:04:A8:E5,Ubiquiti,undefined,undefined
2777,2527,C8:6F:1D:B0:48:E8,Apple,ARP,172.16.10.63
2778,2528,24:A4:3C:04:AA:13,Ubiquiti,undefined,undefined
2779,2529,24:A4:3C:04:C6:A2,Ubiquiti,undefined,undefined
2780,2530,24:A4:3C:04:C7:9D,Ubiquiti,undefined,undefined
2781,2530,C0:EA:E4:89:2E:78,Sonicwal,UDP/TCP,172.16.15.66
2782,2531,24:A4:3C:04:CF:50,Ubiquiti,undefined,undefined
2783,2531,C8:6F:1D:B0:48:E8,Apple,ARP,172.16.10.63
2784,2532,24:A4:3C:04:D0:37,Ubiquiti,undefined,undefined
2785,2533,24:A4:3C:04:DC:27,Ubiquiti,undefined,undefined
2786,2534,24:A4:3C:22:FF:40,Ubiquiti,undefined,undefined
2787,2535,24:A4:3C:22:FF:41,Ubiquiti,undefined,undefined
2788,2536,24:A4:3C:55:44:22,Ubiquiti,undefined,undefined
2789,2537,24:A4:3C:74:FF:CA,Ubiquiti,undefined,undefined
2790,2538,24:A4:3C:7D:84:F1,Ubiquiti,undefined,undefined
2791,2539,24:A4:3C:7E:73:5E,Ubiquiti,undefined,undefined
2792,2540,24:A4:3C:7E:74:3B,Ubiquiti,undefined,undefined
2793,2541,24:A4:3C:7E:74:51,Ubiquiti,undefined,undefined
2794,2542,24:A4:3C:9C:AF:C8,Ubiquiti,undefined,undefined
2795,2543,24:A4:3C:A0:27:F4,Ubiquiti,undefined,undefined
2796,2544,24:A4:3C:B2:22:78,Ubiquiti,undefined,undefined
2797,2545,24:A4:3C:B2:24:34,Ubiquiti,undefined,undefined
2798,2546,24:A4:3C:B2:43:F3,Ubiquiti,undefined,undefined
2799,2546,F4:F9:51:E4:51:16,Apple,undefined,undefined
2800,2547,24:A4:3C:B8:A7:00,Ubiquiti,undefined,undefined
2801,2548,24:A4:3C:F2:1D:E1,Ubiquiti,undefined,undefined
2802,2549,24:B6:57:8D:96:D0,Cisco,undefined,undefined
2803,2550,24:B6:57:8D:96:D1,Cisco,undefined,undefined
2804,2551,24:B6:57:8D:96:D2,Cisco,undefined,undefined
2805,2552,24:B6:57:8D:96:D3,Cisco,undefined,undefined
2806,2553,24:B6:57:8D:96:D4,Cisco,undefined,undefined
2807,2554,24:B6:57:8D:B8:90,Cisco,undefined,undefined
2808,2555,24:B6:57:8D:B8:91,Cisco,undefined,undefined
2809,2556,24:B6:57:8D:B8:92,Cisco,undefined,undefined
2810,2557,24:B6:57:8D:B8:93,Cisco,undefined,undefined
2811,2558,24:B6:57:8D:B8:94,Cisco,undefined,undefined
2812,2559,24:B6:57:8D:D6:A0,Cisco,undefined,undefined
2813,2560,24:B6:57:8D:D6:A1,Cisco,undefined,undefined
2814,2561,24:B6:57:8D:D6:A2,Cisco,undefined,undefined
2815,2562,24:B6:57:8D:D6:A3,Cisco,undefined,undefined
2816,2563,24:B6:57:8D:D6:A4,Cisco,undefined,undefined
2817,2564,24:B6:57:AF:9C:27,Cisco,undefined,undefined
2818,2566,24:C9:A1:1E:DC:C8,RuckusWi,undefined,undefined
2819,2567,24:C9:A1:5E:DC:C8,RuckusWi,undefined,undefined
2820,2568,24:C9:A1:9E:DC:C8,RuckusWi,undefined,undefined
2821,2569,24:C9:A1:DE:DC:C8,RuckusWi,undefined,undefined
2822,2570,24:DE:C6:2C:F9:80,ArubaNet,undefined,undefined
2823,2571,24:DE:C6:2C:F9:81,ArubaNet,undefined,undefined
2824,2572,24:DE:C6:2C:F9:82,ArubaNet,undefined,undefined
2825,2573,24:DE:C6:2C:F9:83,ArubaNet,undefined,undefined
2826,2574,24:DE:C6:2D:81:A0,ArubaNet,undefined,undefined
2827,2575,24:DE:C6:2D:81:A1,ArubaNet,undefined,undefined
2828,2576,24:DE:C6:2D:81:A2,ArubaNet,undefined,undefined
2829,2577,24:DE:C6:2D:81:A3,ArubaNet,undefined,undefined
2830,2578,24:DE:C6:63:82:53,ArubaNet,undefined,undefined
2831,2579,24:DE:C6:6A:15:00,ArubaNet,undefined,undefined
2832,2580,24:DE:C6:7B:BB:10,ArubaNet,undefined,undefined
2833,2585,00:0B:B6:14:B8:E5,Metallig,undefined,undefined
2834,2585,24:EC:99:10:83:00,AskeyCom,undefined,undefined
2835,2586,26:06:01:47:3A:B8,Unknown,undefined,undefined
2836,2587,26:06:01:93:FB:93,Unknown,undefined,undefined
2837,2589,26:4E:7F:54:45:54,Unknown,undefined,undefined
2838,2590,26:4E:7F:8F:A1:E9,Unknown,undefined,undefined
2839,2591,26:A4:3C:04:47:1F,Unknown,undefined,undefined
2840,2592,26:A4:3C:04:47:DA,Unknown,undefined,undefined
2841,2593,26:A4:3C:04:48:3D,Unknown,undefined,undefined
2842,2594,26:A4:3C:04:48:CF,Unknown,undefined,undefined
2843,2595,26:A4:3C:04:49:0A,Unknown,undefined,undefined
2844,2596,26:A4:3C:04:49:0B,Unknown,undefined,undefined
2845,2597,26:A4:3C:04:49:2B,Unknown,undefined,undefined
2846,2598,26:A4:3C:04:49:2C,Unknown,undefined,undefined
2847,2599,26:A4:3C:04:68:CC,Unknown,undefined,undefined
2848,2600,26:A4:3C:04:6A:E6,Unknown,undefined,undefined
2849,2601,26:A4:3C:04:6B:A7,Unknown,undefined,undefined
2850,2602,26:A4:3C:04:6B:A8,Unknown,undefined,undefined
2851,2603,26:A4:3C:04:6B:C3,Unknown,undefined,undefined
2852,2604,26:A4:3C:04:6C:1D,Unknown,undefined,undefined
2853,2605,26:A4:3C:04:6C:CB,Unknown,undefined,undefined
2854,2606,26:A4:3C:04:6C:CD,Unknown,undefined,undefined
2855,2607,26:A4:3C:04:6D:21,Unknown,undefined,undefined
2856,2608,26:A4:3C:04:6D:66,Unknown,undefined,undefined
2857,2609,26:A4:3C:7D:84:F1,Unknown,undefined,undefined
2858,2610,26:AA:4B:5F:60:27,Unknown,undefined,undefined
2859,2611,26:AA:4B:6B:85:B1,Unknown,undefined,undefined
2860,2612,26:AA:4B:6E:ED:E9,Unknown,undefined,undefined
2861,2613,26:AA:4B:77:56:7C,Unknown,undefined,undefined
2862,2614,26:AA:4B:89:17:90,Unknown,undefined,undefined
2863,2615,26:AA:4B:95:FA:39,Unknown,undefined,undefined
2864,2616,26:AA:4B:EA:C5:87,Unknown,undefined,undefined
2865,2619,28:10:7B:19:FB:AA,D-LinkIn,undefined,undefined
2866,2620,28:10:7B:19:FC:7A,D-LinkIn,undefined,undefined
2867,2621,28:10:7B:55:14:7A,D-LinkIn,undefined,undefined
2868,2622,28:16:2E:00:68:DA,2wire,undefined,undefined
2869,2623,28:16:2E:03:2E:BA,2wire,undefined,undefined
2870,2623,BC:30:7D:37:2C:E4,Unknown,undefined,undefined
2871,2624,28:16:2E:09:99:E2,2wire,undefined,undefined
2872,2625,28:16:2E:48:FC:91,2wire,undefined,undefined
2873,2625,28:16:2E:48:FC:92,2wire,undefined,undefined
2874,2634,28:80:23:39:ED:B0,Unknown,undefined,undefined
2875,2635,28:80:23:39:ED:B1,Unknown,undefined,undefined
2876,2636,28:80:23:F4:F9:ED,Unknown,undefined,undefined
2877,2637,28:92:4A:04:A5:E5,HewlettP,undefined,undefined
2878,2638,28:92:4A:08:1B:C0,HewlettP,undefined,undefined
2879,2639,28:92:4A:5E:ED:E1,HewlettP,undefined,undefined
2880,2640,28:92:4A:BF:07:CB,HewlettP,undefined,undefined
2881,2641,28:92:4A:C0:44:68,HewlettP,undefined,undefined
2882,2642,28:92:4A:C2:F4:48,HewlettP,undefined,undefined
2883,2643,28:92:4A:CF:35:7C,HewlettP,undefined,undefined
2884,2644,28:92:4A:CF:D2:2F,HewlettP,undefined,undefined
2885,2647,28:C6:8E:01:EB:7C,Netgear,undefined,undefined
2886,2648,28:C6:8E:03:27:94,Netgear,undefined,undefined
2887,2649,28:C6:8E:03:46:FE,Netgear,undefined,undefined
2888,2650,28:C6:8E:03:60:A6,Netgear,undefined,undefined
2889,2651,28:C6:8E:03:62:C8,Netgear,undefined,undefined
2890,2651,F8:CF:C5:CA:0D:B0,Unknown,undefined,undefined
2891,2652,28:C6:8E:03:84:AA,Netgear,undefined,undefined
2892,2653,28:C6:8E:07:05:EA,Netgear,undefined,undefined
2893,2655,28:C6:8E:0B:26:C5,Netgear,undefined,undefined
2894,2656,28:C6:8E:0F:76:95,Netgear,undefined,undefined
2895,2657,28:C6:8E:0F:7C:32,Netgear,undefined,undefined
2896,2657,E0:CB:1D:91:69:99,Private,undefined,undefined
2897,2658,28:C6:8E:0F:7D:A3,Netgear,undefined,undefined
2898,2659,28:C6:8E:10:DC:16,Netgear,undefined,undefined
2899,2660,28:C6:8E:13:9B:60,Netgear,undefined,undefined
2900,2661,28:C6:8E:13:B7:7C,Netgear,undefined,undefined
2901,2662,28:C6:8E:13:C8:54,Netgear,undefined,undefined
2902,2663,28:C6:8E:13:F2:D4,Netgear,undefined,undefined
2903,2664,28:C6:8E:14:78:66,Netgear,undefined,undefined
2904,2665,28:C6:8E:14:90:C2,Netgear,undefined,undefined
2905,2666,28:C6:8E:15:29:3E,Netgear,undefined,undefined
2906,2667,28:C6:8E:18:80:7C,Netgear,undefined,undefined
2907,2668,28:C6:8E:18:82:83,Netgear,undefined,undefined
2908,2669,28:C6:8E:18:82:9E,Netgear,undefined,undefined
2909,2670,28:C6:8E:18:86:31,Netgear,undefined,undefined
2910,2671,28:C6:8E:1A:AA:FD,Netgear,undefined,undefined
2911,2672,28:C6:8E:1D:1B:BA,Netgear,undefined,undefined
2912,2672,84:34:97:AE:ED:1D,HewlettP,undefined,undefined
2913,2673,28:C6:8E:1E:7C:74,Netgear,undefined,undefined
2914,2674,28:C6:8E:20:87:DF,Netgear,undefined,undefined
2915,2675,28:C6:8E:21:85:71,Netgear,undefined,undefined
2916,2676,28:C6:8E:24:54:2A,Netgear,undefined,undefined
2917,2677,28:C6:8E:24:62:1A,Netgear,undefined,undefined
2918,2678,28:C6:8E:24:89:18,Netgear,undefined,undefined
2919,2679,28:C6:8E:26:84:94,Netgear,undefined,undefined
2920,2680,28:C6:8E:26:95:F8,Netgear,undefined,undefined
2921,2681,28:C6:8E:26:AA:30,Netgear,undefined,undefined
2922,2682,28:C6:8E:2B:7E:14,Netgear,undefined,undefined
2923,2684,28:C6:8E:47:37:D6,Netgear,undefined,undefined
2924,2685,28:C6:8E:64:FB:30,Netgear,undefined,undefined
2925,2686,28:C6:8E:6D:65:30,Netgear,undefined,undefined
2926,2687,28:C6:8E:6E:54:35,Netgear,undefined,undefined
2927,2688,28:C6:8E:72:13:56,Netgear,undefined,undefined
2928,2688,2C:33:7A:10:E7:3B,Unknown,undefined,undefined
2929,2688,60:02:B4:F0:27:50,WistronN,undefined,undefined
2930,2688,E8:DE:27:0B:71:23,Tp-LinkT,undefined,undefined
2931,2689,28:C6:8E:72:23:82,Netgear,undefined,undefined
2932,2690,28:C6:8E:74:A0:7C,Netgear,undefined,undefined
2933,2691,28:C6:8E:78:FC:18,Netgear,undefined,undefined
2934,2692,28:C6:8E:79:07:85,Netgear,undefined,undefined
2935,2693,28:C6:8E:7A:7A:E1,Netgear,undefined,undefined
2936,2694,28:C6:8E:7C:46:F3,Netgear,undefined,undefined
2937,2695,28:C6:8E:7F:79:50,Netgear,undefined,undefined
2938,2696,28:C6:8E:7F:8D:5A,Netgear,undefined,undefined
2939,2697,28:C6:8E:82:77:44,Netgear,undefined,undefined
2940,2698,28:C6:8E:84:21:AE,Netgear,undefined,undefined
2941,2699,28:C6:8E:86:3D:66,Netgear,undefined,undefined
2942,2700,28:C6:8E:86:52:D2,Netgear,undefined,undefined
2943,2701,28:C6:8E:92:1A:46,Netgear,undefined,undefined
2944,2702,28:C6:8E:A0:D0:75,Netgear,undefined,undefined
2945,2703,28:C6:8E:A2:E7:1A,Netgear,undefined,undefined
2946,2704,28:C6:8E:A6:CE:78,Netgear,undefined,undefined
2947,2705,28:C6:8E:AC:89:98,Netgear,undefined,undefined
2948,2706,28:C6:8E:AC:DA:B2,Netgear,undefined,undefined
2949,2707,28:C6:8E:B6:4B:21,Netgear,undefined,undefined
2950,2708,28:C6:8E:B8:0B:E9,Netgear,undefined,undefined
2951,2709,28:C6:8E:B8:1E:C5,Netgear,undefined,undefined
2952,2710,28:C6:8E:BA:FE:F0,Netgear,undefined,undefined
2953,2711,28:C6:8E:BB:87:57,Netgear,undefined,undefined
2954,2712,28:C6:8E:BB:88:F8,Netgear,undefined,undefined
2955,2713,28:C6:8E:BB:8A:18,Netgear,undefined,undefined
2956,2714,28:C6:8E:BB:8C:1C,Netgear,undefined,undefined
2957,2715,28:C6:8E:BB:AD:28,Netgear,undefined,undefined
2958,2716,28:C6:8E:C0:82:D5,Netgear,undefined,undefined
2959,2717,28:C6:8E:C0:8E:84,Netgear,undefined,undefined
2960,2718,28:C6:8E:C0:90:55,Netgear,undefined,undefined
2961,2719,28:C6:8E:C1:CD:6C,Netgear,undefined,undefined
2962,2720,00:24:1E:44:B7:FF,Nintendo,undefined,undefined
2963,2720,28:C6:8E:C2:07:20,Netgear,undefined,undefined
2964,2721,28:C6:8E:C2:07:CE,Netgear,undefined,undefined
2965,2722,28:C6:8E:C2:41:FD,Netgear,undefined,undefined
2966,2723,28:C6:8E:C2:56:76,Netgear,undefined,undefined
2967,2724,10:A5:D0:E5:0F:56,Unknown,undefined,undefined
2968,2724,28:C6:8E:C2:57:AE,Netgear,undefined,undefined
2969,2725,28:C6:8E:C2:63:BA,Netgear,undefined,undefined
2970,2726,28:C6:8E:C2:65:7C,Netgear,undefined,undefined
2971,2727,28:C6:8E:C2:69:84,Netgear,undefined,undefined
2972,2728,28:C6:8E:C4:30:0B,Netgear,undefined,undefined
2973,2729,28:C6:8E:C5:07:CF,Netgear,undefined,undefined
2974,2730,28:C6:8E:C5:09:43,Netgear,undefined,undefined
2975,2731,28:C6:8E:C5:56:B2,Netgear,undefined,undefined
2976,2732,28:C6:8E:C6:1C:C0,Netgear,undefined,undefined
2977,2733,28:C6:8E:C6:27:DF,Netgear,undefined,undefined
2978,2734,28:C6:8E:C6:2A:DF,Netgear,undefined,undefined
2979,2735,28:C6:8E:C6:3D:E1,Netgear,undefined,undefined
2980,2736,28:C6:8E:C6:59:77,Netgear,undefined,undefined
2981,2737,10:AE:60:41:8F:FA,Unknown,undefined,undefined
2982,2737,28:C6:8E:C6:61:48,Netgear,undefined,undefined
2983,2738,28:C6:8E:C6:61:63,Netgear,undefined,undefined
2984,2739,28:C6:8E:C6:61:A8,Netgear,undefined,undefined
2985,2740,28:C6:8E:C6:6A:84,Netgear,undefined,undefined
2986,2741,28:C6:8E:E4:5C:2C,Netgear,undefined,undefined
2987,2742,28:C6:8E:E5:9A:BC,Netgear,undefined,undefined
2988,2743,28:C6:8E:E8:B0:88,Netgear,undefined,undefined
2989,2744,28:C6:8E:E8:FB:9A,Netgear,undefined,undefined
2990,2745,28:C6:8E:E9:9F:B0,Netgear,undefined,undefined
2991,2746,28:C6:8E:E9:B3:4B,Netgear,undefined,undefined
2992,2747,28:C6:8E:EB:42:24,Netgear,undefined,undefined
2993,2747,E4:98:D6:5B:E6:44,Apple,undefined,undefined
2994,2748,28:C6:8E:EE:95:DD,Netgear,undefined,undefined
2995,2749,28:C6:8E:EE:B5:30,Netgear,undefined,undefined
2996,2750,28:C6:8E:EE:E4:BE,Netgear,undefined,undefined
2997,2751,28:C6:8E:EF:30:4C,Netgear,undefined,undefined
2998,2752,28:CF:DA:B0:BA:A9,Apple,undefined,undefined
2999,2753,28:CF:DA:B0:D3:99,Apple,undefined,undefined
3000,2753,68:D9:3C:93:2B:FB,Unknown,undefined,undefined
3001,2754,28:CF:DA:B6:63:B5,Apple,undefined,undefined
3002,2759,2A:06:01:93:FB:93,Unknown,undefined,undefined
3003,2765,2A:A4:3C:04:09:CC,Unknown,undefined,undefined
3004,2766,2A:A4:3C:04:69:03,Unknown,undefined,undefined
3005,2767,2A:A4:3C:04:A7:46,Unknown,undefined,undefined
3006,2768,2A:A4:3C:04:A7:76,Unknown,undefined,undefined
3007,2769,2A:A4:3C:04:A7:9F,Unknown,undefined,undefined
3008,2770,2A:A4:3C:04:DC:27,Unknown,undefined,undefined
3009,2771,2A:A4:3C:69:05:1A,Unknown,undefined,undefined
3010,2772,2A:A4:3C:69:05:B8,Unknown,undefined,undefined
3011,2773,2A:A4:3C:69:05:EE,Unknown,undefined,undefined
3012,2774,00:13:20:7F:7B:7D,IntelCor,undefined,undefined
3013,2774,2A:A4:3C:6B:87:AA,Unknown,undefined,undefined
3014,2774,44:8A:5B:45:92:CB,Micro-St,undefined,undefined
3015,2774,74:D0:2B:9F:F1:8B,AsustekC,undefined,undefined
3016,2775,2A:A4:3C:7D:D6:F3,Unknown,undefined,undefined
3017,2776,2A:A4:3C:81:7F:23,Unknown,undefined,undefined
3018,2777,2A:A4:3C:81:7F:B3,Unknown,undefined,undefined
3019,2778,2A:A4:3C:81:80:0E,Unknown,undefined,undefined
3020,2779,2A:A4:3C:81:80:37,Unknown,undefined,undefined
3021,2780,2A:A4:3C:81:80:A0,Unknown,undefined,undefined
3022,2781,2A:A4:3C:81:81:21,Unknown,undefined,undefined
3023,2782,2A:A4:3C:99:F7:EE,Unknown,undefined,undefined
3024,2783,2A:A4:3C:99:F9:92,Unknown,undefined,undefined
3025,2784,2A:A4:3C:99:FB:77,Unknown,undefined,undefined
3026,2785,2A:A4:3C:A3:80:61,Unknown,undefined,undefined
3027,2786,2A:A4:3C:A3:82:39,Unknown,undefined,undefined
3028,2788,2A:C6:8E:24:C4:36,Unknown,undefined,undefined
3029,2790,2A:C6:8E:6E:54:36,Unknown,undefined,undefined
3030,2793,2C:26:C5:B2:C7:87,Zte,undefined,undefined
3031,2794,2C:26:C5:CA:73:3C,Zte,undefined,undefined
3032,2797,2C:44:FD:60:89:95,HewlettP,undefined,undefined
3033,2798,2C:44:FD:6A:80:F0,HewlettP,undefined,undefined
3034,2800,2C:44:FD:BE:BC:50,HewlettP,undefined,undefined
3035,2801,2C:44:FD:C4:81:3D,HewlettP,undefined,undefined
3036,2802,2C:44:FD:C4:B8:46,HewlettP,undefined,undefined
3037,2803,2C:44:FD:CF:45:CA,HewlettP,undefined,undefined
3038,2806,2C:59:E5:AC:D4:AE,HewlettP,undefined,undefined
3039,2807,2C:59:E5:C5:BF:7B,HewlettP,undefined,undefined
3040,2809,2C:59:E5:F2:5A:35,HewlettP,undefined,undefined
3041,2810,2C:5D:93:1C:18:68,Unknown,undefined,undefined
3042,2811,14:FE:B5:E7:A1:A5,Dell,undefined,undefined
3043,2811,2C:5D:93:35:74:48,Unknown,undefined,undefined
3044,2817,2C:6B:F5:0C:B6:20,JuniperN,undefined,undefined
3045,2818,2C:6B:F5:0C:B6:21,JuniperN,undefined,undefined
3046,2819,2C:76:8A:C1:A6:AE,Hewlett-,undefined,undefined
3047,2823,2C:B0:5D:1E:86:1A,Netgear,undefined,undefined
3048,2824,2C:B0:5D:2B:91:97,Netgear,undefined,undefined
3049,2826,2C:B0:5D:34:6D:68,Netgear,undefined,undefined
3050,2827,2C:B0:5D:37:C0:BF,Netgear,undefined,undefined
3051,2828,2C:B0:5D:38:2D:9A,Netgear,undefined,undefined
3052,2829,2C:B0:5D:3B:F3:9A,Netgear,undefined,undefined
3053,2829,EC:55:F9:7C:F2:4B,HonHaiPr,undefined,undefined
3054,2830,2C:B0:5D:3C:21:BA,Netgear,undefined,undefined
3055,2831,2C:B0:5D:3D:0A:B0,Netgear,undefined,undefined
3056,2833,2C:B0:5D:41:E4:AA,Netgear,undefined,undefined
3057,2834,2C:B0:5D:43:ED:A6,Netgear,undefined,undefined
3058,2835,2C:B0:5D:44:F6:14,Netgear,undefined,undefined
3059,2836,2C:B0:5D:47:8E:46,Netgear,undefined,undefined
3060,2837,2C:B0:5D:49:F7:C9,Netgear,undefined,undefined
3061,2838,2C:B0:5D:82:B2:F4,Netgear,undefined,undefined
3062,2839,2C:B0:5D:83:97:3E,Netgear,undefined,undefined
3063,2840,2C:B0:5D:97:C6:1A,Netgear,undefined,undefined
3064,2841,2C:B0:5D:A2:08:39,Netgear,undefined,undefined
3065,2842,2C:B0:5D:A9:02:36,Netgear,undefined,undefined
3066,2843,2C:B0:5D:A9:69:F0,Netgear,undefined,undefined
3067,2844,2C:B0:5D:AB:99:39,Netgear,undefined,undefined
3068,2845,2C:B0:5D:D9:BB:C8,Netgear,undefined,undefined
3069,2846,2C:B0:5D:DB:EF:E7,Netgear,undefined,undefined
3070,2847,2C:B0:5D:E1:4F:6B,Netgear,undefined,undefined
3071,2848,2C:B0:5D:E1:57:3D,Netgear,undefined,undefined
3072,2849,2C:B0:5D:E8:BD:9A,Netgear,undefined,undefined
3073,2850,2C:B0:5D:E8:D2:BF,Netgear,undefined,undefined
3074,2851,2C:B0:5D:E9:40:9F,Netgear,undefined,undefined
3075,2852,2C:B0:5D:EE:C5:DE,Netgear,undefined,undefined
3076,2852,4C:60:DE:CC:98:33,Netgear,undefined,undefined
3077,2852,FC:C2:DE:9C:97:B3,Unknown,undefined,undefined
3078,2853,2C:B0:5D:F3:BB:FB,Netgear,undefined,undefined
3079,2854,2C:B0:5D:F4:A1:18,Netgear,undefined,undefined
3080,2855,2C:B0:5D:F4:A3:07,Netgear,undefined,undefined
3081,2856,2C:B0:5D:F4:A5:32,Netgear,undefined,undefined
3082,2857,2C:B0:5D:FB:36:F8,Netgear,undefined,undefined
3083,2858,2C:B0:5D:FB:45:FD,Netgear,undefined,undefined
3084,2859,2C:B0:5D:FB:4E:A7,Netgear,undefined,undefined
3085,2864,2C:E6:CC:38:1D:28,RuckusWi,undefined,undefined
3086,2865,2C:E6:CC:38:2A:18,RuckusWi,undefined,undefined
3087,2865,78:31:C1:06:C3:10,Unknown,undefined,undefined
3088,2865,F4:1B:A1:0C:B6:C7,Apple,ARP,192.168.6.172
3089,2866,2C:E6:CC:38:2A:48,RuckusWi,undefined,undefined
3090,2867,2C:E6:CC:38:2C:48,RuckusWi,undefined,undefined
3091,2869,2C:E6:CC:38:2C:A8,RuckusWi,undefined,undefined
3092,2870,2C:E6:CC:38:2E:F8,RuckusWi,undefined,undefined
3093,2871,2C:E6:CC:38:63:F8,RuckusWi,undefined,undefined
3094,2872,2C:E6:CC:38:66:18,RuckusWi,undefined,undefined
3095,2873,00:21:6A:C6:7C:DC,IntelCor,ARP,10.59.5.69
3096,2873,2C:E6:CC:38:63:F0,RuckusWi,undefined,undefined
3097,2873,2C:E6:CC:38:67:F8,RuckusWi,undefined,undefined
3098,2873,2C:E6:CC:3A:D1:60,RuckusWi,undefined,undefined
3099,2873,34:23:BA:E9:DC:1F,SamsungE,undefined,undefined
3100,2874,2C:E6:CC:38:69:38,RuckusWi,undefined,undefined
3101,2875,2C:E6:CC:38:81:C8,RuckusWi,undefined,undefined
3102,2876,2C:E6:CC:3A:C5:88,RuckusWi,undefined,undefined
3103,2877,2C:E6:CC:3A:C5:A8,RuckusWi,undefined,undefined
3104,2877,F0:B4:79:15:C7:3E,Apple,undefined,undefined
3105,2878,2C:E6:CC:3A:CD:F8,RuckusWi,undefined,undefined
3106,2878,40:0E:85:0F:EE:29,SamsungE,undefined,undefined
3107,2879,2C:E6:CC:3A:D0:78,RuckusWi,undefined,undefined
3108,2880,2C:E6:CC:3A:D0:F8,RuckusWi,undefined,undefined
3109,2881,10:0B:A9:7D:AC:1C,IntelCor,undefined,undefined
3110,2881,2C:E6:CC:3A:D1:68,RuckusWi,undefined,undefined
3111,2882,00:21:6A:C6:7C:DC,IntelCor,ARP,10.59.5.69
3112,2882,2C:E6:CC:3A:D1:78,RuckusWi,undefined,undefined
3113,2882,60:67:20:49:8E:20,IntelCor,undefined,undefined
3114,2883,2C:BE:08:E1:CC:70,Unknown,ARP,192.168.0.86
3115,2883,2C:E6:CC:3A:D6:98,RuckusWi,undefined,undefined
3116,2890,2E:A4:3C:69:05:1A,Unknown,undefined,undefined
3117,2890,88:51:FB:51:E6:C9,HewlettP,ARP,192.168.1.24
3118,2891,2E:A4:3C:69:05:B8,Unknown,undefined,undefined
3119,2892,00:12:12:35:52:77,Plus,ARP,192.168.1.69
3120,2892,04:18:D6:5A:55:CB,Ubiquiti,undefined,undefined
3121,2892,24:A4:3C:68:05:B8,Ubiquiti,undefined,undefined
3122,2892,2E:A4:3C:69:05:EE,Unknown,undefined,undefined
3123,2892,88:51:FB:51:E6:C9,HewlettP,ARP,192.168.1.24
3124,2892,A4:1F:72:60:FF:F2,Dell,undefined,undefined
3125,2892,AC:81:12:CC:56:7C,GemtekTe,ARP,192.168.1.57
3126,2892,B8:AC:6F:B9:E0:10,Dell,ARP,192.168.1.29
3127,2892,CC:AF:78:02:D8:15,HonHaiPr,undefined,undefined
3128,2893,2E:A4:3C:6B:87:AA,Unknown,undefined,undefined
3129,2894,2E:A4:3C:7D:D6:F3,Unknown,undefined,undefined
3130,2895,2E:A4:3C:81:7F:23,Unknown,undefined,undefined
3131,2896,2E:A4:3C:81:7F:B3,Unknown,undefined,undefined
3132,2897,00:16:A4:FE:4A:6A,Ezurio,undefined,undefined
3133,2897,2E:A4:3C:81:80:0E,Unknown,undefined,undefined
3134,2898,2E:A4:3C:81:80:37,Unknown,undefined,undefined
3135,2899,2E:A4:3C:81:80:A0,Unknown,undefined,undefined
3136,2900,2E:A4:3C:81:81:21,Unknown,undefined,undefined
3137,2901,2E:A4:3C:99:F7:EE,Unknown,undefined,undefined
3138,2902,2E:A4:3C:99:F9:92,Unknown,undefined,undefined
3139,2903,2E:A4:3C:99:FB:77,Unknown,undefined,undefined
3140,2904,00:90:7F:A6:74:C5,Watchgua,undefined,undefined
3141,2904,2E:A4:3C:A3:80:61,Unknown,undefined,undefined
3142,2905,00:90:7F:A6:74:C5,Watchgua,undefined,undefined
3143,2905,2E:A4:3C:A3:82:39,Unknown,undefined,undefined
3144,2907,2E:C6:8E:16:A6:96,Unknown,undefined,undefined
3145,2908,2E:C6:8E:16:CB:3A,Unknown,undefined,undefined
3146,2909,2E:C6:8E:1E:63:09,Unknown,undefined,undefined
3147,2917,30:46:9A:01:16:78,Netgear,undefined,undefined
3148,2918,30:46:9A:09:6C:02,Netgear,undefined,undefined
3149,2919,30:46:9A:09:76:B4,Netgear,undefined,undefined
3150,2919,30:8C:FB:F7:10:DB,Dropcam,undefined,undefined
3151,2920,30:46:9A:0E:71:27,Netgear,undefined,undefined
3152,2920,DC:3A:5E:21:A8:1D,Roku,UDP/TCP,192.168.1.8
3153,2921,30:46:9A:17:8E:73,Netgear,undefined,undefined
3154,2922,30:46:9A:18:B4:0A,Netgear,undefined,undefined
3155,2922,EC:55:F9:98:07:A6,HonHaiPr,undefined,undefined
3156,2923,30:46:9A:1E:5B:B8,Netgear,undefined,undefined
3157,2924,30:46:9A:1E:5B:D2,Netgear,undefined,undefined
3158,2925,30:46:9A:3F:4E:8C,Netgear,undefined,undefined
3159,2926,30:46:9A:43:B8:DE,Netgear,undefined,undefined
3160,2927,30:46:9A:45:84:F6,Netgear,undefined,undefined
3161,2928,30:46:9A:49:F4:B4,Netgear,undefined,undefined
3162,2929,30:46:9A:52:D2:E4,Netgear,undefined,undefined
3163,2930,30:46:9A:58:4D:2A,Netgear,undefined,undefined
3164,2931,30:46:9A:5D:AC:C8,Netgear,undefined,undefined
3165,2932,30:46:9A:67:22:AA,Netgear,undefined,undefined
3166,2933,30:46:9A:69:69:CC,Netgear,undefined,undefined
3167,2934,30:46:9A:69:97:8E,Netgear,undefined,undefined
3168,2935,30:46:9A:69:9C:68,Netgear,undefined,undefined
3169,2936,30:46:9A:6A:16:EF,Netgear,undefined,undefined
3170,2936,30:59:B7:4A:EB:AD,Unknown,undefined,undefined
3171,2937,30:46:9A:6A:B6:CE,Netgear,undefined,undefined
3172,2938,30:46:9A:6A:C2:A6,Netgear,undefined,undefined
3173,2939,30:46:9A:6A:C3:0E,Netgear,undefined,undefined
3174,2940,30:46:9A:6A:CA:94,Netgear,undefined,undefined
3175,2941,30:46:9A:6A:CA:DE,Netgear,undefined,undefined
3176,2942,30:46:9A:6A:CA:FE,Netgear,undefined,undefined
3177,2943,30:46:9A:6A:CB:00,Netgear,undefined,undefined
3178,2944,30:46:9A:6A:CB:12,Netgear,undefined,undefined
3179,2945,30:46:9A:6A:CB:30,Netgear,undefined,undefined
3180,2946,30:46:9A:6A:CB:86,Netgear,undefined,undefined
3181,2947,30:46:9A:81:79:54,Netgear,undefined,undefined
3182,2948,30:46:9A:82:89:52,Netgear,undefined,undefined
3183,2949,30:46:9A:82:89:D2,Netgear,undefined,undefined
3184,2950,30:46:9A:82:89:E2,Netgear,undefined,undefined
3185,2951,30:46:9A:82:AE:66,Netgear,undefined,undefined
3186,2952,30:46:9A:87:77:3C,Netgear,undefined,undefined
3187,2953,30:46:9A:87:77:D0,Netgear,undefined,undefined
3188,2954,30:46:9A:87:79:A8,Netgear,undefined,undefined
3189,2955,30:46:9A:87:79:CA,Netgear,undefined,undefined
3190,2956,30:46:9A:87:7A:38,Netgear,undefined,undefined
3191,2957,30:46:9A:87:83:4E,Netgear,undefined,undefined
3192,2958,30:46:9A:87:84:76,Netgear,undefined,undefined
3193,2959,30:46:9A:87:87:46,Netgear,undefined,undefined
3194,2960,30:46:9A:87:88:4A,Netgear,undefined,undefined
3195,2961,30:46:9A:87:A9:A8,Netgear,undefined,undefined
3196,2962,30:46:9A:87:AA:22,Netgear,undefined,undefined
3197,2963,30:46:9A:87:AA:9C,Netgear,undefined,undefined
3198,2964,30:46:9A:89:51:8E,Netgear,undefined,undefined
3199,2965,30:46:9A:89:51:AE,Netgear,undefined,undefined
3200,2966,30:46:9A:8A:FB:DC,Netgear,undefined,undefined
3201,2967,30:46:9A:95:AC:48,Netgear,undefined,undefined
3202,2968,30:46:9A:99:CF:17,Netgear,undefined,undefined
3203,2969,30:46:9A:9A:FC:36,Netgear,undefined,undefined
3204,2970,30:46:9A:A0:90:68,Netgear,undefined,undefined
3205,2971,30:46:9A:A1:FD:F4,Netgear,undefined,undefined
3206,2972,30:60:23:56:53:F0,ArrisGro,undefined,undefined
3207,2973,30:60:23:5F:97:50,ArrisGro,undefined,undefined
3208,2974,30:60:23:62:4F:E0,ArrisGro,undefined,undefined
3209,2976,30:60:23:64:47:10,ArrisGro,undefined,undefined
3210,2977,30:60:23:65:34:70,ArrisGro,undefined,undefined
3211,2978,30:60:23:66:25:90,ArrisGro,undefined,undefined
3212,2979,30:60:23:77:0D:B0,ArrisGro,undefined,undefined
3213,2980,30:60:23:81:DA:D0,ArrisGro,undefined,undefined
3214,2980,64:5A:04:67:9D:1A,ChiconyE,undefined,undefined
3215,2981,30:60:23:82:32:20,ArrisGro,undefined,undefined
3216,2982,30:60:23:83:28:70,ArrisGro,undefined,undefined
3217,2983,30:60:23:8E:05:70,ArrisGro,undefined,undefined
3218,2984,30:60:23:99:59:C0,ArrisGro,undefined,undefined
3219,2985,30:60:23:B7:F5:70,ArrisGro,undefined,undefined
3220,2986,30:60:23:C1:A2:10,ArrisGro,undefined,undefined
3221,2987,30:60:23:C1:A7:00,ArrisGro,undefined,undefined
3222,2988,30:60:23:C1:AA:D0,ArrisGro,undefined,undefined
3223,2989,30:60:23:C1:F1:20,ArrisGro,undefined,undefined
3224,2990,30:60:23:C2:80:D0,ArrisGro,undefined,undefined
3225,2991,30:60:23:C2:DE:40,ArrisGro,undefined,undefined
3226,2992,30:60:23:C2:E8:20,ArrisGro,undefined,undefined
3227,2993,30:60:23:C5:C9:E0,ArrisGro,undefined,undefined
3228,2993,60:02:B4:84:AE:62,WistronN,undefined,undefined
3229,2994,30:60:23:C5:E3:80,ArrisGro,undefined,undefined
3230,2995,30:60:23:C6:5A:A0,ArrisGro,undefined,undefined
3231,2996,30:60:23:C6:AF:90,ArrisGro,undefined,undefined
3232,2997,30:60:23:C6:B4:B0,ArrisGro,undefined,undefined
3233,2998,30:60:23:C6:B5:60,ArrisGro,undefined,undefined
3234,2998,AC:81:12:69:0D:E6,GemtekTe,undefined,undefined
3235,2999,30:60:23:C6:E1:10,ArrisGro,undefined,undefined
3236,3000,30:60:23:C7:EC:80,ArrisGro,undefined,undefined
3237,3002,30:75:12:81:B1:E2,Unknown,undefined,undefined
3238,3003,30:85:A9:36:D4:DA,AsustekC,undefined,undefined
3239,3004,30:85:A9:6C:CA:F8,AsustekC,undefined,undefined
3240,3006,30:85:A9:6D:82:50,AsustekC,undefined,undefined
3241,3007,30:A8:DB:CE:CA:A9,Unknown,undefined,undefined
3242,3007,50:2E:5C:F5:CA:5D,Htc,undefined,undefined
3243,3007,84:78:8B:64:DE:DA,Unknown,undefined,undefined
3244,3007,90:68:C3:5E:81:56,Unknown,undefined,undefined
3245,3007,C0:BD:D1:53:A6:AE,Unknown,UDP/TCP,192.168.43.15
3246,3007,CC:3A:61:3E:1D:C3,SamsungE,undefined,undefined
3247,3007,E4:8B:7F:AE:5A:7E,Apple,undefined,undefined
3248,3012,32:46:9A:87:88:4B,Unknown,undefined,undefined
3249,3013,32:A4:3C:69:05:1A,Unknown,undefined,undefined
3250,3014,32:A4:3C:69:05:B8,Unknown,undefined,undefined
3251,3015,32:A4:3C:69:05:EE,Unknown,undefined,undefined
3252,3016,32:B0:5D:8B:D9:EC,Unknown,undefined,undefined
3253,3020,34:08:04:07:27:8C,D-Link,undefined,undefined
3254,3021,34:08:04:CE:13:2C,D-Link,undefined,undefined
3255,3022,34:08:04:D6:47:B4,D-Link,undefined,undefined
3256,3023,34:08:04:E1:15:8A,D-Link,undefined,undefined
3257,3025,34:23:87:C1:63:DE,HonHaiPr,undefined,undefined
3258,3026,34:23:87:C1:A2:25,HonHaiPr,undefined,undefined
3259,3045,34:64:A9:E8:2D:2E,Unknown,undefined,undefined
3260,3047,34:6F:90:BE:2F:00,Unknown,undefined,undefined
3261,3057,34:E0:CF:C1:31:1B,Zte,undefined,undefined
3262,3059,36:08:04:E1:15:8A,Unknown,undefined,undefined
3263,3062,36:A4:3C:04:47:1F,Unknown,undefined,undefined
3264,3063,36:A4:3C:04:47:D4,Unknown,undefined,undefined
3265,3064,36:A4:3C:04:47:DA,Unknown,undefined,undefined
3266,3065,36:A4:3C:04:48:3D,Unknown,undefined,undefined
3267,3066,36:A4:3C:04:48:BA,Unknown,undefined,undefined
3268,3067,36:A4:3C:04:48:C1,Unknown,undefined,undefined
3269,3068,36:A4:3C:04:49:0A,Unknown,undefined,undefined
3270,3069,36:A4:3C:04:49:0B,Unknown,undefined,undefined
3271,3070,36:A4:3C:04:49:0C,Unknown,undefined,undefined
3272,3071,36:A4:3C:04:49:2B,Unknown,undefined,undefined
3273,3072,36:A4:3C:04:49:2C,Unknown,undefined,undefined
3274,3073,36:A4:3C:04:68:CC,Unknown,undefined,undefined
3275,3074,36:A4:3C:04:6A:E6,Unknown,undefined,undefined
3276,3075,36:A4:3C:04:6B:A7,Unknown,undefined,undefined
3277,3076,36:A4:3C:04:6B:A8,Unknown,undefined,undefined
3278,3077,36:A4:3C:04:6B:C3,Unknown,undefined,undefined
3279,3078,36:A4:3C:04:6C:1D,Unknown,undefined,undefined
3280,3079,36:A4:3C:04:6C:CB,Unknown,undefined,undefined
3281,3080,36:A4:3C:04:6C:CD,Unknown,undefined,undefined
3282,3081,36:A4:3C:04:6D:21,Unknown,undefined,undefined
3283,3082,36:A4:3C:04:6D:66,Unknown,undefined,undefined
3284,3087,38:1C:1A:23:46:C0,Unknown,undefined,undefined
3285,3088,38:1C:1A:23:46:C1,Unknown,undefined,undefined
3286,3089,38:1C:1A:23:46:C2,Unknown,undefined,undefined
3287,3091,38:1C:1A:D5:CE:73,Unknown,undefined,undefined
3288,3092,38:2C:4A:A1:83:80,Unknown,undefined,undefined
3289,3093,38:2C:4A:C4:7E:8C,Unknown,undefined,undefined
3290,3096,38:4F:F0:5D:06:0D,Azurewav,undefined,undefined
3291,3099,38:63:BB:D0:F0:38,Unknown,undefined,undefined
3292,3100,38:6B:BB:02:81:90,ArrisGro,undefined,undefined
3293,3101,38:6B:BB:22:B4:00,ArrisGro,undefined,undefined
3294,3102,38:6B:BB:30:7C:70,ArrisGro,undefined,undefined
3295,3104,38:6B:BB:3A:17:F0,ArrisGro,undefined,undefined
3296,3105,38:6B:BB:5D:5E:70,ArrisGro,undefined,undefined
3297,3106,38:6B:BB:5D:E1:50,ArrisGro,undefined,undefined
3298,3107,38:72:C0:1D:56:D1,Comtrend,undefined,undefined
3299,3108,38:72:C0:41:A3:03,Comtrend,undefined,undefined
3300,3109,38:72:C0:41:F4:48,Comtrend,undefined,undefined
3301,3110,38:72:C0:41:F9:34,Comtrend,undefined,undefined
3302,3111,38:72:C0:41:F9:48,Comtrend,undefined,undefined
3303,3113,38:72:C0:42:8F:52,Comtrend,undefined,undefined
3304,3114,38:72:C0:42:91:D7,Comtrend,undefined,undefined
3305,3115,38:72:C0:53:DA:EE,Comtrend,undefined,undefined
3306,3116,38:72:C0:53:DC:10,Comtrend,undefined,undefined
3307,3117,1C:C1:DE:5B:E0:0D,Hewlett-,undefined,undefined
3308,3117,38:72:C0:5B:F9:3F,Comtrend,undefined,undefined
3309,3118,38:72:C0:AE:3D:7E,Comtrend,undefined,undefined
3310,3119,38:72:C0:AE:52:38,Comtrend,undefined,undefined
3311,3120,38:72:C0:F0:97:D9,Comtrend,undefined,undefined
3312,3121,38:72:C0:F0:98:06,Comtrend,undefined,undefined
3313,3122,38:72:C0:F0:98:BF,Comtrend,undefined,undefined
3314,3122,40:78:6A:FA:8B:2A,Unknown,undefined,undefined
3315,3123,38:83:45:87:F5:C0,Tp-LinkT,undefined,undefined
3316,3129,38:EA:A7:4C:2D:1C,HewlettP,undefined,undefined
3317,3130,38:EA:A7:BF:65:34,HewlettP,undefined,undefined
3318,3131,3A:18:0A:27:72:24,Unknown,undefined,undefined
3319,3140,3C:36:E4:36:B8:E0,Unknown,undefined,undefined
3320,3141,3C:36:E4:39:1C:E0,Unknown,undefined,undefined
3321,3142,3C:36:E4:39:3A:40,Unknown,undefined,undefined
3322,3143,3C:36:E4:39:53:F0,Unknown,undefined,undefined
3323,3144,3C:36:E4:6E:31:F0,Unknown,undefined,undefined
3324,3145,3C:36:E4:6E:51:B0,Unknown,undefined,undefined
3325,3146,3C:36:E4:70:84:50,Unknown,undefined,undefined
3326,3147,3C:36:E4:71:D4:90,Unknown,undefined,undefined
3327,3148,3C:36:E4:7A:85:C0,Unknown,undefined,undefined
3328,3150,3C:36:E4:7C:AE:60,Unknown,undefined,undefined
3329,3151,3C:36:E4:F4:CE:50,Unknown,undefined,undefined
3330,3152,3C:36:E4:F6:88:A0,Unknown,undefined,undefined
3331,3153,3C:36:E4:F8:2A:10,Unknown,undefined,undefined
3332,3154,3C:36:E4:F9:17:E0,Unknown,undefined,undefined
3333,3158,3C:77:E6:A2:EB:78,HonHaiPr,undefined,undefined
3334,3159,3C:77:E6:A2:F2:85,HonHaiPr,undefined,undefined
3335,3160,3C:77:E6:A3:1C:0E,HonHaiPr,undefined,undefined
3336,3165,3C:CE:73:6D:17:70,Cisco,undefined,undefined
3337,3166,3C:CE:73:6D:17:71,Cisco,undefined,undefined
3338,3167,3C:CE:73:6D:17:72,Cisco,undefined,undefined
3339,3168,3C:CE:73:6D:17:73,Cisco,undefined,undefined
3340,3169,3C:CE:73:6D:17:74,Cisco,undefined,undefined
3341,3171,3C:D9:2B:7E:A5:41,Hewlett-,undefined,undefined
3342,3172,3C:D9:2B:7E:A5:42,Hewlett-,undefined,undefined
3343,3173,3C:D9:2B:7E:A5:44,Hewlett-,undefined,undefined
3344,3188,40:16:7E:2C:F0:A0,Unknown,undefined,undefined
3345,3188,BC:5F:F4:7A:36:18,AsrockIn,undefined,undefined
3346,3189,00:24:23:09:23:46,Azurewav,undefined,undefined
3347,3189,40:16:7E:2C:F0:A1,Unknown,undefined,undefined
3348,3190,0C:15:39:04:5A:7A,Unknown,undefined,undefined
3349,3190,40:16:7E:2D:E7:30,Unknown,undefined,undefined
3350,3191,40:16:7E:2E:1A:58,Unknown,undefined,undefined
3351,3192,20:CF:30:94:99:BA,AsustekC,undefined,undefined
3352,3192,40:16:7E:58:2F:28,Unknown,undefined,undefined
3353,3193,40:16:7E:5B:73:00,Unknown,undefined,undefined
3354,3194,40:16:7E:6C:79:E8,Unknown,undefined,undefined
3355,3195,40:16:7E:6C:7A:78,Unknown,undefined,undefined
3356,3196,40:16:7E:6C:95:68,Unknown,undefined,undefined
3357,3197,40:16:7E:BD:CF:00,Unknown,undefined,undefined
3358,3198,40:18:B1:5D:BE:94,Aerohive,undefined,undefined
3359,3199,40:18:B1:5D:BE:95,Aerohive,undefined,undefined
3360,3199,FC:C2:DE:12:8F:8E,Unknown,undefined,undefined
3361,3201,40:25:C2:BA:58:F1,IntelCor,undefined,undefined
3362,3203,40:3C:FC:06:C8:59,Apple,undefined,undefined
3363,3203,DC:9B:9C:13:69:1E,Unknown,undefined,undefined
3364,3204,40:4A:03:C1:EF:AA,ZyxelCom,undefined,undefined
3365,3212,40:8B:07:F1:E4:91,Actionte,undefined,undefined
3366,3213,40:8B:07:F1:F7:99,Actionte,undefined,undefined
3367,3214,40:8B:07:F2:DF:29,Actionte,undefined,undefined
3368,3215,00:08:89:33:5E:75,Echostar,undefined,undefined
3369,3215,40:8B:07:F3:22:BB,Actionte,undefined,undefined
3370,3216,40:8B:07:F3:57:DD,Actionte,undefined,undefined
3371,3217,40:8B:07:F3:FB:45,Actionte,undefined,undefined
3372,3218,40:8B:07:F4:7F:7B,Actionte,undefined,undefined
3373,3219,40:8B:07:F4:8B:C3,Actionte,undefined,undefined
3374,3220,40:8B:07:F4:B1:D9,Actionte,undefined,undefined
3375,3221,40:8B:07:F5:66:9F,Actionte,undefined,undefined
3376,3222,00:24:D7:1A:37:3C,IntelCor,undefined,undefined
3377,3222,40:8B:07:F7:99:B4,Actionte,undefined,undefined
3378,3222,40:8B:07:F7:99:B5,Actionte,undefined,undefined
3379,3223,40:A8:F0:6A:2A:D0,Unknown,undefined,undefined
3380,3224,40:A8:F0:6A:64:ED,Unknown,undefined,undefined
3381,3227,40:B7:F3:0F:A7:90,ArrisGro,undefined,undefined
3382,3228,40:B7:F3:1A:3B:B0,ArrisGro,undefined,undefined
3383,3229,40:B7:F3:24:B2:F0,ArrisGro,undefined,undefined
3384,3230,00:90:A9:3A:65:D0,WesternD,undefined,undefined
3385,3230,40:B7:F3:32:10:90,ArrisGro,undefined,undefined
3386,3231,40:B7:F3:40:1A:B0,ArrisGro,undefined,undefined
3387,3232,40:B7:F3:40:BB:00,ArrisGro,undefined,undefined
3388,3233,40:B7:F3:61:AF:C0,ArrisGro,undefined,undefined
3389,3234,40:B7:F3:63:B6:C0,ArrisGro,undefined,undefined
3390,3235,40:B7:F3:64:CC:B0,ArrisGro,undefined,undefined
3391,3236,40:B7:F3:DF:24:00,ArrisGro,undefined,undefined
3392,3237,40:B7:F3:DF:8A:60,ArrisGro,undefined,undefined
3393,3238,40:B7:F3:E6:16:B0,ArrisGro,undefined,undefined
3394,3238,BC:30:7D:88:9C:8A,Unknown,undefined,undefined
3395,3239,40:B7:F3:E9:32:B0,ArrisGro,undefined,undefined
3396,3240,40:B7:F3:EC:13:C0,ArrisGro,undefined,undefined
3397,3241,40:B7:F3:EE:A0:D0,ArrisGro,undefined,undefined
3398,3248,44:1E:A1:E8:B5:5D,Hewlett-,undefined,undefined
3399,3255,44:94:FC:00:F7:3B,Netgear,undefined,undefined
3400,3256,44:94:FC:01:F3:44,Netgear,undefined,undefined
3401,3257,20:68:9D:16:FC:8C,LiteonTe,undefined,undefined
3402,3257,44:94:FC:02:FD:4B,Netgear,undefined,undefined
3403,3258,44:94:FC:0A:A5:64,Netgear,undefined,undefined
3404,3259,44:94:FC:3A:2F:62,Netgear,undefined,undefined
3405,3260,44:94:FC:3F:18:FD,Netgear,undefined,undefined
3406,3261,44:94:FC:42:28:66,Netgear,undefined,undefined
3407,3262,44:94:FC:46:2A:98,Netgear,undefined,undefined
3408,3263,44:94:FC:46:CB:58,Netgear,undefined,undefined
3409,3264,44:94:FC:47:42:78,Netgear,undefined,undefined
3410,3265,44:94:FC:47:54:B0,Netgear,undefined,undefined
3411,3266,44:94:FC:52:F9:CB,Netgear,undefined,undefined
3412,3266,AC:3A:7A:17:24:99,Unknown,undefined,undefined
3413,3267,10:AE:60:B0:CB:EF,Unknown,undefined,undefined
3414,3267,44:94:FC:53:2E:3C,Netgear,undefined,undefined
3415,3268,44:94:FC:54:57:B3,Netgear,undefined,undefined
3416,3270,44:94:FC:62:BE:36,Netgear,undefined,undefined
3417,3270,BC:85:56:C0:5C:93,HonHaiPr,undefined,undefined
3418,3271,44:94:FC:62:C2:26,Netgear,undefined,undefined
3419,3271,70:18:8B:83:4B:33,HonHaiPr,undefined,undefined
3420,3271,C4:46:19:62:16:38,HonHaiPr,undefined,undefined
3421,3271,E0:3F:49:90:51:08,Unknown,undefined,undefined
3422,3272,44:94:FC:63:AD:17,Netgear,undefined,undefined
3423,3273,44:94:FC:63:CF:C7,Netgear,undefined,undefined
3424,3274,44:94:FC:63:F4:AE,Netgear,undefined,undefined
3425,3275,44:94:FC:65:53:64,Netgear,undefined,undefined
3426,3276,44:94:FC:65:C0:D6,Netgear,undefined,undefined
3427,3277,44:94:FC:65:C7:BD,Netgear,undefined,undefined
3428,3278,44:94:FC:65:C7:DE,Netgear,undefined,undefined
3429,3279,44:94:FC:65:C8:8C,Netgear,undefined,undefined
3430,3280,44:94:FC:65:CA:99,Netgear,undefined,undefined
3431,3281,44:94:FC:73:52:8A,Netgear,undefined,undefined
3432,3282,44:94:FC:75:D6:62,Netgear,undefined,undefined
3433,3283,44:94:FC:75:F6:28,Netgear,undefined,undefined
3434,3284,44:94:FC:77:74:34,Netgear,undefined,undefined
3435,3285,44:94:FC:77:F8:74,Netgear,undefined,undefined
3436,3286,44:94:FC:78:1E:84,Netgear,undefined,undefined
3437,3287,44:94:FC:7E:45:4A,Netgear,undefined,undefined
3438,3288,44:94:FC:8C:EC:A5,Netgear,undefined,undefined
3439,3289,44:94:FC:8D:1D:65,Netgear,undefined,undefined
3440,3290,44:94:FC:8D:30:E8,Netgear,undefined,undefined
3441,3291,44:94:FC:90:11:D0,Netgear,undefined,undefined
3442,3292,44:94:FC:91:08:D1,Netgear,undefined,undefined
3443,3293,44:94:FC:91:C5:09,Netgear,undefined,undefined
3444,3294,44:94:FC:91:CF:EC,Netgear,undefined,undefined
3445,3295,44:94:FC:91:D4:FF,Netgear,undefined,undefined
3446,3296,44:94:FC:91:D7:45,Netgear,undefined,undefined
3447,3298,44:94:FC:91:DF:85,Netgear,undefined,undefined
3448,3299,44:94:FC:94:6A:F7,Netgear,undefined,undefined
3449,3300,44:94:FC:94:86:90,Netgear,undefined,undefined
3450,3301,44:94:FC:98:E5:56,Netgear,undefined,undefined
3451,3302,44:94:FC:99:B5:F6,Netgear,undefined,undefined
3452,3303,44:94:FC:9C:3F:43,Netgear,undefined,undefined
3453,3304,00:19:21:11:D9:00,Elitegro,undefined,undefined
3454,3304,44:94:FC:9C:3F:DF,Netgear,undefined,undefined
3455,3304,B0:E8:92:0F:59:BD,SeikoEps,undefined,undefined
3456,3305,44:94:FC:9C:41:87,Netgear,undefined,undefined
3457,3306,00:0D:C5:42:1A:31,Echostar,undefined,undefined
3458,3306,44:94:FC:A0:C3:D9,Netgear,undefined,undefined
3459,3307,44:94:FC:A0:DF:53,Netgear,undefined,undefined
3460,3308,44:94:FC:A0:E1:29,Netgear,undefined,undefined
3461,3309,44:94:FC:A1:15:E5,Netgear,undefined,undefined
3462,3310,44:94:FC:A2:2E:8D,Netgear,undefined,undefined
3463,3311,44:94:FC:A3:58:A7,Netgear,undefined,undefined
3464,3312,44:94:FC:A6:C8:9F,Netgear,undefined,undefined
3465,3313,44:94:FC:A7:3E:DC,Netgear,undefined,undefined
3466,3314,44:94:FC:A7:84:51,Netgear,undefined,undefined
3467,3315,44:C3:06:10:00:39,Unknown,undefined,undefined
3468,3316,44:D3:CA:3D:52:F0,Cisco,undefined,undefined
3469,3318,44:E1:37:1F:EE:20,Unknown,undefined,undefined
3470,3319,44:E1:37:28:97:A0,Unknown,undefined,undefined
3471,3320,44:E1:37:41:89:40,Unknown,undefined,undefined
3472,3327,46:94:FC:65:53:64,Unknown,undefined,undefined
3473,3327,EC:F0:0E:0D:06:1C,Abocom,undefined,undefined
3474,3329,48:28:2F:AA:34:CA,Zte,undefined,undefined
3475,3331,48:5A:B6:14:D4:52,Unknown,undefined,undefined
3476,3332,48:5A:B6:14:D5:C3,Unknown,undefined,undefined
3477,3343,48:D7:05:F3:4D:F2,Unknown,undefined,undefined
3478,3348,48:F8:B3:02:1E:6F,Cisco-Li,undefined,undefined
3479,3349,48:F8:B3:03:9B:F4,Cisco-Li,undefined,undefined
3480,3350,48:F8:B3:04:AA:A5,Cisco-Li,undefined,undefined
3481,3351,48:F8:B3:0A:5C:27,Cisco-Li,undefined,undefined
3482,3352,48:F8:B3:0E:B9:28,Cisco-Li,undefined,undefined
3483,3353,48:F8:B3:15:98:5D,Cisco-Li,undefined,undefined
3484,3353,AC:81:12:C5:78:F8,GemtekTe,undefined,undefined
3485,3354,48:F8:B3:15:98:A5,Cisco-Li,undefined,undefined
3486,3354,AC:81:12:C5:78:F8,GemtekTe,undefined,undefined
3487,3355,48:F8:B3:20:E3:25,Cisco-Li,undefined,undefined
3488,3356,48:F8:B3:20:E3:27,Cisco-Li,undefined,undefined
3489,3357,00:71:CC:30:ED:7F,Unknown,undefined,undefined
3490,3357,48:F8:B3:22:9D:59,Cisco-Li,undefined,undefined
3491,3358,48:F8:B3:28:1C:71,Cisco-Li,undefined,undefined
3492,3359,48:F8:B3:29:B1:F0,Cisco-Li,undefined,undefined
3493,3359,B4:75:0E:B8:26:1F,BelkinIn,UDP/TCP,192.168.1.125
3494,3360,48:F8:B3:29:CB:E5,Cisco-Li,undefined,undefined
3495,3361,48:F8:B3:30:11:1A,Cisco-Li,undefined,undefined
3496,3362,48:F8:B3:33:FA:E3,Cisco-Li,undefined,undefined
3497,3363,48:F8:B3:34:02:2A,Cisco-Li,undefined,undefined
3498,3364,48:F8:B3:34:D1:28,Cisco-Li,undefined,undefined
3499,3365,48:F8:B3:34:D1:29,Cisco-Li,undefined,undefined
3500,3366,48:F8:B3:36:2C:27,Cisco-Li,undefined,undefined
3501,3367,48:F8:B3:3A:99:F9,Cisco-Li,undefined,undefined
3502,3368,48:F8:B3:3A:99:FB,Cisco-Li,undefined,undefined
3503,3369,48:F8:B3:3A:D5:4A,Cisco-Li,undefined,undefined
3504,3370,48:F8:B3:3C:86:3A,Cisco-Li,undefined,undefined
3505,3371,48:F8:B3:3E:5D:BF,Cisco-Li,undefined,undefined
3506,3372,48:F8:B3:3E:5D:C1,Cisco-Li,undefined,undefined
3507,3373,48:F8:B3:3F:F5:FF,Cisco-Li,undefined,undefined
3508,3374,48:F8:B3:3F:F6:00,Cisco-Li,undefined,undefined
3509,3375,48:F8:B3:43:96:99,Cisco-Li,undefined,undefined
3510,3376,48:F8:B3:47:EA:2D,Cisco-Li,undefined,undefined
3511,3376,7C:DD:90:73:01:93,Shenzhen,undefined,undefined
3512,3377,48:F8:B3:4A:33:88,Cisco-Li,undefined,undefined
3513,3378,48:F8:B3:4A:96:8A,Cisco-Li,undefined,undefined
3514,3379,48:F8:B3:4C:D8:84,Cisco-Li,undefined,undefined
3515,3380,48:F8:B3:4F:FA:4D,Cisco-Li,undefined,undefined
3516,3381,48:F8:B3:4F:FA:7F,Cisco-Li,undefined,undefined
3517,3382,48:F8:B3:4F:FA:81,Cisco-Li,undefined,undefined
3518,3383,48:F8:B3:50:46:60,Cisco-Li,undefined,undefined
3519,3384,48:F8:B3:50:4C:F5,Cisco-Li,undefined,undefined
3520,3385,48:F8:B3:50:4C:F7,Cisco-Li,undefined,undefined
3521,3387,48:F8:B3:52:7B:11,Cisco-Li,undefined,undefined
3522,3387,FC:C2:DE:F3:F8:48,Unknown,undefined,undefined
3523,3388,48:F8:B3:52:7B:13,Cisco-Li,undefined,undefined
3524,3389,48:F8:B3:58:6F:87,Cisco-Li,undefined,undefined
3525,3390,48:F8:B3:58:92:23,Cisco-Li,undefined,undefined
3526,3391,48:F8:B3:6A:8C:80,Cisco-Li,undefined,undefined
3527,3392,48:F8:B3:6A:E5:48,Cisco-Li,undefined,undefined
3528,3393,48:F8:B3:6E:98:D8,Cisco-Li,undefined,undefined
3529,3394,48:F8:B3:6E:9D:70,Cisco-Li,undefined,undefined
3530,3396,48:F8:B3:7A:92:9E,Cisco-Li,undefined,undefined
3531,3397,48:F8:B3:7A:D9:00,Cisco-Li,undefined,undefined
3532,3398,48:F8:B3:7E:BE:93,Cisco-Li,undefined,undefined
3533,3398,70:DE:E2:2A:92:82,Apple,undefined,undefined
3534,3398,78:FD:94:70:89:AD,Unknown,undefined,undefined
3535,3399,48:F8:B3:84:25:2D,Cisco-Li,undefined,undefined
3536,3400,48:F8:B3:9D:C5:B1,Cisco-Li,undefined,undefined
3537,3401,48:F8:B3:A6:57:38,Cisco-Li,undefined,undefined
3538,3402,48:F8:B3:AA:AC:C3,Cisco-Li,undefined,undefined
3539,3403,48:F8:B3:B3:C1:A8,Cisco-Li,undefined,undefined
3540,3404,48:F8:B3:B7:60:4B,Cisco-Li,undefined,undefined
3541,3404,48:F8:B3:B7:60:4C,Cisco-Li,undefined,undefined
3542,3405,48:F8:B3:B8:C1:D5,Cisco-Li,undefined,undefined
3543,3406,48:F8:B3:C0:D2:2A,Cisco-Li,undefined,undefined
3544,3407,40:25:C2:8E:29:DC,IntelCor,undefined,undefined
3545,3407,48:F8:B3:C1:72:DA,Cisco-Li,undefined,undefined
3546,3408,48:F8:B3:C1:E0:12,Cisco-Li,undefined,undefined
3547,3409,48:F8:B3:C2:68:FA,Cisco-Li,undefined,undefined
3548,3410,48:F8:B3:C2:AC:42,Cisco-Li,undefined,undefined
3549,3411,48:F8:B3:C2:DC:36,Cisco-Li,undefined,undefined
3550,3412,48:F8:B3:C3:34:3E,Cisco-Li,undefined,undefined
3551,3413,48:F8:B3:C3:F7:FD,Cisco-Li,undefined,undefined
3552,3414,48:F8:B3:C6:78:F3,Cisco-Li,undefined,undefined
3553,3415,48:F8:B3:D0:33:C3,Cisco-Li,undefined,undefined
3554,3415,48:F8:B3:D0:33:C4,Cisco-Li,undefined,undefined
3555,3416,00:E0:B8:E6:D2:D2,Gateway2,undefined,undefined
3556,3416,48:F8:B3:D0:DB:94,Cisco-Li,undefined,undefined
3557,3417,48:F8:B3:D1:4A:08,Cisco-Li,undefined,undefined
3558,3418,48:F8:B3:D2:A5:A1,Cisco-Li,undefined,undefined
3559,3419,48:F8:B3:D2:B2:29,Cisco-Li,undefined,undefined
3560,3420,48:F8:B3:D2:CF:49,Cisco-Li,undefined,undefined
3561,3421,48:F8:B3:D2:F6:A1,Cisco-Li,undefined,undefined
3562,3421,74:E5:43:3E:E2:A3,LiteonTe,undefined,undefined
3563,3421,96:10:3E:A6:8B:98,Unknown,undefined,undefined
3564,3422,48:F8:B3:D3:BD:93,Cisco-Li,undefined,undefined
3565,3427,4A:94:FC:A6:2D:C4,Unknown,undefined,undefined
3566,3430,4A:F8:B3:02:1E:61,Unknown,undefined,undefined
3567,3431,4A:F8:B3:7A:92:90,Unknown,undefined,undefined
3568,3432,4A:F8:B3:7A:92:9F,Unknown,undefined,undefined
3569,3433,4A:F8:B3:7A:D9:02,Unknown,undefined,undefined
3570,3434,4A:F8:B3:7D:E2:5A,Unknown,undefined,undefined
3571,3435,4A:F8:B3:7D:FC:45,Unknown,undefined,undefined
3572,3436,4A:F8:B3:7E:BE:95,Unknown,undefined,undefined
3573,3437,4A:F8:B3:A6:57:39,Unknown,undefined,undefined
3574,3438,4A:F8:B3:A6:57:3A,Unknown,undefined,undefined
3575,3439,4A:F8:B3:AA:AC:C5,Unknown,undefined,undefined
3576,3440,4A:F8:B3:B7:60:4E,Unknown,undefined,undefined
3577,3441,4A:F8:B3:B8:C1:D7,Unknown,undefined,undefined
3578,3442,4A:F8:B3:C2:68:FB,Unknown,undefined,undefined
3579,3443,4A:F8:B3:C2:AC:43,Unknown,undefined,undefined
3580,3444,4A:F8:B3:C3:F7:FE,Unknown,undefined,undefined
3581,3445,4A:F8:B3:C4:60:82,Unknown,undefined,undefined
3582,3446,4A:F8:B3:D0:33:C5,Unknown,undefined,undefined
3583,3447,4A:F8:B3:D1:4A:09,Unknown,undefined,undefined
3584,3448,4A:F8:B3:D2:B2:2A,Unknown,undefined,undefined
3585,3449,4A:F8:B3:D2:CF:4A,Unknown,undefined,undefined
3586,3450,4C:5E:0C:31:47:F7,Routerbo,undefined,undefined
3587,3451,4C:5E:0C:58:11:19,Routerbo,undefined,undefined
3588,3453,4C:60:DE:2D:66:D2,Netgear,undefined,undefined
3589,3454,4C:60:DE:2E:40:98,Netgear,undefined,undefined
3590,3455,4C:60:DE:2E:AF:2E,Netgear,undefined,undefined
3591,3455,B0:10:41:15:42:7B,Unknown,undefined,undefined
3592,3456,4C:60:DE:32:68:F3,Netgear,undefined,undefined
3593,3457,4C:60:DE:39:6C:16,Netgear,undefined,undefined
3594,3458,4C:60:DE:39:E3:2E,Netgear,undefined,undefined
3595,3459,4C:60:DE:3A:8D:EE,Netgear,undefined,undefined
3596,3460,4C:60:DE:3B:60:16,Netgear,undefined,undefined
3597,3461,4C:60:DE:3B:83:BC,Netgear,undefined,undefined
3598,3461,60:45:BD:9D:70:22,Microsof,undefined,undefined
3599,3462,4C:60:DE:3C:95:FA,Netgear,undefined,undefined
3600,3463,4C:60:DE:3D:1C:28,Netgear,undefined,undefined
3601,3464,4C:60:DE:3D:1F:50,Netgear,undefined,undefined
3602,3465,4C:60:DE:3F:5D:70,Netgear,undefined,undefined
3603,3466,4C:60:DE:40:18:61,Netgear,undefined,undefined
3604,3468,4C:60:DE:4D:ED:A6,Netgear,undefined,undefined
3605,3469,4C:60:DE:4D:FD:EC,Netgear,undefined,undefined
3606,3469,F4:F1:E1:7D:13:A4,Unknown,undefined,undefined
3607,3470,4C:60:DE:50:C5:90,Netgear,undefined,undefined
3608,3471,4C:60:DE:51:4A:8F,Netgear,undefined,undefined
3609,3471,60:02:B4:AF:85:67,WistronN,undefined,undefined
3610,3473,4C:60:DE:9C:76:0A,Netgear,undefined,undefined
3611,3474,4C:60:DE:9D:B0:3B,Netgear,undefined,undefined
3612,3475,4C:60:DE:9D:BC:A1,Netgear,undefined,undefined
3613,3476,4C:60:DE:9E:59:1D,Netgear,undefined,undefined
3614,3477,4C:60:DE:9E:59:20,Netgear,undefined,undefined
3615,3478,4C:60:DE:9E:5A:CD,Netgear,undefined,undefined
3616,3479,4C:60:DE:9E:5B:B1,Netgear,undefined,undefined
3617,3480,4C:60:DE:A2:4D:68,Netgear,undefined,undefined
3618,3481,4C:60:DE:A5:BC:81,Netgear,undefined,undefined
3619,3482,4C:60:DE:A7:0B:BD,Netgear,undefined,undefined
3620,3483,4C:60:DE:A8:A9:63,Netgear,undefined,undefined
3621,3484,4C:60:DE:A8:AA:BC,Netgear,undefined,undefined
3622,3485,4C:60:DE:A8:B2:CC,Netgear,undefined,undefined
3623,3486,4C:60:DE:A9:EE:65,Netgear,undefined,undefined
3624,3487,4C:60:DE:AC:D0:86,Netgear,undefined,undefined
3625,3488,4C:60:DE:AF:FF:EB,Netgear,undefined,undefined
3626,3489,4C:60:DE:BA:F3:F0,Netgear,undefined,undefined
3627,3490,4C:60:DE:C5:AD:98,Netgear,undefined,undefined
3628,3491,4C:60:DE:CF:DC:30,Netgear,undefined,undefined
3629,3492,4C:60:DE:CF:E2:52,Netgear,undefined,undefined
3630,3493,4C:60:DE:D0:6E:4A,Netgear,undefined,undefined
3631,3494,4C:60:DE:D1:10:14,Netgear,undefined,undefined
3632,3494,DC:3A:5E:63:4E:75,Roku,undefined,undefined
3633,3494,DC:3A:5E:63:BB:C9,Roku,undefined,undefined
3634,3495,4C:60:DE:D8:33:37,Netgear,undefined,undefined
3635,3496,4C:60:DE:DD:21:12,Netgear,undefined,undefined
3636,3497,4C:60:DE:DD:B9:DA,Netgear,undefined,undefined
3637,3498,4C:60:DE:DD:E1:9A,Netgear,undefined,undefined
3638,3499,4C:60:DE:E1:FB:44,Netgear,undefined,undefined
3639,3500,4C:60:DE:E4:97:41,Netgear,undefined,undefined
3640,3501,4C:60:DE:E6:A6:B9,Netgear,undefined,undefined
3641,3502,4C:60:DE:2E:AF:2E,Netgear,UDP/TCP,192.168.1.29
3642,3502,4C:60:DE:E7:F0:A9,Netgear,undefined,undefined
3643,3503,4C:60:DE:FF:12:84,Netgear,undefined,undefined
3644,3511,4C:CB:F5:5B:E5:45,Zte,undefined,undefined
3645,3512,4C:E6:76:AA:29:5A,Buffalo,undefined,undefined
3646,3515,4E:5E:0C:31:47:F8,Unknown,undefined,undefined
3647,3516,4E:5E:0C:58:11:19,Unknown,undefined,undefined
3648,3517,4E:5E:0C:58:11:1A,Unknown,undefined,undefined
3649,3518,4C:60:DE:2E:AF:2E,Netgear,UDP/TCP,192.168.1.54
3650,3518,4E:60:DE:2E:AF:2F,Unknown,undefined,undefined
3651,3518,B0:10:41:15:42:7B,Unknown,ARP,192.168.1.29
3652,3522,4E:F8:B3:B3:C1:A8,Unknown,undefined,undefined
3653,3532,50:46:5D:5C:DB:F0,AsustekC,undefined,undefined
3654,3533,50:46:5D:63:1A:1C,AsustekC,undefined,undefined
3655,3534,30:85:A9:10:9B:7E,AsustekC,undefined,undefined
3656,3534,50:46:5D:6D:3D:A0,AsustekC,undefined,undefined
3657,3535,50:46:5D:6D:3D:A1,AsustekC,undefined,undefined
3658,3536,50:46:5D:93:A8:20,AsustekC,undefined,undefined
3659,3537,50:87:89:D2:BC:0C,Unknown,undefined,undefined
3660,3537,50:87:89:E2:E0:10,Unknown,undefined,undefined
3661,3537,A8:66:7F:BA:A9:0F,Unknown,undefined,undefined
3662,3537,FC:C2:DE:91:00:07,Unknown,undefined,undefined
3663,3539,50:A7:33:11:4A:68,RuckusWi,undefined,undefined
3664,3543,52:60:DE:CF:E2:52,Unknown,undefined,undefined
3665,3548,54:35:30:C9:D0:F7,Unknown,undefined,undefined
3666,3549,54:35:30:DA:4C:01,Unknown,undefined,undefined
3667,3551,54:35:30:DA:4E:15,Unknown,undefined,undefined
3668,3552,54:35:30:DA:57:0E,Unknown,undefined,undefined
3669,3553,54:35:30:DA:57:8F,Unknown,undefined,undefined
3670,3554,54:35:30:DA:58:26,Unknown,undefined,undefined
3671,3555,54:35:30:DA:5A:92,Unknown,undefined,undefined
3672,3556,54:35:30:DA:5B:5C,Unknown,undefined,undefined
3673,3557,54:35:30:DA:5B:79,Unknown,undefined,undefined
3674,3558,54:3D:37:06:1B:38,RuckusWi,undefined,undefined
3675,3559,54:3D:37:06:CD:28,RuckusWi,undefined,undefined
3676,3560,54:3D:37:07:AC:D8,RuckusWi,undefined,undefined
3677,3561,54:3D:37:07:AC:F8,RuckusWi,undefined,undefined
3678,3562,54:3D:37:07:B0:88,RuckusWi,undefined,undefined
3679,3563,54:3D:37:09:43:08,RuckusWi,undefined,undefined
3680,3564,54:3D:37:09:8F:48,RuckusWi,undefined,undefined
3681,3565,54:3D:37:09:8F:68,RuckusWi,undefined,undefined
3682,3566,54:3D:37:09:8F:88,RuckusWi,undefined,undefined
3683,3567,54:3D:37:0B:DA:A8,RuckusWi,undefined,undefined
3684,3568,54:3D:37:46:1B:38,RuckusWi,undefined,undefined
3685,3569,54:3D:37:49:43:08,RuckusWi,undefined,undefined
3686,3570,54:3D:37:49:8F:48,RuckusWi,undefined,undefined
3687,3571,54:3D:37:49:8F:68,RuckusWi,undefined,undefined
3688,3572,54:3D:37:49:8F:88,RuckusWi,undefined,undefined
3689,3573,54:3D:37:86:CD:28,RuckusWi,undefined,undefined
3690,3574,54:3D:37:87:AC:D8,RuckusWi,undefined,undefined
3691,3575,54:3D:37:87:AC:F8,RuckusWi,undefined,undefined
3692,3576,54:3D:37:89:43:08,RuckusWi,undefined,undefined
3693,3577,54:3D:37:89:8F:48,RuckusWi,undefined,undefined
3694,3578,54:3D:37:89:8F:68,RuckusWi,undefined,undefined
3695,3579,54:4A:00:C9:76:60,Unknown,undefined,undefined
3696,3582,54:78:1A:2F:09:21,Cisco,undefined,undefined
3697,3583,54:78:1A:A0:A8:30,Cisco,undefined,undefined
3698,3583,60:6C:66:8F:34:37,IntelCor,ARP,138.229.36.240
3699,3583,F8:16:54:47:16:CF,IntelCor,undefined,undefined
3700,3584,54:78:1A:A0:A8:C0,Cisco,undefined,undefined
3701,3584,F8:16:54:47:16:CF,IntelCor,undefined,undefined
3702,3585,08:ED:B9:6D:83:E3,HonHaiPr,ARP,138.229.35.8
3703,3585,50:1A:C5:30:4D:4D,Unknown,undefined,undefined
3704,3585,54:78:1A:A0:AB:30,Cisco,undefined,undefined
3705,3585,C0:CB:38:36:10:5C,HonHaiPr,undefined,undefined
3706,3585,F8:16:54:47:16:CF,IntelCor,undefined,undefined
3707,3586,54:78:1A:A0:C8:D0,Cisco,undefined,undefined
3708,3587,54:78:1A:A0:C8:D1,Cisco,undefined,undefined
3709,3588,54:78:1A:A0:C8:D2,Cisco,undefined,undefined
3710,3589,54:78:1A:A0:C8:D3,Cisco,undefined,undefined
3711,3590,08:ED:B9:6D:83:E3,HonHaiPr,undefined,undefined
3712,3590,2C:D0:5A:22:09:82,LiteonTe,ARP,138.229.33.178
3713,3590,38:B1:DB:34:58:D9,Unknown,undefined,undefined
3714,3590,40:25:C2:40:01:44,IntelCor,ARP,138.229.35.20
3715,3590,4C:0B:BE:1B:4F:0E,Unknown,undefined,undefined
3716,3590,50:1A:C5:3D:C8:71,Unknown,ARP,138.229.33.121
3717,3590,54:78:1A:AA:2C:10,Cisco,undefined,undefined
3718,3590,6C:AD:F8:50:59:72,Azurewav,ARP,138.229.33.45
3719,3590,84:A4:66:CA:FD:A7,Unknown,ARP,138.229.37.30
3720,3590,F8:16:54:47:16:CF,IntelCor,undefined,undefined
3721,3591,54:78:1A:AB:BE:60,Cisco,undefined,undefined
3722,3591,74:75:48:53:11:C6,Unknown,ARP,138.229.34.165
3723,3591,E0:06:E6:A2:CA:C1,HonHaiPr,ARP,138.229.36.79
3724,3591,F8:16:54:47:16:CF,IntelCor,undefined,undefined
3725,3592,4C:0F:6E:41:2C:29,HonHaiPr,ARP,138.229.36.62
3726,3592,54:78:1A:AB:CC:00,Cisco,undefined,undefined
3727,3592,8C:A9:82:AC:1D:7C,IntelCor,undefined,undefined
3728,3592,E4:F4:C6:3F:9C:D1,Unknown,ARP,138.229.34.245
3729,3592,F8:16:54:47:16:CF,IntelCor,undefined,undefined
3730,3593,54:78:1A:AB:E3:30,Cisco,undefined,undefined
3731,3593,6C:AD:F8:2D:33:9D,Azurewav,undefined,undefined
3732,3593,94:DB:C9:B1:7D:79,Azurewav,undefined,undefined
3733,3593,D4:CA:6D:54:C1:85,Routerbo,UDP/TCP,138.229.39.91
3734,3594,54:78:1A:D0:7F:50,Cisco,undefined,undefined
3735,3598,54:E4:3A:E6:40:FB,Apple,undefined,undefined
3736,3598,54:E4:3A:E9:82:52,Apple,undefined,undefined
3737,3608,58:56:E8:8C:99:40,ArrisGro,undefined,undefined
3738,3609,58:56:E8:95:09:B0,ArrisGro,undefined,undefined
3739,3610,58:56:E8:95:88:B0,ArrisGro,undefined,undefined
3740,3611,58:56:E8:9F:48:40,ArrisGro,undefined,undefined
3741,3612,58:56:E8:A0:EE:B0,ArrisGro,undefined,undefined
3742,3613,58:56:E8:A1:15:D0,ArrisGro,undefined,undefined
3743,3614,58:56:E8:AC:85:A0,ArrisGro,undefined,undefined
3744,3616,58:6D:8F:03:48:D4,Cisco-Li,undefined,undefined
3745,3617,58:6D:8F:0C:93:0A,Cisco-Li,undefined,undefined
3746,3618,58:6D:8F:13:40:07,Cisco-Li,undefined,undefined
3747,3619,58:6D:8F:1B:A8:C0,Cisco-Li,undefined,undefined
3748,3620,58:6D:8F:1C:80:3B,Cisco-Li,undefined,undefined
3749,3621,58:6D:8F:26:4A:49,Cisco-Li,undefined,undefined
3750,3622,58:6D:8F:27:9D:00,Cisco-Li,undefined,undefined
3751,3623,58:6D:8F:27:9D:02,Cisco-Li,undefined,undefined
3752,3624,58:6D:8F:3B:8C:A0,Cisco-Li,undefined,undefined
3753,3624,B4:F2:E8:FC:DF:95,Pace,undefined,undefined
3754,3625,58:6D:8F:3B:8C:A1,Cisco-Li,undefined,undefined
3755,3626,58:6D:8F:42:E2:D8,Cisco-Li,undefined,undefined
3756,3626,88:43:E1:AA:FF:41,Cisco,undefined,undefined
3757,3627,58:6D:8F:4D:DB:8B,Cisco-Li,undefined,undefined
3758,3628,58:6D:8F:4F:0F:B2,Cisco-Li,undefined,undefined
3759,3628,BC:30:7D:5E:FF:DD,Unknown,undefined,undefined
3760,3629,58:6D:8F:4F:0F:B3,Cisco-Li,undefined,undefined
3761,3630,58:6D:8F:5B:69:F0,Cisco-Li,undefined,undefined
3762,3631,58:6D:8F:5B:69:F1,Cisco-Li,undefined,undefined
3763,3632,58:6D:8F:5F:29:82,Cisco-Li,undefined,undefined
3764,3633,58:6D:8F:5F:29:83,Cisco-Li,undefined,undefined
3765,3634,00:24:21:8F:56:CF,Micro-St,undefined,undefined
3766,3634,58:6D:8F:65:5C:11,Cisco-Li,undefined,undefined
3767,3635,58:6D:8F:69:B7:45,Cisco-Li,undefined,undefined
3768,3636,58:6D:8F:69:D1:35,Cisco-Li,undefined,undefined
3769,3637,58:6D:8F:6F:BF:7A,Cisco-Li,undefined,undefined
3770,3638,58:6D:8F:74:3E:79,Cisco-Li,undefined,undefined
3771,3639,58:6D:8F:74:47:EB,Cisco-Li,undefined,undefined
3772,3640,58:6D:8F:78:0E:3A,Cisco-Li,undefined,undefined
3773,3641,58:6D:8F:78:AE:29,Cisco-Li,undefined,undefined
3774,3642,58:6D:8F:79:CB:F0,Cisco-Li,undefined,undefined
3775,3644,58:6D:8F:80:C5:C0,Cisco-Li,undefined,undefined
3776,3645,58:6D:8F:80:C5:C2,Cisco-Li,undefined,undefined
3777,3646,28:BA:B5:6E:0C:F9,SamsungE,undefined,undefined
3778,3646,58:6D:8F:8C:BA:0F,Cisco-Li,undefined,undefined
3779,3647,58:6D:8F:8C:BA:10,Cisco-Li,undefined,undefined
3780,3648,58:6D:8F:8D:50:A0,Cisco-Li,undefined,undefined
3781,3649,58:6D:8F:8E:C1:57,Cisco-Li,undefined,undefined
3782,3650,58:6D:8F:8E:C1:59,Cisco-Li,undefined,undefined
3783,3651,58:6D:8F:A7:71:C7,Cisco-Li,undefined,undefined
3784,3652,58:6D:8F:AA:18:F3,Cisco-Li,undefined,undefined
3785,3653,58:6D:8F:AA:18:F5,Cisco-Li,undefined,undefined
3786,3654,58:6D:8F:AB:3C:F4,Cisco-Li,undefined,undefined
3787,3654,58:6D:8F:AB:3C:F6,Cisco-Li,undefined,undefined
3788,3655,58:6D:8F:AB:49:42,Cisco-Li,undefined,undefined
3789,3656,58:6D:8F:AB:49:43,Cisco-Li,undefined,undefined
3790,3657,58:6D:8F:AD:2D:33,Cisco-Li,undefined,undefined
3791,3658,58:6D:8F:AD:2D:35,Cisco-Li,undefined,undefined
3792,3659,58:6D:8F:B5:3A:13,Cisco-Li,undefined,undefined
3793,3660,58:6D:8F:BD:FA:E6,Cisco-Li,undefined,undefined
3794,3661,58:6D:8F:BD:FA:E8,Cisco-Li,undefined,undefined
3795,3662,58:6D:8F:C8:6F:EF,Cisco-Li,undefined,undefined
3796,3663,58:6D:8F:C9:07:8A,Cisco-Li,undefined,undefined
3797,3664,58:6D:8F:C9:74:76,Cisco-Li,undefined,undefined
3798,3664,64:27:37:0D:E4:84,HonHaiPr,undefined,undefined
3799,3665,58:6D:8F:C9:74:77,Cisco-Li,undefined,undefined
3800,3666,58:6D:8F:D4:7D:6D,Cisco-Li,undefined,undefined
3801,3667,58:6D:8F:D6:CC:10,Cisco-Li,undefined,undefined
3802,3667,58:6D:8F:D6:CC:12,Cisco-Li,undefined,undefined
3803,3669,58:6D:8F:F0:44:5D,Cisco-Li,undefined,undefined
3804,3669,90:72:40:8B:D2:F3,Apple,undefined,undefined
3805,3670,58:6D:8F:F6:47:F8,Cisco-Li,undefined,undefined
3806,3674,2C:D0:5A:22:09:82,LiteonTe,undefined,undefined
3807,3674,40:25:C2:52:5E:04,IntelCor,undefined,undefined
3808,3674,4C:0F:6E:41:2C:29,HonHaiPr,ARP,138.229.36.62
3809,3674,58:97:1E:14:A3:60,Cisco,undefined,undefined
3810,3674,9C:F3:87:D0:78:F6,Unknown,undefined,undefined
3811,3674,F8:16:54:47:16:CF,IntelCor,undefined,undefined
3812,3674,FC:C2:DE:89:F5:91,Unknown,undefined,undefined
3813,3675,58:98:35:E6:F6:B0,Technico,undefined,undefined
3814,3675,58:98:35:E6:F6:B1,Technico,undefined,undefined
3815,3675,5A:98:35:E6:F6:B0,Unknown,undefined,undefined
3816,3676,58:98:35:E7:F4:D1,Technico,undefined,undefined
3817,3677,58:98:35:E8:8A:67,Technico,undefined,undefined
3818,3688,5C:0E:8B:26:40:10,Motorola,undefined,undefined
3819,3689,00:0D:ED:9E:76:9F,Cisco,undefined,undefined
3820,3689,5C:0E:8B:26:40:11,Motorola,undefined,undefined
3821,3690,5C:0E:8B:26:40:13,Motorola,undefined,undefined
3822,3691,00:0E:83:58:E2:6F,Cisco,undefined,undefined
3823,3691,5C:0E:8B:27:66:C0,Motorola,undefined,undefined
3824,3692,5C:0E:8B:27:66:C1,Motorola,undefined,undefined
3825,3693,00:00:0C:07:AC:07,Cisco,undefined,undefined
3826,3693,00:0E:83:58:E2:6F,Cisco,undefined,undefined
3827,3693,5C:0E:8B:27:66:C2,Motorola,undefined,undefined
3828,3694,5C:0E:8B:28:86:F3,Motorola,undefined,undefined
3829,3695,00:00:0C:07:AC:2D,Cisco,undefined,undefined
3830,3695,5C:0E:8B:28:DA:50,Motorola,undefined,undefined
3831,3696,00:0D:ED:9E:76:9F,Cisco,undefined,undefined
3832,3696,5C:0E:8B:28:DA:51,Motorola,undefined,undefined
3833,3696,C4:71:FE:70:A8:90,Cisco,undefined,undefined
3834,3697,5C:0E:8B:28:DA:52,Motorola,undefined,undefined
3835,3698,5C:0E:8B:28:DA:53,Motorola,undefined,undefined
3836,3699,5C:0E:8B:31:2E:40,Motorola,undefined,undefined
3837,3700,5C:0E:8B:31:2E:41,Motorola,undefined,undefined
3838,3701,5C:0E:8B:31:2E:43,Motorola,undefined,undefined
3839,3702,5C:0E:8B:31:2E:45,Motorola,undefined,undefined
3840,3703,5C:0E:8B:33:46:E0,Motorola,undefined,undefined
3841,3704,5C:0E:8B:3E:21:2C,Motorola,undefined,undefined
3842,3705,5C:0E:8B:3E:21:2E,Motorola,undefined,undefined
3843,3706,5C:0E:8B:5D:26:00,Motorola,undefined,undefined
3844,3707,5C:0E:8B:5D:26:01,Motorola,undefined,undefined
3845,3708,5C:0E:8B:5D:68:30,Motorola,undefined,undefined
3846,3709,5C:0E:8B:5D:68:32,Motorola,undefined,undefined
3847,3710,5C:0E:8B:60:BD:E0,Motorola,undefined,undefined
3848,3711,5C:0E:8B:60:BD:E1,Motorola,undefined,undefined
3849,3712,5C:0E:8B:60:BD:E3,Motorola,undefined,undefined
3850,3713,5C:0E:8B:9B:B8:70,Motorola,undefined,undefined
3851,3714,5C:0E:8B:9B:B8:71,Motorola,undefined,undefined
3852,3715,5C:0E:8B:9B:B8:72,Motorola,undefined,undefined
3853,3716,5C:0E:8B:9B:B8:73,Motorola,undefined,undefined
3854,3717,5C:0E:8B:9B:E4:F0,Motorola,undefined,undefined
3855,3718,5C:0E:8B:9B:E4:F1,Motorola,undefined,undefined
3856,3719,5C:0E:8B:9B:E4:F2,Motorola,undefined,undefined
3857,3720,5C:0E:8B:9B:E4:F3,Motorola,undefined,undefined
3858,3721,5C:0E:8B:9B:EA:81,Motorola,undefined,undefined
3859,3722,5C:0E:8B:9C:11:E0,Motorola,undefined,undefined
3860,3723,5C:0E:8B:9C:11:E1,Motorola,undefined,undefined
3861,3724,5C:0E:8B:9C:11:E2,Motorola,undefined,undefined
3862,3725,5C:0E:8B:9C:11:E3,Motorola,undefined,undefined
3863,3726,5C:0E:8B:9C:3A:F0,Motorola,undefined,undefined
3864,3727,5C:0E:8B:9C:3A:F1,Motorola,undefined,undefined
3865,3728,5C:0E:8B:A2:05:20,Motorola,undefined,undefined
3866,3729,5C:0E:8B:A2:05:21,Motorola,undefined,undefined
3867,3730,5C:0E:8B:A2:05:22,Motorola,undefined,undefined
3868,3731,5C:0E:8B:A2:05:23,Motorola,undefined,undefined
3869,3732,5C:0E:8B:A2:14:51,Motorola,undefined,undefined
3870,3733,5C:0E:8B:A2:14:52,Motorola,undefined,undefined
3871,3734,5C:0E:8B:A2:14:53,Motorola,undefined,undefined
3872,3735,5C:0E:8B:AD:95:E0,Motorola,undefined,undefined
3873,3736,5C:0E:8B:AD:95:E1,Motorola,undefined,undefined
3874,3737,5C:0E:8B:AD:95:E2,Motorola,undefined,undefined
3875,3738,5C:0E:8B:AD:95:E3,Motorola,undefined,undefined
3876,3739,5C:0E:8B:AD:96:11,Motorola,undefined,undefined
3877,3740,5C:0E:8B:CD:11:A0,Motorola,undefined,undefined
3878,3741,5C:0E:8B:CD:11:A1,Motorola,undefined,undefined
3879,3742,5C:0E:8B:CE:1F:A0,Motorola,undefined,undefined
3880,3743,5C:0E:8B:D0:F7:20,Motorola,undefined,undefined
3881,3744,5C:0E:8B:D0:F7:21,Motorola,undefined,undefined
3882,3745,5C:0E:8B:D0:F7:22,Motorola,undefined,undefined
3883,3746,5C:0E:8B:D0:F7:23,Motorola,undefined,undefined
3884,3747,5C:0E:8B:D1:13:D0,Motorola,undefined,undefined
3885,3748,5C:0E:8B:D1:13:D1,Motorola,undefined,undefined
3886,3749,5C:0E:8B:D1:13:D2,Motorola,undefined,undefined
3887,3750,5C:0E:8B:D1:13:D3,Motorola,undefined,undefined
3888,3751,5C:0E:8B:D2:27:B0,Motorola,undefined,undefined
3889,3752,5C:0E:8B:D2:27:B1,Motorola,undefined,undefined
3890,3753,5C:0E:8B:D2:27:B2,Motorola,undefined,undefined
3891,3754,5C:0E:8B:D2:27:B3,Motorola,undefined,undefined
3892,3761,5C:96:9D:65:DC:97,Apple,undefined,undefined
3893,3762,5C:96:9D:68:E8:9B,Apple,undefined,undefined
3894,3763,5C:96:9D:6A:A6:E9,Apple,undefined,undefined
3895,3763,5C:96:9D:6F:91:6C,Apple,undefined,undefined
3896,3764,5C:96:9D:6B:D4:65,Apple,undefined,undefined
3897,3764,5C:96:9D:6F:D4:5A,Apple,undefined,undefined
3898,3770,5C:AC:4C:A5:4B:AF,HonHaiPr,undefined,undefined
3899,3771,5C:D9:98:5A:49:CA,D-Link,undefined,undefined
3900,3772,5C:D9:98:5A:4C:90,D-Link,undefined,undefined
3901,3773,5C:D9:98:62:FC:10,D-Link,undefined,undefined
3902,3774,5C:D9:98:6E:E5:32,D-Link,undefined,undefined
3903,3775,5C:D9:98:E4:89:D0,D-Link,undefined,undefined
3904,3776,5C:DA:D4:DD:96:C1,MurataMa,undefined,undefined
3905,3784,5E:6D:8F:F0:44:5D,Unknown,undefined,undefined
3906,3785,5E:6D:8F:F6:47:F8,Unknown,undefined,undefined
3907,3786,5E:6D:8F:F7:2C:5E,Unknown,undefined,undefined
3908,3788,5E:96:9D:66:A6:10,Unknown,undefined,undefined
3909,3803,60:A4:4C:66:8F:DD,AsustekC,undefined,undefined
3910,3814,60:C3:97:E3:D2:4A,2wire,undefined,undefined
3911,3815,60:C3:97:E9:D2:31,2wire,undefined,undefined
3912,3815,60:C3:97:E9:D2:32,2wire,undefined,undefined
3913,3823,60:FE:20:DA:77:C2,Unknown,undefined,undefined
3914,3824,64:00:F1:14:06:70,Cisco,undefined,undefined
3915,3825,64:00:F1:14:06:72,Cisco,undefined,undefined
3916,3826,64:00:F1:14:06:73,Cisco,undefined,undefined
3917,3827,64:00:F1:14:06:74,Cisco,undefined,undefined
3918,3828,64:00:F1:14:0B:A0,Cisco,undefined,undefined
3919,3829,64:00:F1:14:0B:A2,Cisco,undefined,undefined
3920,3830,64:00:F1:14:0B:A3,Cisco,undefined,undefined
3921,3831,64:00:F1:14:0B:A4,Cisco,undefined,undefined
3922,3832,64:00:F1:87:96:43,Cisco,undefined,undefined
3923,3833,64:00:F1:87:96:44,Cisco,undefined,undefined
3924,3834,64:51:06:64:56:60,Unknown,undefined,undefined
3925,3835,64:51:06:E9:BC:80,Unknown,undefined,undefined
3926,3836,64:55:B1:63:70:D0,Unknown,undefined,undefined
3927,3837,64:55:B1:70:61:80,Unknown,undefined,undefined
3928,3838,64:55:B1:71:C1:40,Unknown,undefined,undefined
3929,3839,64:55:B1:75:C9:30,Unknown,undefined,undefined
3930,3840,64:55:B1:75:DE:40,Unknown,undefined,undefined
3931,3841,60:02:B4:F0:9F:15,WistronN,undefined,undefined
3932,3841,64:55:B1:76:5A:80,Unknown,undefined,undefined
3933,3843,64:55:B1:81:65:00,Unknown,undefined,undefined
3934,3844,64:55:B1:81:76:D0,Unknown,undefined,undefined
3935,3845,64:55:B1:81:BF:E0,Unknown,undefined,undefined
3936,3846,64:55:B1:82:57:40,Unknown,undefined,undefined
3937,3847,64:55:B1:84:49:50,Unknown,undefined,undefined
3938,3848,64:55:B1:8D:F6:F0,Unknown,undefined,undefined
3939,3849,64:55:B1:8E:1F:50,Unknown,undefined,undefined
3940,3850,00:24:2B:2A:65:8D,HonHaiPr,undefined,undefined
3941,3850,64:55:B1:9F:C9:E0,Unknown,undefined,undefined
3942,3851,64:55:B1:A9:04:50,Unknown,undefined,undefined
3943,3852,64:55:B1:AD:92:20,Unknown,undefined,undefined
3944,3853,64:66:B3:65:1A:46,Tp-LinkT,undefined,undefined
3945,3854,64:70:02:94:02:34,Tp-LinkT,undefined,undefined
3946,3868,64:A0:E7:26:1A:90,Cisco,undefined,undefined
3947,3869,64:A0:E7:26:1A:91,Cisco,undefined,undefined
3948,3870,64:A0:E7:26:1A:92,Cisco,undefined,undefined
3949,3871,64:A0:E7:26:1A:96,Cisco,undefined,undefined
3950,3872,64:A0:E7:26:1A:97,Cisco,undefined,undefined
3951,3873,64:A0:E7:26:1A:9A,Cisco,undefined,undefined
3952,3874,64:A0:E7:26:2B:00,Cisco,undefined,undefined
3953,3875,64:A0:E7:26:2B:01,Cisco,undefined,undefined
3954,3876,64:A0:E7:26:2B:02,Cisco,undefined,undefined
3955,3877,64:A0:E7:26:2B:03,Cisco,undefined,undefined
3956,3878,64:A0:E7:26:2B:06,Cisco,undefined,undefined
3957,3879,64:A0:E7:26:2B:07,Cisco,undefined,undefined
3958,3879,F8:66:F2:FA:03:E0,Cisco,undefined,undefined
3959,3880,64:A0:E7:26:2B:0A,Cisco,undefined,undefined
3960,3881,64:A0:E7:27:10:96,Cisco,undefined,undefined
3961,3882,64:A0:E7:27:32:B1,Cisco,undefined,undefined
3962,3883,64:A0:E7:27:32:B3,Cisco,undefined,undefined
3963,3884,64:A0:E7:27:32:B6,Cisco,undefined,undefined
3964,3885,64:A0:E7:5C:24:30,Cisco,undefined,undefined
3965,3886,64:A0:E7:5C:24:31,Cisco,undefined,undefined
3966,3887,64:A0:E7:5C:24:32,Cisco,undefined,undefined
3967,3888,64:A0:E7:5C:24:33,Cisco,undefined,undefined
3968,3889,64:A0:E7:5C:24:36,Cisco,undefined,undefined
3969,3890,60:BE:B5:E5:14:84,Unknown,undefined,undefined
3970,3890,64:A0:E7:5C:24:37,Cisco,undefined,undefined
3971,3890,F8:66:F2:FA:03:E0,Cisco,undefined,undefined
3972,3891,64:A0:E7:5C:24:3A,Cisco,undefined,undefined
3973,3892,64:A0:E7:5C:C7:00,Cisco,undefined,undefined
3974,3893,64:A0:E7:5C:C7:01,Cisco,undefined,undefined
3975,3894,64:A0:E7:5C:C7:02,Cisco,undefined,undefined
3976,3895,64:A0:E7:5C:C7:03,Cisco,undefined,undefined
3977,3896,64:A0:E7:5C:C7:06,Cisco,undefined,undefined
3978,3897,64:A0:E7:5C:C7:07,Cisco,undefined,undefined
3979,3898,64:A0:E7:5C:C7:0A,Cisco,undefined,undefined
3980,3899,00:00:0C:07:AC:00,Cisco,undefined,undefined
3981,3899,00:20:75:19:7D:13,Motorola,undefined,undefined
3982,3899,5C:50:15:C4:99:87,Cisco,undefined,undefined
3983,3899,60:73:5C:BB:B5:B0,Cisco,undefined,undefined
3984,3899,64:A0:E7:5E:23:C0,Cisco,undefined,undefined
3985,3899,F8:66:F2:FA:27:C0,Cisco,undefined,undefined
3986,3900,64:A0:E7:5E:23:C1,Cisco,undefined,undefined
3987,3901,64:A0:E7:5E:23:C2,Cisco,undefined,undefined
3988,3902,64:A0:E7:5E:23:C3,Cisco,undefined,undefined
3989,3903,64:A0:E7:5E:23:C6,Cisco,undefined,undefined
3990,3904,00:14:9A:E8:5C:98,ArrisGro,undefined,undefined
3991,3904,00:90:FB:42:EC:9E,Portwell,ARP,192.168.4.1
3992,3904,0C:3E:9F:8F:06:34,Unknown,undefined,undefined
3993,3904,14:30:C6:D9:23:8E,Unknown,undefined,undefined
3994,3904,14:9A:10:BB:AE:AC,Unknown,UDP/TCP,192.168.6.44
3995,3904,2C:54:CF:AD:41:C1,Unknown,UDP/TCP,192.168.6.76
3996,3904,38:2C:4A:38:0F:E6,Unknown,undefined,undefined
3997,3904,48:D7:05:43:57:7E,Unknown,UDP/TCP,192.168.4.145
3998,3904,50:FC:9F:69:AF:24,Unknown,UDP/TCP,192.168.6.114
3999,3904,64:9A:BE:DE:69:CF,Unknown,undefined,undefined
4000,3904,64:A0:E7:5E:23:C7,Cisco,undefined,undefined
4001,3904,74:2F:68:E0:FA:B0,Azurewav,undefined,undefined
4002,3904,78:E8:B6:10:D8:F5,Zte,UDP/TCP,192.168.7.109
4003,3904,80:E6:50:C4:43:D7,Unknown,UDP/TCP,192.168.6.11
4004,3904,88:C9:D0:BA:F0:5C,Unknown,undefined,undefined
4005,3904,90:B6:86:2E:63:9A,Unknown,UDP/TCP,192.168.6.16
4006,3904,90:FD:61:DA:7C:F5,Unknown,UDP/TCP,192.168.4.175
4007,3904,98:E0:D9:5F:EA:9C,Unknown,undefined,undefined
4008,3904,98:F1:70:53:CF:6A,Unknown,UDP/TCP,192.168.7.252
4009,3904,A0:99:9B:48:A2:E1,Unknown,undefined,undefined
4010,3904,A8:66:7F:A6:05:F4,Unknown,undefined,undefined
4011,3904,AC:7F:3E:0A:AB:35,Apple,undefined,undefined
4012,3904,AC:7F:3E:3C:61:ED,Apple,undefined,undefined
4013,3904,B8:4F:D5:49:5A:C0,Unknown,undefined,undefined
4014,3904,C0:EE:FB:24:DA:FE,Unknown,UDP/TCP,192.168.6.109
4015,3904,D4:F4:6F:D2:CF:07,Unknown,UDP/TCP,192.168.4.186
4016,3904,D8:BB:2C:8D:1E:63,Unknown,undefined,undefined
4017,3904,F0:25:B7:AC:B5:56,Unknown,undefined,undefined
4018,3904,F4:09:D8:DE:9B:56,Unknown,undefined,undefined
4019,3904,F8:66:F2:FA:27:C0,Cisco,undefined,undefined
4020,3904,F8:CF:C5:EE:5E:42,Unknown,undefined,undefined
4021,3904,F8:F1:B6:E4:6A:8A,Motorola,UDP/TCP,192.168.7.147
4022,3904,FC:C2:DE:5E:1C:12,Unknown,UDP/TCP,192.168.6.15
4023,3904,FC:C2:DE:6D:90:64,Unknown,UDP/TCP,192.168.5.105
4024,3905,64:A0:E7:5E:23:CA,Cisco,undefined,undefined
4025,3906,08:ED:B9:AC:74:03,HonHaiPr,undefined,undefined
4026,3906,40:25:C2:40:01:44,IntelCor,undefined,undefined
4027,3906,64:A0:E7:5E:C2:30,Cisco,undefined,undefined
4028,3906,6C:AD:F8:28:99:08,Azurewav,ARP,138.229.39.46
4029,3906,C4:04:15:7A:E1:C5,Netgear,ARP,138.229.32.140
4030,3906,E4:F4:C6:3F:9C:D1,Unknown,undefined,undefined
4031,3906,F8:16:54:47:16:CF,IntelCor,undefined,undefined
4032,3908,64:A0:E7:89:AD:70,Cisco,undefined,undefined
4033,3910,64:AE:0C:00:FE:F4,Cisco,undefined,undefined
4034,3921,68:1C:A2:00:96:E8,Rosewill,undefined,undefined
4035,3925,68:72:51:00:AA:CC,Ubiquiti,undefined,undefined
4036,3926,68:72:51:04:4B:1F,Ubiquiti,undefined,undefined
4037,3929,68:72:51:0C:5C:E6,Ubiquiti,undefined,undefined
4038,3930,68:7F:74:07:65:A9,Cisco-Li,undefined,undefined
4039,3931,68:7F:74:0F:E8:73,Cisco-Li,undefined,undefined
4040,3932,68:7F:74:17:76:28,Cisco-Li,undefined,undefined
4041,3933,3E:BE:0D:6E:3B:5F,Unknown,ARP,172.16.96.13
4042,3933,68:7F:74:26:E4:84,Cisco-Li,undefined,undefined
4043,3934,68:7F:74:31:76:2A,Cisco-Li,undefined,undefined
4044,3936,68:7F:74:39:7A:1A,Cisco-Li,undefined,undefined
4045,3937,68:7F:74:39:7A:1B,Cisco-Li,undefined,undefined
4046,3938,68:7F:74:44:81:7A,Cisco-Li,undefined,undefined
4047,3939,68:7F:74:48:36:52,Cisco-Li,undefined,undefined
4048,3940,68:7F:74:49:11:4E,Cisco-Li,undefined,undefined
4049,3941,68:7F:74:49:72:CE,Cisco-Li,undefined,undefined
4050,3942,68:7F:74:49:72:CF,Cisco-Li,undefined,undefined
4051,3943,68:7F:74:4D:23:3F,Cisco-Li,undefined,undefined
4052,3944,68:7F:74:4D:23:40,Cisco-Li,undefined,undefined
4053,3945,68:7F:74:5C:C6:A5,Cisco-Li,undefined,undefined
4054,3946,68:7F:74:82:34:6F,Cisco-Li,undefined,undefined
4055,3947,68:7F:74:87:FC:70,Cisco-Li,undefined,undefined
4056,3948,68:7F:74:88:94:E0,Cisco-Li,undefined,undefined
4057,3949,68:7F:74:96:5E:59,Cisco-Li,undefined,undefined
4058,3951,68:7F:74:9F:2B:8B,Cisco-Li,undefined,undefined
4059,3952,68:7F:74:A5:65:C0,Cisco-Li,undefined,undefined
4060,3953,68:7F:74:AB:DF:44,Cisco-Li,undefined,undefined
4061,3954,50:CC:F8:BE:D8:12,SamsungE,undefined,undefined
4062,3954,68:7F:74:AB:F6:50,Cisco-Li,undefined,undefined
4063,3956,68:7F:74:AD:71:AC,Cisco-Li,undefined,undefined
4064,3957,68:7F:74:BC:19:D0,Cisco-Li,undefined,undefined
4065,3958,68:7F:74:C1:92:14,Cisco-Li,undefined,undefined
4066,3959,68:7F:74:C1:92:15,Cisco-Li,undefined,undefined
4067,3960,68:7F:74:C4:0F:C2,Cisco-Li,undefined,undefined
4068,3961,68:7F:74:C4:0F:C3,Cisco-Li,undefined,undefined
4069,3962,68:7F:74:C8:E0:79,Cisco-Li,undefined,undefined
4070,3963,68:7F:74:C8:E0:7A,Cisco-Li,undefined,undefined
4071,3964,68:7F:74:D4:38:7A,Cisco-Li,undefined,undefined
4072,3965,00:87:34:90:13:22,Unknown,undefined,undefined
4073,3965,68:7F:74:D5:36:9C,Cisco-Li,undefined,undefined
4074,3965,68:7F:74:D5:36:9E,Cisco-Li,undefined,undefined
4075,3966,68:7F:74:E2:A4:70,Cisco-Li,undefined,undefined
4076,3967,68:7F:74:E8:35:83,Cisco-Li,undefined,undefined
4077,3968,68:7F:74:F0:3E:F7,Cisco-Li,undefined,undefined
4078,3969,68:7F:74:F1:F8:C9,Cisco-Li,undefined,undefined
4079,3970,00:16:44:92:E3:2E,Lite-OnT,undefined,undefined
4080,3970,68:7F:74:F5:8F:29,Cisco-Li,undefined,undefined
4081,3971,68:86:A7:1D:DF:C1,Cisco,undefined,undefined
4082,3972,68:86:A7:1D:DF:C3,Cisco,undefined,undefined
4083,3974,68:86:A7:1D:EB:81,Cisco,undefined,undefined
4084,3975,68:86:A7:1D:EB:83,Cisco,undefined,undefined
4085,3976,68:94:23:56:C4:01,HonHaiPr,undefined,undefined
4086,3987,00:00:0C:07:AC:00,Cisco,undefined,undefined
4087,3987,5C:50:15:C4:99:87,Cisco,undefined,undefined
4088,3987,60:73:5C:BB:B5:B0,Cisco,undefined,undefined
4089,3987,68:BC:0C:C9:16:E0,Cisco,undefined,undefined
4090,3987,F8:66:F2:FA:27:C0,Cisco,undefined,undefined
4091,3988,68:BC:0C:C9:16:E1,Cisco,undefined,undefined
4092,3989,68:BC:0C:C9:16:E2,Cisco,undefined,undefined
4093,3990,68:BC:0C:C9:16:E3,Cisco,undefined,undefined
4094,3991,68:BC:0C:C9:16:E6,Cisco,undefined,undefined
4095,3992,00:90:FB:42:EC:9E,Portwell,undefined,undefined
4096,3992,40:0E:85:FB:8E:78,SamsungE,undefined,undefined
4097,3992,68:BC:0C:C9:16:E7,Cisco,undefined,undefined
4098,3992,88:C9:D0:BA:F0:5C,Unknown,undefined,undefined
4099,3992,F8:66:F2:FA:27:C0,Cisco,undefined,undefined
4100,3992,FC:C2:DE:69:DE:E3,Unknown,undefined,undefined
4101,3993,68:BC:0C:C9:16:EA,Cisco,undefined,undefined
4102,3994,68:BC:0C:C9:18:A0,Cisco,undefined,undefined
4103,3995,68:BC:0C:C9:18:A1,Cisco,undefined,undefined
4104,3996,68:BC:0C:C9:18:A2,Cisco,undefined,undefined
4105,3997,68:BC:0C:C9:18:A3,Cisco,undefined,undefined
4106,3998,68:BC:0C:C9:18:A6,Cisco,undefined,undefined
4107,3999,68:BC:0C:C9:18:A7,Cisco,undefined,undefined
4108,4000,68:BC:0C:C9:18:AA,Cisco,undefined,undefined
4109,4001,68:BC:0C:C9:1A:D0,Cisco,undefined,undefined
4110,4002,68:BC:0C:C9:1A:D1,Cisco,undefined,undefined
4111,4003,68:BC:0C:C9:1A:D2,Cisco,undefined,undefined
4112,4004,68:BC:0C:C9:1A:D3,Cisco,undefined,undefined
4113,4005,68:BC:0C:C9:1A:D6,Cisco,undefined,undefined
4114,4006,00:90:FB:42:EC:9E,Portwell,UDP/TCP,192.168.6.165
4115,4006,0C:3E:9F:8F:06:34,Unknown,undefined,undefined
4116,4006,14:30:C6:D8:87:28,Unknown,undefined,undefined
4117,4006,38:2C:4A:38:0F:E6,Unknown,undefined,undefined
4118,4006,50:FC:9F:69:AF:24,Unknown,undefined,undefined
4119,4006,68:BC:0C:C9:1A:D7,Cisco,undefined,undefined
4120,4006,74:2F:68:E0:FA:B0,Azurewav,undefined,undefined
4121,4006,C0:EE:FB:24:DA:FE,Unknown,undefined,undefined
4122,4006,F0:25:B7:AC:B5:56,Unknown,undefined,undefined
4123,4006,F0:A2:25:D2:17:97,Private,undefined,undefined
4124,4006,F8:66:F2:FA:27:C0,Cisco,undefined,undefined
4125,4006,F8:CF:C5:EE:5E:42,Unknown,undefined,undefined
4126,4006,FC:C2:DE:6D:90:64,Unknown,undefined,undefined
4127,4007,68:BC:0C:C9:1A:DA,Cisco,undefined,undefined
4128,4008,68:BC:0C:C9:8F:60,Cisco,undefined,undefined
4129,4009,68:BC:0C:C9:8F:61,Cisco,undefined,undefined
4130,4010,68:BC:0C:C9:8F:62,Cisco,undefined,undefined
4131,4011,68:BC:0C:C9:8F:63,Cisco,undefined,undefined
4132,4012,68:BC:0C:C9:8F:66,Cisco,undefined,undefined
4133,4013,00:90:FB:42:EC:9E,Portwell,UDP/TCP,192.168.6.165
4134,4013,14:30:C6:D8:87:28,Unknown,undefined,undefined
4135,4013,68:BC:0C:C9:8F:67,Cisco,undefined,undefined
4136,4013,B8:4F:D5:49:5A:C0,Unknown,undefined,undefined
4137,4013,F8:66:F2:FA:27:C0,Cisco,undefined,undefined
4138,4014,68:BC:0C:C9:8F:6A,Cisco,undefined,undefined
4139,4015,5C:50:15:C4:99:87,Cisco,undefined,undefined
4140,4015,68:BC:0C:C9:BB:E0,Cisco,undefined,undefined
4141,4015,F8:66:F2:FA:27:C0,Cisco,undefined,undefined
4142,4016,68:BC:0C:C9:BB:E1,Cisco,undefined,undefined
4143,4017,68:BC:0C:C9:BB:E2,Cisco,undefined,undefined
4144,4018,68:BC:0C:C9:BB:E3,Cisco,undefined,undefined
4145,4019,68:BC:0C:C9:BB:E6,Cisco,undefined,undefined
4146,4020,68:BC:0C:C9:BB:E7,Cisco,undefined,undefined
4147,4021,68:BC:0C:C9:BB:EA,Cisco,undefined,undefined
4148,4022,68:BC:0C:C9:D7:20,Cisco,undefined,undefined
4149,4023,68:BC:0C:C9:D7:21,Cisco,undefined,undefined
4150,4024,68:BC:0C:C9:D7:22,Cisco,undefined,undefined
4151,4025,68:BC:0C:C9:D7:23,Cisco,undefined,undefined
4152,4025,F8:66:F2:FA:27:C0,Cisco,undefined,undefined
4153,4026,68:BC:0C:C9:D7:26,Cisco,undefined,undefined
4154,4027,00:90:FB:42:EC:9E,Portwell,UDP/TCP,192.168.5.129
4155,4027,14:30:C6:D9:23:8E,Unknown,undefined,undefined
4156,4027,68:BC:0C:C9:D7:27,Cisco,undefined,undefined
4157,4027,98:F1:70:4C:69:80,Unknown,UDP/TCP,192.168.5.129
4158,4027,F8:66:F2:FA:27:C0,Cisco,undefined,undefined
4159,4027,F8:CF:C5:EE:5E:42,Unknown,UDP/TCP,192.168.7.75
4160,4028,68:BC:0C:C9:D7:2A,Cisco,undefined,undefined
4161,4029,68:BC:0C:CB:C2:C0,Cisco,undefined,undefined
4162,4030,68:BC:0C:CB:C2:C1,Cisco,undefined,undefined
4163,4031,68:BC:0C:CB:C2:C2,Cisco,undefined,undefined
4164,4032,68:BC:0C:CB:C2:C3,Cisco,undefined,undefined
4165,4033,68:BC:0C:CB:C2:C6,Cisco,undefined,undefined
4166,4034,00:90:FB:42:EC:9E,Portwell,UDP/TCP,192.168.7.238
4167,4034,68:BC:0C:CB:C2:C7,Cisco,undefined,undefined
4168,4034,74:2F:68:E0:FA:B0,Azurewav,undefined,undefined
4169,4034,88:C9:D0:BA:F0:5C,Unknown,undefined,undefined
4170,4034,90:FD:61:DD:89:E0,Unknown,undefined,undefined
4171,4034,B8:4F:D5:49:5A:C0,Unknown,undefined,undefined
4172,4034,D4:F4:6F:D2:CF:07,Unknown,undefined,undefined
4173,4034,F8:66:F2:FA:27:C0,Cisco,undefined,undefined
4174,4034,F8:CF:C5:EE:5E:42,Unknown,undefined,undefined
4175,4035,68:BC:0C:CB:C2:CA,Cisco,undefined,undefined
4176,4043,6C:19:8F:C7:40:4C,Unknown,undefined,undefined
4177,4044,6C:19:8F:ED:C8:1F,Unknown,undefined,undefined
4178,4045,6C:3B:E5:72:DA:07,HewlettP,undefined,undefined
4179,4047,6C:41:6A:71:6D:3A,Cisco,undefined,undefined
4180,4048,6C:41:6A:71:FB:BE,Cisco,undefined,undefined
4181,4049,6C:70:9F:DB:BF:02,Unknown,undefined,undefined
4182,4050,6C:70:9F:DC:29:A4,Unknown,undefined,undefined
4183,4050,D0:4F:7E:27:AF:48,Unknown,undefined,undefined
4184,4051,6C:70:9F:E2:DB:C0,Unknown,undefined,undefined
4185,4053,6C:AA:B3:0D:0B:78,Unknown,undefined,undefined
4186,4054,6C:AA:B3:1A:E4:E8,Unknown,undefined,undefined
4187,4055,6C:AA:B3:2E:50:98,Unknown,undefined,undefined
4188,4056,6C:AA:B3:2E:BF:A8,Unknown,undefined,undefined
4189,4057,6C:AA:B3:2E:C1:48,Unknown,undefined,undefined
4190,4058,6C:AA:B3:2E:C1:78,Unknown,undefined,undefined
4191,4059,6C:AA:B3:2F:E6:58,Unknown,undefined,undefined
4192,4060,6C:AA:B3:5A:E4:E8,Unknown,undefined,undefined
4193,4061,64:80:99:7A:4D:A8,IntelCor,undefined,undefined
4194,4061,6C:AA:B3:6E:50:98,Unknown,undefined,undefined
4195,4062,6C:AA:B3:6E:B0:48,Unknown,undefined,undefined
4196,4063,64:80:99:7A:4D:A8,IntelCor,undefined,undefined
4197,4063,6C:AA:B3:6E:BF:A8,Unknown,undefined,undefined
4198,4064,6C:AA:B3:6E:C1:48,Unknown,undefined,undefined
4199,4065,6C:AA:B3:6E:C1:78,Unknown,undefined,undefined
4200,4066,6C:AA:B3:6F:E6:58,Unknown,undefined,undefined
4201,4067,6C:AA:B3:AE:50:98,Unknown,undefined,undefined
4202,4068,6C:AA:B3:AE:B0:48,Unknown,undefined,undefined
4203,4069,6C:AA:B3:AE:BF:A8,Unknown,undefined,undefined
4204,4070,6C:AA:B3:AE:C1:48,Unknown,undefined,undefined
4205,4071,6C:AA:B3:AE:C1:78,Unknown,undefined,undefined
4206,4072,6C:AA:B3:AF:E6:58,Unknown,undefined,undefined
4207,4077,6C:B0:CE:04:CD:03,Unknown,undefined,undefined
4208,4078,6C:B0:CE:04:D0:8D,Unknown,undefined,undefined
4209,4079,6C:B0:CE:09:35:3A,Unknown,undefined,undefined
4210,4080,6C:B0:CE:0F:D0:FD,Unknown,undefined,undefined
4211,4081,6C:B0:CE:11:17:A0,Unknown,undefined,undefined
4212,4082,6C:B0:CE:19:88:BF,Unknown,undefined,undefined
4213,4083,6C:B0:CE:1F:72:F5,Unknown,undefined,undefined
4214,4083,D4:BE:D9:6A:76:81,Dell,undefined,undefined
4215,4084,44:8A:5B:A6:AE:32,Micro-St,undefined,undefined
4216,4084,6C:B0:CE:1F:B8:02,Unknown,undefined,undefined
4217,4085,6C:B0:CE:1F:C3:CE,Unknown,undefined,undefined
4218,4086,6C:B0:CE:22:22:FD,Unknown,undefined,undefined
4219,4087,6C:B0:CE:23:DD:34,Unknown,undefined,undefined
4220,4088,6C:B0:CE:23:DF:40,Unknown,undefined,undefined
4221,4088,C0:BD:D1:54:09:76,Unknown,undefined,undefined
4222,4089,00:19:2F:E6:28:D9,Cisco,undefined,undefined
4223,4089,6C:B0:CE:25:29:60,Unknown,undefined,undefined
4224,4090,6C:B0:CE:26:7A:A6,Unknown,undefined,undefined
4225,4091,6C:B0:CE:26:C8:CD,Unknown,undefined,undefined
4226,4092,6C:B0:CE:28:CD:12,Unknown,undefined,undefined
4227,4093,6C:B0:CE:2A:E4:4C,Unknown,undefined,undefined
4228,4094,6C:B0:CE:2F:15:FA,Unknown,undefined,undefined
4229,4095,6C:B0:CE:32:ED:3D,Unknown,undefined,undefined
4230,4096,6C:B0:CE:32:ED:8B,Unknown,undefined,undefined
4231,4097,6C:B0:CE:32:ED:CD,Unknown,undefined,undefined
4232,4098,6C:B0:CE:32:ED:E5,Unknown,undefined,undefined
4233,4098,FC:C2:DE:76:AC:1D,Unknown,undefined,undefined
4234,4099,6C:B0:CE:32:EF:92,Unknown,undefined,undefined
4235,4100,6C:B0:CE:32:F0:DF,Unknown,undefined,undefined
4236,4101,6C:B0:CE:32:F0:F1,Unknown,undefined,undefined
4237,4102,6C:B0:CE:32:F3:BB,Unknown,undefined,undefined
4238,4103,6C:B0:CE:32:F3:F7,Unknown,undefined,undefined
4239,4105,6C:B0:CE:32:F4:75,Unknown,undefined,undefined
4240,4106,6C:B0:CE:32:F4:C9,Unknown,undefined,undefined
4241,4107,6C:B0:CE:32:F5:6E,Unknown,undefined,undefined
4242,4107,9C:D9:17:9C:0C:E4,Unknown,undefined,undefined
4243,4108,6C:B0:CE:33:92:20,Unknown,undefined,undefined
4244,4109,6C:B0:CE:33:E7:02,Unknown,undefined,undefined
4245,4110,6C:B0:CE:33:E8:01,Unknown,undefined,undefined
4246,4110,A4:DB:30:E5:B5:1B,LiteonTe,undefined,undefined
4247,4111,6C:B0:CE:36:3E:42,Unknown,undefined,undefined
4248,4112,6C:B0:CE:37:62:77,Unknown,undefined,undefined
4249,4113,6C:B0:CE:37:98:8A,Unknown,undefined,undefined
4250,4114,6C:B0:CE:40:00:34,Unknown,undefined,undefined
4251,4115,6C:B0:CE:40:04:21,Unknown,undefined,undefined
4252,4116,6C:B0:CE:41:A5:C5,Unknown,undefined,undefined
4253,4117,6C:B0:CE:41:A5:F8,Unknown,undefined,undefined
4254,4118,6C:B0:CE:41:D6:1B,Unknown,undefined,undefined
4255,4119,6C:B0:CE:42:C1:A9,Unknown,undefined,undefined
4256,4120,6C:B0:CE:42:C1:B5,Unknown,undefined,undefined
4257,4121,5C:0A:5B:6F:35:F7,SamsungE,undefined,undefined
4258,4121,6C:B0:CE:45:05:F0,Unknown,undefined,undefined
4259,4122,6C:B0:CE:45:06:23,Unknown,undefined,undefined
4260,4123,6C:B0:CE:45:06:47,Unknown,undefined,undefined
4261,4124,6C:B0:CE:45:07:07,Unknown,undefined,undefined
4262,4125,6C:B0:CE:45:07:37,Unknown,undefined,undefined
4263,4126,6C:B0:CE:45:07:43,Unknown,undefined,undefined
4264,4126,74:E5:0B:CF:87:94,IntelCor,undefined,undefined
4265,4127,6C:B0:CE:45:07:4C,Unknown,undefined,undefined
4266,4128,6C:B0:CE:45:07:9D,Unknown,undefined,undefined
4267,4129,6C:B0:CE:45:07:C7,Unknown,undefined,undefined
4268,4130,6C:B0:CE:45:08:00,Unknown,undefined,undefined
4269,4131,6C:B0:CE:45:08:2A,Unknown,undefined,undefined
4270,4132,6C:B0:CE:45:83:90,Unknown,undefined,undefined
4271,4132,DC:86:D8:A4:AF:9A,Apple,undefined,undefined
4272,4133,6C:B0:CE:45:8E:DF,Unknown,undefined,undefined
4273,4134,6C:B0:CE:45:8E:E8,Unknown,undefined,undefined
4274,4135,6C:B0:CE:45:8F:2D,Unknown,undefined,undefined
4275,4136,20:68:9D:3F:68:AE,LiteonTe,undefined,undefined
4276,4136,6C:B0:CE:45:93:9B,Unknown,undefined,undefined
4277,4137,6C:B0:CE:45:94:73,Unknown,undefined,undefined
4278,4138,6C:B0:CE:45:D2:27,Unknown,undefined,undefined
4279,4139,6C:B0:CE:45:D2:2A,Unknown,undefined,undefined
4280,4140,6C:B0:CE:45:D4:B8,Unknown,undefined,undefined
4281,4141,6C:B0:CE:49:48:33,Unknown,undefined,undefined
4282,4142,6C:B0:CE:7E:94:A8,Unknown,undefined,undefined
4283,4143,6C:B0:CE:98:D1:6F,Unknown,undefined,undefined
4284,4144,6C:B0:CE:98:EC:1E,Unknown,undefined,undefined
4285,4145,6C:B0:CE:9E:ED:94,Unknown,undefined,undefined
4286,4146,00:23:15:BC:92:A4,IntelCor,undefined,undefined
4287,4146,6C:B0:CE:9F:24:B8,Unknown,undefined,undefined
4288,4147,6C:B0:CE:9F:25:39,Unknown,undefined,undefined
4289,4148,6C:B0:CE:A1:F5:6F,Unknown,undefined,undefined
4290,4149,6C:B0:CE:A2:BD:15,Unknown,undefined,undefined
4291,4150,6C:B0:CE:A3:5F:C6,Unknown,undefined,undefined
4292,4151,6C:B0:CE:A8:6B:B9,Unknown,undefined,undefined
4293,4152,6C:B0:CE:A8:FA:51,Unknown,undefined,undefined
4294,4153,6C:B0:CE:AA:EC:6E,Unknown,undefined,undefined
4295,4154,6C:B0:CE:AA:F7:5C,Unknown,undefined,undefined
4296,4155,6C:B0:CE:AA:F8:0C,Unknown,undefined,undefined
4297,4156,6C:B0:CE:AA:F8:10,Unknown,undefined,undefined
4298,4157,6C:B0:CE:AA:F8:62,Unknown,undefined,undefined
4299,4158,4C:80:93:7B:ED:91,IntelCor,undefined,undefined
4300,4158,6C:B0:CE:AA:F8:A8,Unknown,undefined,undefined
4301,4159,02:0F:B5:27:99:78,Unknown,undefined,undefined
4302,4159,6C:B0:CE:AA:F9:36,Unknown,undefined,undefined
4303,4160,6C:B0:CE:AA:F9:38,Unknown,undefined,undefined
4304,4162,14:49:E0:16:7E:1A,SamsungE,undefined,undefined
4305,4162,6C:B0:CE:AB:BF:99,Unknown,undefined,undefined
4306,4163,6C:B0:CE:AF:A2:5D,Unknown,undefined,undefined
4307,4164,6C:B0:CE:AF:AE:A5,Unknown,undefined,undefined
4308,4165,6C:B0:CE:AF:AE:CC,Unknown,undefined,undefined
4309,4166,6C:B0:CE:AF:AF:32,Unknown,undefined,undefined
4310,4167,00:6B:9E:9F:31:12,Vizio,undefined,undefined
4311,4167,40:0E:85:18:A6:EC,SamsungE,undefined,undefined
4312,4167,6C:B0:CE:AF:AF:59,Unknown,undefined,undefined
4313,4168,6C:B0:CE:B1:2E:6A,Unknown,undefined,undefined
4314,4169,6C:B0:CE:B2:76:F2,Unknown,undefined,undefined
4315,4170,6C:B0:CE:B3:C0:66,Unknown,undefined,undefined
4316,4171,6C:B0:CE:B4:60:B9,Unknown,undefined,undefined
4317,4172,6C:B0:CE:B5:E3:21,Unknown,undefined,undefined
4318,4173,6C:B0:CE:B5:E9:48,Unknown,undefined,undefined
4319,4174,6C:B0:CE:B5:E9:6C,Unknown,undefined,undefined
4320,4175,6C:B0:CE:B6:27:B3,Unknown,undefined,undefined
4321,4176,6C:B0:CE:B6:28:1C,Unknown,undefined,undefined
4322,4178,6C:B0:CE:B6:31:EE,Unknown,undefined,undefined
4323,4179,6C:B0:CE:B7:A0:47,Unknown,undefined,undefined
4324,4180,6C:B0:CE:B7:FF:02,Unknown,undefined,undefined
4325,4181,6C:B0:CE:B7:FF:59,Unknown,undefined,undefined
4326,4183,6C:B0:CE:B7:FF:BC,Unknown,undefined,undefined
4327,4184,6C:B0:CE:B7:FF:C5,Unknown,undefined,undefined
4328,4185,6C:B0:CE:B8:1D:3B,Unknown,undefined,undefined
4329,4186,6C:B0:CE:B8:1D:68,Unknown,undefined,undefined
4330,4188,6C:B0:CE:B8:B0:5A,Unknown,undefined,undefined
4331,4188,D8:A2:5E:98:5D:A1,Apple,undefined,undefined
4332,4189,6C:B0:CE:B8:B5:3A,Unknown,undefined,undefined
4333,4190,2C:44:FD:04:4A:03,HewlettP,undefined,undefined
4334,4190,6C:B0:CE:B8:B7:4E,Unknown,undefined,undefined
4335,4191,6C:B0:CE:B9:FE:51,Unknown,undefined,undefined
4336,4192,6C:B0:CE:C0:B5:A3,Unknown,undefined,undefined
4337,4193,6C:B0:CE:DF:6A:7C,Unknown,undefined,undefined
4338,4194,6C:B0:CE:E0:33:CE,Unknown,undefined,undefined
4339,4195,6C:B0:CE:E0:E5:E4,Unknown,undefined,undefined
4340,4196,6C:B0:CE:EA:51:4A,Unknown,undefined,undefined
4341,4197,6C:B0:CE:EB:0C:F6,Unknown,undefined,undefined
4342,4198,30:10:B3:C2:56:36,Unknown,undefined,undefined
4343,4198,6C:B0:CE:EB:25:42,Unknown,undefined,undefined
4344,4199,6C:B0:CE:EC:79:D4,Unknown,undefined,undefined
4345,4200,6C:B0:CE:EC:D1:16,Unknown,undefined,undefined
4346,4201,6C:B0:CE:EE:F5:EA,Unknown,undefined,undefined
4347,4202,6C:B0:CE:F1:8B:C0,Unknown,undefined,undefined
4348,4203,6C:B0:CE:F1:93:C8,Unknown,undefined,undefined
4349,4204,6C:B0:CE:F1:CF:FA,Unknown,undefined,undefined
4350,4205,6C:B0:CE:F2:E5:CE,Unknown,undefined,undefined
4351,4206,6C:B0:CE:F5:25:AC,Unknown,undefined,undefined
4352,4207,6C:B0:CE:FB:9D:8C,Unknown,undefined,undefined
4353,4208,6C:B0:CE:FB:F5:26,Unknown,undefined,undefined
4354,4209,6C:B0:CE:FF:98:92,Unknown,undefined,undefined
4355,4210,6C:C2:17:19:CF:62,Unknown,undefined,undefined
4356,4211,6C:C2:17:4E:26:45,Unknown,undefined,undefined
4357,4212,6C:CA:08:0F:71:E0,Unknown,undefined,undefined
4358,4213,6C:CA:08:10:6E:90,Unknown,undefined,undefined
4359,4214,6C:CA:08:10:70:A0,Unknown,undefined,undefined
4360,4215,40:78:6A:8C:F6:12,Unknown,undefined,undefined
4361,4215,6C:CA:08:10:72:60,Unknown,undefined,undefined
4362,4216,6C:CA:08:24:49:F0,Unknown,undefined,undefined
4363,4217,6C:CA:08:54:49:F0,Unknown,undefined,undefined
4364,4218,6C:F3:7F:40:E8:60,ArubaNet,undefined,undefined
4365,4219,6C:F3:7F:40:E8:61,ArubaNet,undefined,undefined
4366,4220,6C:F3:7F:40:E8:62,ArubaNet,undefined,undefined
4367,4224,6E:B0:CE:AF:AE:4C,Unknown,undefined,undefined
4368,4226,70:10:5C:7C:F2:20,Cisco,undefined,undefined
4369,4227,70:10:5C:F8:9E:60,Cisco,undefined,undefined
4370,4228,70:10:5C:F8:9E:61,Cisco,undefined,undefined
4371,4229,70:10:5C:F8:9E:62,Cisco,undefined,undefined
4372,4243,64:80:99:3A:A4:10,IntelCor,undefined,undefined
4373,4243,74:31:70:09:FE:BC,Arcadyan,undefined,undefined
4374,4244,74:31:70:7E:98:49,Arcadyan,undefined,undefined
4375,4245,00:0D:4B:FB:E7:1D,RokuLlc,undefined,undefined
4376,4245,74:31:70:A8:F8:B8,Arcadyan,undefined,undefined
4377,4246,20:10:7A:54:F7:C8,GemtekTe,undefined,undefined
4378,4246,74:44:01:01:C0:78,Netgear,undefined,undefined
4379,4247,74:44:01:02:C0:22,Netgear,undefined,undefined
4380,4248,74:44:01:05:37:75,Netgear,undefined,undefined
4381,4249,74:44:01:08:86:9C,Netgear,undefined,undefined
4382,4250,74:44:01:0F:A3:E5,Netgear,undefined,undefined
4383,4251,74:44:01:12:4A:40,Netgear,undefined,undefined
4384,4252,74:44:01:15:17:E0,Netgear,undefined,undefined
4385,4253,74:44:01:15:55:42,Netgear,undefined,undefined
4386,4254,74:44:01:18:22:E6,Netgear,undefined,undefined
4387,4255,74:44:01:1A:A9:D8,Netgear,undefined,undefined
4388,4256,60:02:B4:9C:DE:E5,WistronN,undefined,undefined
4389,4256,74:44:01:1A:AE:A6,Netgear,undefined,undefined
4390,4257,74:44:01:1B:79:92,Netgear,undefined,undefined
4391,4258,74:44:01:20:0B:77,Netgear,undefined,undefined
4392,4259,74:44:01:20:12:3D,Netgear,undefined,undefined
4393,4260,74:44:01:24:0A:3F,Netgear,undefined,undefined
4394,4261,74:44:01:24:21:8E,Netgear,undefined,undefined
4395,4262,74:44:01:24:21:A3,Netgear,undefined,undefined
4396,4263,74:44:01:24:28:81,Netgear,undefined,undefined
4397,4264,74:44:01:32:0F:7A,Netgear,undefined,undefined
4398,4265,3C:15:C2:54:60:5F,Unknown,undefined,undefined
4399,4265,74:44:01:32:14:0C,Netgear,undefined,undefined
4400,4266,74:44:01:37:51:5E,Netgear,undefined,undefined
4401,4267,74:44:01:3B:69:09,Netgear,undefined,undefined
4402,4268,74:44:01:3E:0F:34,Netgear,undefined,undefined
4403,4269,74:44:01:42:77:A6,Netgear,undefined,undefined
4404,4270,74:44:01:43:EA:27,Netgear,undefined,undefined
4405,4271,74:44:01:44:74:6C,Netgear,undefined,undefined
4406,4272,74:44:01:48:FF:E8,Netgear,undefined,undefined
4407,4273,74:44:01:58:87:8F,Netgear,undefined,undefined
4408,4274,74:44:01:60:99:37,Netgear,undefined,undefined
4409,4275,74:44:01:71:08:F0,Netgear,undefined,undefined
4410,4276,74:44:01:75:52:B3,Netgear,undefined,undefined
4411,4277,74:44:01:77:6F:C3,Netgear,undefined,undefined
4412,4278,74:44:01:86:9A:B4,Netgear,undefined,undefined
4413,4279,74:44:01:8F:46:5C,Netgear,undefined,undefined
4414,4280,74:44:01:90:09:CF,Netgear,undefined,undefined
4415,4281,74:44:01:9B:60:E6,Netgear,undefined,undefined
4416,4282,74:44:01:F8:14:D2,Netgear,undefined,undefined
4417,4283,74:44:01:F8:DB:B7,Netgear,undefined,undefined
4418,4284,74:44:01:FA:FE:50,Netgear,undefined,undefined
4419,4285,74:44:01:FB:00:5D,Netgear,undefined,undefined
4420,4286,74:44:01:FB:1F:0F,Netgear,undefined,undefined
4421,4287,74:46:A0:6A:D3:91,HewlettP,undefined,undefined
4422,4288,74:46:A0:DB:F2:2C,HewlettP,undefined,undefined
4423,4290,74:91:1A:07:2C:69,RuckusWi,undefined,undefined
4424,4291,74:91:1A:47:2C:69,RuckusWi,undefined,undefined
4425,4292,74:91:1A:87:2C:69,RuckusWi,undefined,undefined
4426,4293,74:91:1A:C7:1D:E9,RuckusWi,undefined,undefined
4427,4294,74:91:1A:C7:2C:69,RuckusWi,undefined,undefined
4428,4295,74:D0:2B:3A:EC:40,AsustekC,undefined,undefined
4429,4296,74:D0:2B:3F:BD:28,AsustekC,undefined,undefined
4430,4297,74:D0:2B:40:67:38,AsustekC,undefined,undefined
4431,4298,74:D0:2B:65:E4:7C,AsustekC,undefined,undefined
4432,4301,74:EA:3A:FC:39:EE,Tp-LinkT,undefined,undefined
4433,4308,76:D0:2B:40:67:39,Unknown,undefined,undefined
4434,4310,78:24:AF:30:AF:F0,Unknown,undefined,undefined
4435,4311,78:24:AF:92:1F:C8,Unknown,undefined,undefined
4436,4312,78:24:AF:95:94:E0,Unknown,undefined,undefined
4437,4318,78:54:2E:F9:EC:20,D-LinkIn,undefined,undefined
4438,4320,78:61:7C:40:0B:E6,MitsumiE,undefined,undefined
4439,4321,78:61:7C:46:23:A8,MitsumiE,undefined,undefined
4440,4322,78:61:7C:46:47:D6,MitsumiE,undefined,undefined
4441,4323,78:61:7C:47:F8:C0,MitsumiE,undefined,undefined
4442,4324,78:61:7C:49:69:80,MitsumiE,undefined,undefined
4443,4325,78:61:7C:4A:1B:2C,MitsumiE,undefined,undefined
4444,4326,78:61:7C:4E:5E:9E,MitsumiE,undefined,undefined
4445,4327,78:61:7C:4E:94:9C,MitsumiE,undefined,undefined
4446,4328,78:61:7C:4E:A9:48,MitsumiE,undefined,undefined
4447,4329,78:61:7C:4F:3F:10,MitsumiE,undefined,undefined
4448,4330,78:61:7C:4F:6B:A0,MitsumiE,undefined,undefined
4449,4331,78:61:7C:50:65:24,MitsumiE,undefined,undefined
4450,4332,78:61:7C:50:78:C0,MitsumiE,undefined,undefined
4451,4333,78:61:7C:50:BF:06,MitsumiE,undefined,undefined
4452,4334,78:61:7C:51:13:1C,MitsumiE,undefined,undefined
4453,4335,78:61:7C:52:BE:48,MitsumiE,undefined,undefined
4454,4336,78:61:7C:52:E6:DC,MitsumiE,undefined,undefined
4455,4337,78:61:7C:53:EE:6E,MitsumiE,undefined,undefined
4456,4338,78:61:7C:5C:18:C6,MitsumiE,undefined,undefined
4457,4339,78:61:7C:5C:C0:FA,MitsumiE,undefined,undefined
4458,4340,78:61:7C:5F:21:46,MitsumiE,undefined,undefined
4459,4341,78:61:7C:66:F2:70,MitsumiE,undefined,undefined
4460,4342,78:61:7C:68:36:30,MitsumiE,undefined,undefined
4461,4343,78:61:7C:68:A2:0C,MitsumiE,undefined,undefined
4462,4344,78:61:7C:68:B5:A4,MitsumiE,undefined,undefined
4463,4345,78:61:7C:68:BA:88,MitsumiE,undefined,undefined
4464,4346,78:61:7C:6D:0B:3C,MitsumiE,undefined,undefined
4465,4347,70:14:A6:0B:13:E8,Unknown,undefined,undefined
4466,4347,78:61:7C:6D:97:F6,MitsumiE,undefined,undefined
4467,4348,78:61:7C:6E:BA:92,MitsumiE,undefined,undefined
4468,4349,78:61:7C:76:73:E8,MitsumiE,undefined,undefined
4469,4350,78:61:7C:76:D0:0A,MitsumiE,undefined,undefined
4470,4351,78:61:7C:81:A3:78,MitsumiE,undefined,undefined
4471,4352,78:61:7C:84:03:E8,MitsumiE,undefined,undefined
4472,4358,78:96:84:03:A9:60,Unknown,undefined,undefined
4473,4359,78:96:84:0D:3B:40,Unknown,undefined,undefined
4474,4360,78:96:84:1E:02:40,Unknown,undefined,undefined
4475,4361,78:96:84:21:75:A0,Unknown,undefined,undefined
4476,4362,78:96:84:76:B3:30,Unknown,undefined,undefined
4477,4363,78:96:84:7A:75:70,Unknown,undefined,undefined
4478,4364,78:96:84:89:67:F0,Unknown,undefined,undefined
4479,4365,78:96:84:96:01:80,Unknown,undefined,undefined
4480,4366,78:96:84:A7:24:B0,Unknown,undefined,undefined
4481,4367,78:96:84:A9:FA:30,Unknown,undefined,undefined
4482,4368,78:96:84:A9:FF:70,Unknown,undefined,undefined
4483,4369,78:96:84:B7:4C:80,Unknown,undefined,undefined
4484,4370,78:96:84:B7:BE:50,Unknown,undefined,undefined
4485,4371,78:96:84:B8:6B:E0,Unknown,undefined,undefined
4486,4376,78:CD:8E:00:1F:E8,SmcNetwo,undefined,undefined
4487,4377,78:CD:8E:00:7C:68,SmcNetwo,undefined,undefined
4488,4378,78:CD:8E:00:7C:69,SmcNetwo,undefined,undefined
4489,4379,78:CD:8E:4B:0B:98,SmcNetwo,undefined,undefined
4490,4380,78:CD:8E:4B:0B:99,SmcNetwo,undefined,undefined
4491,4381,78:CD:8E:4B:B8:48,SmcNetwo,undefined,undefined
4492,4382,78:CD:8E:4B:B8:49,SmcNetwo,undefined,undefined
4493,4383,78:CD:8E:4C:0C:68,SmcNetwo,undefined,undefined
4494,4384,78:CD:8E:4C:0C:69,SmcNetwo,undefined,undefined
4495,4385,78:CD:8E:4C:49:78,SmcNetwo,undefined,undefined
4496,4386,78:CD:8E:4D:75:D8,SmcNetwo,undefined,undefined
4497,4387,78:CD:8E:4D:75:D9,SmcNetwo,undefined,undefined
4498,4388,78:CD:8E:4E:21:28,SmcNetwo,undefined,undefined
4499,4389,78:CD:8E:52:D0:68,SmcNetwo,undefined,undefined
4500,4390,78:CD:8E:52:D9:58,SmcNetwo,undefined,undefined
4501,4391,78:CD:8E:52:D9:59,SmcNetwo,undefined,undefined
4502,4392,78:CD:8E:57:27:08,SmcNetwo,undefined,undefined
4503,4393,78:CD:8E:5A:31:E8,SmcNetwo,undefined,undefined
4504,4394,78:CD:8E:5A:31:EC,SmcNetwo,undefined,undefined
4505,4395,78:CD:8E:5A:31:ED,SmcNetwo,undefined,undefined
4506,4396,78:CD:8E:5A:4A:08,SmcNetwo,undefined,undefined
4507,4397,78:CD:8E:5A:4A:09,SmcNetwo,undefined,undefined
4508,4398,78:DA:6E:7B:37:00,Cisco,undefined,undefined
4509,4399,78:DA:6E:7B:68:38,Cisco,undefined,undefined
4510,4400,78:DA:6E:7B:68:39,Cisco,undefined,undefined
4511,4409,78:FE:3D:CE:0F:A0,JuniperN,undefined,undefined
4512,4410,7A:31:C1:8F:7E:C9,Unknown,undefined,undefined
4513,4411,7A:44:01:97:8A:66,Unknown,undefined,undefined
4514,4417,7C:4F:B5:D0:9A:6A,Arcadyan,undefined,undefined
4515,4418,7C:4F:B5:D0:A8:AD,Arcadyan,undefined,undefined
4516,4419,7C:4F:B5:DA:67:57,Arcadyan,undefined,undefined
4517,4420,7C:4F:B5:DA:72:33,Arcadyan,undefined,undefined
4518,4421,7C:4F:B5:DA:8E:A0,Arcadyan,undefined,undefined
4519,4422,7C:6D:62:73:F6:2D,Apple,undefined,undefined
4520,4423,7C:95:F3:73:12:A0,Cisco,undefined,undefined
4521,4424,7C:95:F3:73:12:A2,Cisco,undefined,undefined
4522,4425,7C:BF:B1:3A:DD:D0,ArrisGro,undefined,undefined
4523,4426,7C:BF:B1:64:62:A0,ArrisGro,undefined,undefined
4524,4427,7C:BF:B1:73:2F:F0,ArrisGro,undefined,undefined
4525,4428,7C:BF:B1:73:4D:90,ArrisGro,undefined,undefined
4526,4429,7C:E9:D3:8C:3F:19,HonHaiPr,undefined,undefined
4527,4431,7C:E9:D3:AA:F6:16,HonHaiPr,undefined,undefined
4528,4448,80:37:73:7A:DC:C5,Unknown,undefined,undefined
4529,4449,80:37:73:7B:E7:DA,Unknown,undefined,undefined
4530,4450,80:37:73:7D:FB:46,Unknown,undefined,undefined
4531,4451,80:37:73:A7:E0:04,Unknown,undefined,undefined
4532,4452,80:37:73:AB:61:50,Unknown,undefined,undefined
4533,4453,80:37:73:CE:3B:4B,Unknown,undefined,undefined
4534,4454,80:37:73:CE:F1:4F,Unknown,undefined,undefined
4535,4455,74:E5:0B:9E:60:06,IntelCor,undefined,undefined
4536,4455,80:37:73:CF:03:19,Unknown,undefined,undefined
4537,4456,80:37:73:D1:11:12,Unknown,undefined,undefined
4538,4457,80:37:73:D1:9B:4E,Unknown,undefined,undefined
4539,4458,80:37:73:D1:D5:9E,Unknown,undefined,undefined
4540,4459,80:37:73:D1:D6:EB,Unknown,undefined,undefined
4541,4461,80:37:73:D1:DC:6A,Unknown,undefined,undefined
4542,4462,80:37:73:D1:DE:11,Unknown,undefined,undefined
4543,4463,80:37:73:D6:0B:07,Unknown,undefined,undefined
4544,4464,80:37:73:D8:41:87,Unknown,undefined,undefined
4545,4465,80:37:73:D8:72:EE,Unknown,undefined,undefined
4546,4466,80:37:73:D8:F6:57,Unknown,undefined,undefined
4547,4467,80:37:73:D8:F7:5C,Unknown,undefined,undefined
4548,4468,80:37:73:D9:6D:2A,Unknown,undefined,undefined
4549,4469,80:37:73:D9:97:8F,Unknown,undefined,undefined
4550,4470,80:37:73:D9:A0:1A,Unknown,undefined,undefined
4551,4471,80:37:73:D9:A1:70,Unknown,undefined,undefined
4552,4472,80:37:73:D9:A1:7C,Unknown,undefined,undefined
4553,4473,80:37:73:DA:9E:D4,Unknown,undefined,undefined
4554,4474,80:37:73:DC:B6:9E,Unknown,undefined,undefined
4555,4476,80:37:73:DC:C4:3C,Unknown,undefined,undefined
4556,4477,80:37:73:DC:C4:63,Unknown,undefined,undefined
4557,4478,80:37:73:DC:C5:0B,Unknown,undefined,undefined
4558,4479,80:37:73:DC:C5:29,Unknown,undefined,undefined
4559,4480,80:37:73:DD:0A:35,Unknown,undefined,undefined
4560,4481,80:37:73:DD:C6:CF,Unknown,undefined,undefined
4561,4483,80:37:73:E0:B2:94,Unknown,undefined,undefined
4562,4484,80:37:73:E1:BF:1A,Unknown,undefined,undefined
4563,4485,80:37:73:EB:BC:80,Unknown,undefined,undefined
4564,4486,80:37:73:EB:BC:D4,Unknown,undefined,undefined
4565,4487,00:26:59:BE:08:6C,Nintendo,undefined,undefined
4566,4487,08:9E:01:A7:5B:58,QuantaCo,undefined,undefined
4567,4487,80:37:73:EB:BF:14,Unknown,undefined,undefined
4568,4488,80:37:73:EB:C7:CC,Unknown,undefined,undefined
4569,4489,80:37:73:EB:C7:EA,Unknown,undefined,undefined
4570,4490,80:37:73:EB:CB:3B,Unknown,undefined,undefined
4571,4491,80:37:73:EB:D5:DC,Unknown,undefined,undefined
4572,4492,80:37:73:EB:D7:35,Unknown,undefined,undefined
4573,4493,80:37:73:EB:D7:71,Unknown,undefined,undefined
4574,4495,80:37:73:EB:D7:FB,Unknown,undefined,undefined
4575,4496,80:37:73:EB:D8:13,Unknown,undefined,undefined
4576,4497,80:37:73:EB:F1:9C,Unknown,undefined,undefined
4577,4498,80:37:73:EC:A2:82,Unknown,undefined,undefined
4578,4499,80:37:73:EC:A2:CA,Unknown,undefined,undefined
4579,4500,80:37:73:EC:A3:AB,Unknown,undefined,undefined
4580,4501,80:37:73:EC:A6:A5,Unknown,undefined,undefined
4581,4502,80:37:73:EC:B9:C2,Unknown,undefined,undefined
4582,4503,80:37:73:EC:BA:97,Unknown,undefined,undefined
4583,4504,80:37:73:EE:16:EC,Unknown,undefined,undefined
4584,4505,80:37:73:EE:F4:D9,Unknown,undefined,undefined
4585,4506,80:37:73:F8:BD:55,Unknown,undefined,undefined
4586,4507,80:37:73:F9:A5:20,Unknown,undefined,undefined
4587,4508,80:37:73:FC:2A:63,Unknown,undefined,undefined
4588,4511,60:02:B4:97:37:37,WistronN,undefined,undefined
4589,4511,80:56:F2:90:78:E1,HonHaiPr,undefined,undefined
4590,4522,80:96:B1:DA:88:82,ArrisGro,undefined,undefined
4591,4532,80:EA:96:ED:68:52,Unknown,undefined,undefined
4592,4533,80:EA:96:F0:C3:8C,Unknown,undefined,undefined
4593,4534,80:EA:96:F1:8D:D2,Unknown,undefined,undefined
4594,4535,80:EA:96:F2:66:64,Unknown,undefined,undefined
4595,4536,80:EA:96:F3:E8:C6,Unknown,undefined,undefined
4596,4542,84:18:3A:0F:A2:08,Unknown,undefined,undefined
4597,4543,84:18:3A:2B:A5:C8,Unknown,undefined,undefined
4598,4544,84:18:3A:2B:A6:18,Unknown,undefined,undefined
4599,4545,64:80:99:7A:4D:A8,IntelCor,undefined,undefined
4600,4545,84:18:3A:4F:A2:08,Unknown,undefined,undefined
4601,4546,64:80:99:7A:4D:A8,IntelCor,undefined,undefined
4602,4546,84:18:3A:6B:A5:C8,Unknown,undefined,undefined
4603,4547,04:0C:CE:E1:F9:08,Apple,undefined,undefined
4604,4547,64:80:99:7A:4D:A8,IntelCor,undefined,undefined
4605,4547,84:18:3A:6B:A6:18,Unknown,undefined,undefined
4606,4548,84:18:3A:8F:A2:08,Unknown,undefined,undefined
4607,4549,84:18:3A:AB:A5:C8,Unknown,undefined,undefined
4608,4550,84:18:3A:AB:A6:18,Unknown,undefined,undefined
4609,4551,84:1B:5E:00:AC:80,Netgear,undefined,undefined
4610,4552,84:1B:5E:00:C1:96,Netgear,undefined,undefined
4611,4553,84:1B:5E:02:E9:27,Netgear,undefined,undefined
4612,4554,84:1B:5E:04:62:4A,Netgear,undefined,undefined
4613,4555,84:1B:5E:27:C1:3A,Netgear,undefined,undefined
4614,4556,84:1B:5E:27:DD:F3,Netgear,undefined,undefined
4615,4558,84:1B:5E:2E:44:8F,Netgear,undefined,undefined
4616,4559,84:1B:5E:2E:5E:EC,Netgear,undefined,undefined
4617,4560,84:1B:5E:2E:E7:32,Netgear,undefined,undefined
4618,4561,84:1B:5E:2E:E7:B0,Netgear,undefined,undefined
4619,4562,84:1B:5E:2F:1D:4B,Netgear,undefined,undefined
4620,4563,84:1B:5E:30:68:FA,Netgear,undefined,undefined
4621,4564,84:1B:5E:30:7D:74,Netgear,undefined,undefined
4622,4565,84:1B:5E:35:01:F8,Netgear,undefined,undefined
4623,4566,84:1B:5E:36:41:F4,Netgear,undefined,undefined
4624,4567,84:1B:5E:38:A6:F2,Netgear,undefined,undefined
4625,4568,84:1B:5E:39:AB:C2,Netgear,undefined,undefined
4626,4569,84:1B:5E:39:AB:C5,Netgear,undefined,undefined
4627,4570,30:14:4A:6F:6F:DE,WistronN,undefined,undefined
4628,4570,84:1B:5E:3F:78:60,Netgear,undefined,undefined
4629,4571,84:1B:5E:41:2B:AF,Netgear,undefined,undefined
4630,4572,84:1B:5E:41:76:4B,Netgear,undefined,undefined
4631,4573,84:1B:5E:43:C6:51,Netgear,undefined,undefined
4632,4574,84:1B:5E:44:5A:90,Netgear,undefined,undefined
4633,4574,90:2B:34:E7:CE:94,Giga-Byt,undefined,undefined
4634,4576,84:1B:5E:45:F3:AC,Netgear,undefined,undefined
4635,4577,84:1B:5E:46:35:3C,Netgear,undefined,undefined
4636,4578,84:1B:5E:47:79:8E,Netgear,undefined,undefined
4637,4579,84:1B:5E:49:92:81,Netgear,undefined,undefined
4638,4580,84:1B:5E:4D:4E:4A,Netgear,undefined,undefined
4639,4581,00:1E:8C:8A:04:56,AsustekC,undefined,undefined
4640,4581,84:1B:5E:52:59:53,Netgear,undefined,undefined
4641,4582,84:1B:5E:6A:D6:F8,Netgear,undefined,undefined
4642,4583,84:1B:5E:76:F0:CA,Netgear,undefined,undefined
4643,4584,84:1B:5E:86:57:5D,Netgear,undefined,undefined
4644,4585,14:49:E0:16:7E:1A,SamsungE,undefined,undefined
4645,4585,84:1B:5E:CB:1C:83,Netgear,undefined,undefined
4646,4586,84:1B:5E:CB:E3:FF,Netgear,undefined,undefined
4647,4587,84:1B:5E:CF:43:70,Netgear,undefined,undefined
4648,4588,84:1B:5E:D1:7E:14,Netgear,undefined,undefined
4649,4589,84:1B:5E:D7:72:C1,Netgear,undefined,undefined
4650,4590,84:1B:5E:DD:37:31,Netgear,undefined,undefined
4651,4591,84:1B:5E:DF:87:5A,Netgear,undefined,undefined
4652,4592,84:1B:5E:E2:3D:6C,Netgear,undefined,undefined
4653,4593,84:1B:5E:E3:15:7A,Netgear,undefined,undefined
4654,4594,84:1B:5E:E4:A1:36,Netgear,undefined,undefined
4655,4595,84:1B:5E:E6:8F:DA,Netgear,undefined,undefined
4656,4596,84:1B:5E:E7:B8:02,Netgear,undefined,undefined
4657,4597,84:1B:5E:E9:7C:DD,Netgear,undefined,undefined
4658,4598,84:1B:5E:EE:7E:0C,Netgear,undefined,undefined
4659,4599,84:1B:5E:F2:A2:66,Netgear,undefined,undefined
4660,4600,84:1B:5E:F4:CA:B4,Netgear,undefined,undefined
4661,4601,84:1B:5E:F9:62:AA,Netgear,undefined,undefined
4662,4602,84:24:8D:27:D3:E0,Motorola,undefined,undefined
4663,4603,84:24:8D:27:D3:E1,Motorola,undefined,undefined
4664,4604,84:24:8D:2B:86:71,Motorola,undefined,undefined
4665,4605,84:24:8D:2B:8E:D1,Motorola,undefined,undefined
4666,4605,B4:C7:99:F7:CF:DB,Motorola,undefined,undefined
4667,4606,84:24:8D:2B:9A:71,Motorola,undefined,undefined
4668,4608,84:34:97:28:BB:2D,HewlettP,undefined,undefined
4669,4609,84:34:97:2B:82:32,HewlettP,undefined,undefined
4670,4610,84:34:97:65:99:10,HewlettP,undefined,undefined
4671,4611,84:34:97:B1:0A:69,HewlettP,undefined,undefined
4672,4612,84:34:97:B3:AF:72,HewlettP,undefined,undefined
4673,4613,84:34:97:FB:9F:28,HewlettP,undefined,undefined
4674,4614,84:34:97:FD:53:43,HewlettP,undefined,undefined
4675,4618,84:38:38:AB:3D:C4,Unknown,undefined,undefined
4676,4619,84:38:38:BB:3B:80,Unknown,undefined,undefined
4677,4621,84:4B:F5:28:A9:C6,HonHaiPr,undefined,undefined
4678,4625,84:74:2A:EE:A0:57,Zte,undefined,undefined
4679,4631,84:C9:B2:4B:70:17,D-LinkIn,undefined,undefined
4680,4632,84:C9:B2:4B:9F:01,D-LinkIn,undefined,undefined
4681,4633,84:C9:B2:4B:D1:C7,D-LinkIn,undefined,undefined
4682,4634,84:C9:B2:4B:D1:F7,D-LinkIn,undefined,undefined
4683,4635,84:C9:B2:4F:EB:4F,D-LinkIn,undefined,undefined
4684,4636,84:C9:B2:60:D6:98,D-LinkIn,undefined,undefined
4685,4637,84:DB:2F:04:13:C6,SierraWi,undefined,undefined
4686,4638,84:DB:2F:09:DC:97,SierraWi,undefined,undefined
4687,4639,84:DB:2F:25:55:8A,SierraWi,undefined,undefined
4688,4641,86:1B:5E:00:AC:81,Unknown,undefined,undefined
4689,4642,86:1B:5E:41:2B:A0,Unknown,undefined,undefined
4690,4643,86:1B:5E:44:5A:91,Unknown,undefined,undefined
4691,4643,90:2B:34:E7:CE:94,Giga-Byt,undefined,undefined
4692,4644,86:1B:5E:86:57:5D,Unknown,undefined,undefined
4693,4647,50:1A:C5:73:29:2C,Unknown,undefined,undefined
4694,4647,88:1F:A1:44:F6:C8,Apple,undefined,undefined
4695,4652,88:51:FB:0E:69:1D,HewlettP,undefined,undefined
4696,4653,88:51:FB:1D:12:E6,HewlettP,undefined,undefined
4697,4654,88:51:FB:20:2C:80,HewlettP,undefined,undefined
4698,4655,88:51:FB:21:A2:0F,HewlettP,undefined,undefined
4699,4656,88:51:FB:26:BD:2C,HewlettP,undefined,undefined
4700,4657,88:51:FB:FD:6E:C0,HewlettP,undefined,undefined
4701,4659,68:A3:C4:5E:72:7D,LiteonTe,undefined,undefined
4702,4659,88:75:56:A1:FE:20,Cisco,undefined,undefined
4703,4659,F8:16:54:47:16:CF,IntelCor,undefined,undefined
4704,4667,88:DC:96:00:1B:8C,SenaoNet,undefined,undefined
4705,4668,88:DC:96:0C:C4:DC,SenaoNet,undefined,undefined
4706,4669,88:DC:96:12:F5:F4,SenaoNet,undefined,undefined
4707,4670,88:DC:96:14:B6:B0,SenaoNet,undefined,undefined
4708,4671,88:DC:96:14:B9:06,SenaoNet,undefined,undefined
4709,4672,88:DC:96:14:B9:1C,SenaoNet,undefined,undefined
4710,4673,88:DC:96:18:5C:B6,SenaoNet,undefined,undefined
4711,4674,88:DC:96:18:5C:BA,SenaoNet,undefined,undefined
4712,4675,88:DC:96:18:5C:C0,SenaoNet,undefined,undefined
4713,4676,88:DC:96:19:EF:A4,SenaoNet,undefined,undefined
4714,4677,00:02:6F:58:61:0B,SenaoInt,undefined,undefined
4715,4677,28:C6:8E:6B:59:7E,Netgear,undefined,undefined
4716,4677,88:DC:96:19:EF:A6,SenaoNet,undefined,undefined
4717,4677,96:10:3E:AA:77:8A,Unknown,undefined,undefined
4718,4677,D0:DF:9A:68:42:6B,LiteonTe,undefined,undefined
4719,4678,88:DC:96:20:90:AE,SenaoNet,undefined,undefined
4720,4679,78:E7:D1:C8:DC:B1,Hewlett-,undefined,undefined
4721,4679,88:DC:96:21:AF:28,SenaoNet,undefined,undefined
4722,4680,88:DC:96:22:1E:68,SenaoNet,undefined,undefined
4723,4683,8A:DC:96:1B:ED:BE,Unknown,undefined,undefined
4724,4684,8C:0C:90:16:65:48,RuckusWi,undefined,undefined
4725,4685,8C:0C:90:16:65:D8,RuckusWi,undefined,undefined
4726,4686,8C:0C:90:16:68:38,RuckusWi,undefined,undefined
4727,4687,8C:0C:90:17:E0:E8,RuckusWi,undefined,undefined
4728,4688,8C:0C:90:56:65:48,RuckusWi,undefined,undefined
4729,4688,A0:02:DC:04:58:E0,Unknown,undefined,undefined
4730,4689,8C:0C:90:56:65:D8,RuckusWi,undefined,undefined
4731,4690,8C:0C:90:57:E0:E8,RuckusWi,undefined,undefined
4732,4691,8C:0C:90:96:65:48,RuckusWi,undefined,undefined
4733,4692,8C:0C:90:96:65:D8,RuckusWi,undefined,undefined
4734,4693,8C:0C:90:96:68:38,RuckusWi,undefined,undefined
4735,4694,8C:0C:90:97:E0:E8,RuckusWi,undefined,undefined
4736,4695,8C:21:0A:66:AD:3C,Tp-LinkT,undefined,undefined
4737,4705,8C:7F:3B:6F:B2:10,Unknown,undefined,undefined
4738,4706,8C:7F:3B:6F:B3:D0,Unknown,undefined,undefined
4739,4707,8C:7F:3B:6F:B6:10,Unknown,undefined,undefined
4740,4708,8C:7F:3B:6F:DB:10,Unknown,undefined,undefined
4741,4709,8C:7F:3B:A6:A3:70,Unknown,undefined,undefined
4742,4714,8C:DC:D4:64:A3:00,Unknown,undefined,undefined
4743,4715,8C:DC:D4:64:AB:A8,Unknown,undefined,undefined
4744,4716,8C:DC:D4:69:43:CB,Unknown,undefined,undefined
4745,4717,8C:DC:D4:C4:88:C5,Unknown,undefined,undefined
4746,4718,8C:E0:81:B4:72:24,Zte,undefined,undefined
4747,4733,90:1D:27:03:38:41,Zte,undefined,undefined
4748,4734,90:3E:AB:42:93:40,ArrisGro,undefined,undefined
4749,4735,90:3E:AB:42:A2:70,ArrisGro,undefined,undefined
4750,4736,90:3E:AB:46:62:10,ArrisGro,undefined,undefined
4751,4737,90:3E:AB:47:7F:90,ArrisGro,undefined,undefined
4752,4738,90:3E:AB:52:24:D0,ArrisGro,undefined,undefined
4753,4739,90:3E:AB:55:B1:B0,ArrisGro,undefined,undefined
4754,4740,90:3E:AB:59:4D:00,ArrisGro,undefined,undefined
4755,4741,90:3E:AB:60:9B:C0,ArrisGro,undefined,undefined
4756,4742,90:3E:AB:8F:1C:E0,ArrisGro,undefined,undefined
4757,4743,90:3E:AB:A1:6D:D0,ArrisGro,undefined,undefined
4758,4744,90:3E:AB:A1:70:30,ArrisGro,undefined,undefined
4759,4745,90:3E:AB:A3:F5:20,ArrisGro,undefined,undefined
4760,4746,90:3E:AB:AE:7D:50,ArrisGro,undefined,undefined
4761,4747,90:3E:AB:B3:BE:B0,ArrisGro,undefined,undefined
4762,4748,90:3E:AB:B7:D5:B0,ArrisGro,undefined,undefined
4763,4749,90:3E:AB:B8:08:50,ArrisGro,undefined,undefined
4764,4750,90:3E:AB:B8:BA:30,ArrisGro,undefined,undefined
4765,4751,90:3E:AB:C0:F9:D0,ArrisGro,undefined,undefined
4766,4752,90:3E:AB:C2:5C:10,ArrisGro,undefined,undefined
4767,4753,90:3E:AB:F1:C6:20,ArrisGro,undefined,undefined
4768,4754,90:3E:AB:F2:20:70,ArrisGro,undefined,undefined
4769,4755,90:3E:AB:F4:59:E0,ArrisGro,undefined,undefined
4770,4756,90:3E:AB:F7:F2:D0,ArrisGro,undefined,undefined
4771,4757,90:3E:AB:F9:54:A0,ArrisGro,undefined,undefined
4772,4758,90:4C:E5:2E:A2:DF,HonHaiPr,undefined,undefined
4773,4759,90:4C:E5:5B:56:30,HonHaiPr,undefined,undefined
4774,4768,18:B4:30:0D:6E:D7,NestLabs,undefined,undefined
4775,4768,7C:7A:91:42:AA:40,IntelCor,undefined,undefined
4776,4768,90:72:40:0F:57:32,Apple,undefined,undefined
4777,4768,C4:04:15:17:D0:50,Netgear,undefined,undefined
4778,4768,D4:C9:EF:E1:7C:95,HewlettP,undefined,undefined
4779,4769,90:72:40:17:98:F6,Apple,undefined,undefined
4780,4770,00:1D:AA:C0:FE:A8,Draytek,undefined,undefined
4781,4770,90:72:40:18:B1:FA,Apple,undefined,undefined
4782,4771,90:72:40:19:34:66,Apple,undefined,undefined
4783,4772,90:72:40:1E:C1:A8,Apple,undefined,undefined
4784,4780,90:94:E4:FC:DB:EC,D-LinkIn,undefined,undefined
4785,4784,90:B1:34:9C:4A:40,ArrisGro,undefined,undefined
4786,4785,90:B1:34:A7:B8:90,ArrisGro,undefined,undefined
4787,4786,90:B1:34:AA:FB:10,ArrisGro,undefined,undefined
4788,4787,90:B1:34:B4:F2:70,ArrisGro,undefined,undefined
4789,4788,90:B1:34:D0:59:50,ArrisGro,undefined,undefined
4790,4789,90:B1:34:D2:C7:30,ArrisGro,undefined,undefined
4791,4790,90:B1:34:E9:CF:50,ArrisGro,undefined,undefined
4792,4791,90:B1:34:EB:1C:C0,ArrisGro,undefined,undefined
4793,4792,8C:84:01:A4:9A:52,Private,undefined,undefined
4794,4792,90:B6:86:1D:4B:36,Unknown,undefined,undefined
4795,4795,90:F6:52:2A:10:42,Tp-LinkT,undefined,undefined
4796,4796,90:F6:52:3D:43:74,Tp-LinkT,undefined,undefined
4797,4801,2C:BE:08:BA:5C:7A,Unknown,undefined,undefined
4798,4801,92:4C:E5:5B:56:31,Unknown,undefined,undefined
4799,4804,92:FA:B1:18:40:70,Unknown,undefined,undefined
4800,4805,94:10:3E:00:9D:9D,BelkinIn,undefined,undefined
4801,4806,94:10:3E:01:04:B9,BelkinIn,undefined,undefined
4802,4807,94:10:3E:05:41:4F,BelkinIn,undefined,undefined
4803,4808,94:10:3E:06:17:50,BelkinIn,undefined,undefined
4804,4809,94:10:3E:06:9F:48,BelkinIn,undefined,undefined
4805,4810,94:10:3E:0C:51:BA,BelkinIn,undefined,undefined
4806,4811,94:10:3E:0E:D1:E1,BelkinIn,undefined,undefined
4807,4812,94:10:3E:0F:79:65,BelkinIn,undefined,undefined
4808,4813,94:10:3E:14:F5:27,BelkinIn,undefined,undefined
4809,4814,94:10:3E:15:36:E2,BelkinIn,undefined,undefined
4810,4815,94:10:3E:16:3E:95,BelkinIn,undefined,undefined
4811,4816,94:10:3E:17:B7:0C,BelkinIn,undefined,undefined
4812,4817,94:10:3E:18:F0:D7,BelkinIn,undefined,undefined
4813,4818,94:10:3E:1D:90:77,BelkinIn,undefined,undefined
4814,4819,94:10:3E:1D:E1:FD,BelkinIn,undefined,undefined
4815,4820,94:10:3E:29:61:1E,BelkinIn,undefined,undefined
4816,4821,94:10:3E:29:61:21,BelkinIn,undefined,undefined
4817,4822,94:10:3E:37:CD:EE,BelkinIn,undefined,undefined
4818,4822,E0:06:E6:D8:63:0D,HonHaiPr,undefined,undefined
4819,4823,94:10:3E:52:AB:40,BelkinIn,undefined,undefined
4820,4824,94:10:3E:52:AB:43,BelkinIn,undefined,undefined
4821,4825,94:10:3E:52:C0:4C,BelkinIn,undefined,undefined
4822,4826,94:10:3E:52:C0:4F,BelkinIn,undefined,undefined
4823,4827,94:10:3E:52:DC:D8,BelkinIn,undefined,undefined
4824,4828,94:10:3E:53:6E:78,BelkinIn,undefined,undefined
4825,4829,94:10:3E:53:6E:7B,BelkinIn,undefined,undefined
4826,4830,94:10:3E:53:EA:B0,BelkinIn,undefined,undefined
4827,4831,94:10:3E:53:EA:B3,BelkinIn,undefined,undefined
4828,4832,94:10:3E:54:0B:A4,BelkinIn,undefined,undefined
4829,4833,94:10:3E:54:0B:A7,BelkinIn,undefined,undefined
4830,4834,94:10:3E:56:2E:8B,BelkinIn,undefined,undefined
4831,4835,00:6B:9E:58:42:B0,Vizio,undefined,undefined
4832,4835,64:5A:04:77:13:BA,ChiconyE,undefined,undefined
4833,4835,94:10:3E:57:2C:F4,BelkinIn,undefined,undefined
4834,4835,AC:72:89:07:C9:A2,IntelCor,undefined,undefined
4835,4835,F4:09:D8:98:1C:0A,Unknown,undefined,undefined
4836,4836,94:10:3E:58:47:74,BelkinIn,undefined,undefined
4837,4837,94:10:3E:58:47:77,BelkinIn,undefined,undefined
4838,4838,94:10:3E:6F:6D:E0,BelkinIn,undefined,undefined
4839,4839,94:10:3E:6F:6D:E3,BelkinIn,undefined,undefined
4840,4840,94:10:3E:72:9D:AE,BelkinIn,undefined,undefined
4841,4841,94:10:3E:72:9D:B1,BelkinIn,undefined,undefined
4842,4842,94:10:3E:73:61:82,BelkinIn,undefined,undefined
4843,4843,94:10:3E:73:61:85,BelkinIn,undefined,undefined
4844,4844,94:10:3E:74:AA:36,BelkinIn,undefined,undefined
4845,4845,94:10:3E:76:74:76,BelkinIn,undefined,undefined
4846,4846,94:10:3E:7B:79:84,BelkinIn,undefined,undefined
4847,4847,94:10:3E:7F:03:20,BelkinIn,undefined,undefined
4848,4848,94:10:3E:80:AC:E5,BelkinIn,undefined,undefined
4849,4849,94:10:3E:82:EB:F9,BelkinIn,undefined,undefined
4850,4850,94:10:3E:83:17:54,BelkinIn,undefined,undefined
4851,4851,94:10:3E:9C:48:AA,BelkinIn,undefined,undefined
4852,4852,94:10:3E:A6:8B:96,BelkinIn,undefined,undefined
4853,4853,94:10:3E:AF:27:FC,BelkinIn,undefined,undefined
4854,4854,94:10:3E:B0:55:97,BelkinIn,undefined,undefined
4855,4855,94:10:3E:B1:17:B3,BelkinIn,undefined,undefined
4856,4856,94:10:3E:B1:8A:E5,BelkinIn,undefined,undefined
4857,4857,94:10:3E:B1:BA:95,BelkinIn,undefined,undefined
4858,4858,94:10:3E:B2:BB:51,BelkinIn,undefined,undefined
4859,4859,94:10:3E:B2:D0:D9,BelkinIn,undefined,undefined
4860,4860,94:10:3E:B3:4A:3A,BelkinIn,undefined,undefined
4861,4861,94:10:3E:C3:09:C2,BelkinIn,undefined,undefined
4862,4862,34:23:BA:B6:5A:1E,SamsungE,undefined,undefined
4863,4862,48:F8:B3:29:B1:EE,Cisco-Li,undefined,undefined
4864,4862,94:10:3E:C8:5A:0A,BelkinIn,undefined,undefined
4865,4862,B4:75:0E:B8:26:1F,BelkinIn,UDP/TCP,192.168.1.132
4866,4863,94:10:3E:F6:F2:E0,BelkinIn,undefined,undefined
4867,4863,CC:C3:EA:49:2F:D2,Unknown,undefined,undefined
4868,4864,94:44:52:21:4D:40,BelkinIn,undefined,undefined
4869,4865,94:44:52:25:31:28,BelkinIn,undefined,undefined
4870,4866,94:44:52:2E:C2:46,BelkinIn,undefined,undefined
4871,4867,94:44:52:2E:C7:82,BelkinIn,undefined,undefined
4872,4868,00:6B:9E:A5:90:88,Vizio,UDP/TCP,192.168.2.5
4873,4868,94:44:52:39:4B:0F,BelkinIn,undefined,undefined
4874,4869,94:44:52:3D:95:17,BelkinIn,undefined,undefined
4875,4870,94:44:52:4F:88:F6,BelkinIn,undefined,undefined
4876,4871,94:44:52:54:2A:1C,BelkinIn,undefined,undefined
4877,4872,94:44:52:55:72:20,BelkinIn,undefined,undefined
4878,4873,94:44:52:5C:74:2A,BelkinIn,undefined,undefined
4879,4874,94:44:52:69:D7:17,BelkinIn,undefined,undefined
4880,4875,94:44:52:6D:63:39,BelkinIn,undefined,undefined
4881,4876,94:44:52:71:E6:3E,BelkinIn,undefined,undefined
4882,4878,94:44:52:87:A1:2C,BelkinIn,undefined,undefined
4883,4879,94:44:52:8B:3E:1B,BelkinIn,undefined,undefined
4884,4880,94:44:52:94:CB:24,BelkinIn,undefined,undefined
4885,4881,74:E5:43:84:62:59,LiteonTe,undefined,undefined
4886,4881,94:44:52:95:07:F3,BelkinIn,undefined,undefined
4887,4882,94:44:52:97:C6:C7,BelkinIn,undefined,undefined
4888,4883,94:44:52:99:C3:24,BelkinIn,undefined,undefined
4889,4884,94:44:52:99:F5:25,BelkinIn,undefined,undefined
4890,4885,94:44:52:A0:35:62,BelkinIn,undefined,undefined
4891,4886,94:44:52:A5:CE:42,BelkinIn,undefined,undefined
4892,4887,94:44:52:AB:D8:3E,BelkinIn,undefined,undefined
4893,4887,C4:54:44:5F:3B:42,QuantaCo,undefined,undefined
4894,4888,94:44:52:B2:DF:73,BelkinIn,undefined,undefined
4895,4889,94:44:52:B3:D2:57,BelkinIn,undefined,undefined
4896,4890,94:44:52:B5:2B:0D,BelkinIn,undefined,undefined
4897,4891,94:44:52:B7:89:6D,BelkinIn,undefined,undefined
4898,4892,94:44:52:BA:C8:C9,BelkinIn,undefined,undefined
4899,4893,94:44:52:C6:0C:F0,BelkinIn,undefined,undefined
4900,4894,94:44:52:C6:65:78,BelkinIn,undefined,undefined
4901,4895,94:44:52:D7:27:96,BelkinIn,undefined,undefined
4902,4896,94:44:52:F2:1C:8E,BelkinIn,undefined,undefined
4903,4897,94:44:52:FA:8B:7C,BelkinIn,undefined,undefined
4904,4898,94:44:52:FC:B6:22,BelkinIn,undefined,undefined
4905,4899,94:62:69:10:50:30,Unknown,undefined,undefined
4906,4900,94:62:69:1C:D3:E0,Unknown,undefined,undefined
4907,4901,94:62:69:41:C9:10,Unknown,undefined,undefined
4908,4902,94:62:69:48:38:F0,Unknown,undefined,undefined
4909,4903,94:62:69:50:2E:E0,Unknown,undefined,undefined
4910,4904,94:62:69:50:8B:50,Unknown,undefined,undefined
4911,4905,94:62:69:66:F2:80,Unknown,undefined,undefined
4912,4906,94:62:69:66:FE:A0,Unknown,undefined,undefined
4913,4907,94:62:69:76:EF:90,Unknown,undefined,undefined
4914,4908,94:62:69:D4:E7:30,Unknown,undefined,undefined
4915,4910,94:C1:50:03:79:DA,2wire,undefined,undefined
4916,4911,94:C1:50:6A:1F:D2,2wire,undefined,undefined
4917,4912,94:C1:50:77:B1:11,2wire,undefined,undefined
4918,4912,94:C1:50:77:B1:12,2wire,undefined,undefined
4919,4913,94:C1:50:78:57:D2,2wire,undefined,undefined
4920,4914,94:C1:50:7A:CC:B1,2wire,undefined,undefined
4921,4914,94:C1:50:7A:CC:B2,2wire,undefined,undefined
4922,4915,94:C1:50:8A:A2:32,2wire,undefined,undefined
4923,4916,94:C1:50:C1:85:FA,2wire,undefined,undefined
4924,4917,94:C1:50:FF:50:E6,2wire,undefined,undefined
4925,4918,94:CC:B9:8D:4D:40,ArrisGro,undefined,undefined
4926,4919,94:CC:B9:B2:DA:10,ArrisGro,undefined,undefined
4927,4920,18:CF:5E:44:8A:53,Unknown,undefined,undefined
4928,4920,94:CC:B9:BD:52:F0,ArrisGro,undefined,undefined
4929,4921,94:CC:B9:D2:DC:90,ArrisGro,undefined,undefined
4930,4922,94:CC:B9:DE:CC:D0,ArrisGro,undefined,undefined
4931,4923,94:CC:B9:DF:29:A0,ArrisGro,undefined,undefined
4932,4927,96:10:3E:01:04:BA,Unknown,undefined,undefined
4933,4928,96:10:3E:06:17:50,Unknown,undefined,undefined
4934,4929,96:10:3E:06:9F:48,Unknown,undefined,undefined
4935,4930,96:10:3E:0A:F0:FB,Unknown,undefined,undefined
4936,4931,96:10:3E:0C:51:BB,Unknown,undefined,undefined
4937,4932,96:10:3E:0C:51:BC,Unknown,undefined,undefined
4938,4933,96:10:3E:13:D9:AC,Unknown,undefined,undefined
4939,4934,96:10:3E:15:36:E2,Unknown,undefined,undefined
4940,4935,96:10:3E:1D:90:79,Unknown,undefined,undefined
4941,4936,96:10:3E:37:CD:EE,Unknown,undefined,undefined
4942,4937,96:10:3E:7B:79:85,Unknown,undefined,undefined
4943,4938,96:10:3E:7B:79:86,Unknown,undefined,undefined
4944,4939,96:10:3E:7F:03:21,Unknown,undefined,undefined
4945,4940,96:10:3E:82:EB:F9,Unknown,undefined,undefined
4946,4941,96:10:3E:9C:48:AA,Unknown,undefined,undefined
4947,4942,96:10:3E:AF:7F:7F,Unknown,undefined,undefined
4948,4943,96:44:52:99:C3:25,Unknown,undefined,undefined
4949,4944,96:44:52:99:F5:26,Unknown,undefined,undefined
4950,4951,98:4B:E1:1B:E9:91,Hewlett-,undefined,undefined
4951,4966,98:F5:37:03:6A:D2,Zte,undefined,undefined
4952,4967,98:FC:11:47:06:D1,Cisco-Li,undefined,undefined
4953,4967,D0:22:BE:DE:75:57,SamsungE,undefined,undefined
4954,4968,98:FC:11:49:14:76,Cisco-Li,undefined,undefined
4955,4969,98:FC:11:49:14:77,Cisco-Li,undefined,undefined
4956,4970,98:FC:11:49:24:E0,Cisco-Li,undefined,undefined
4957,4970,98:FC:11:49:24:E2,Cisco-Li,undefined,undefined
4958,4971,98:FC:11:49:24:E3,Cisco-Li,undefined,undefined
4959,4972,98:FC:11:4B:C1:6A,Cisco-Li,undefined,undefined
4960,4973,98:FC:11:4B:C1:6B,Cisco-Li,undefined,undefined
4961,4974,64:20:0C:10:1E:8D,Apple,undefined,undefined
4962,4974,98:FC:11:4C:16:16,Cisco-Li,undefined,undefined
4963,4975,98:FC:11:52:48:DA,Cisco-Li,undefined,undefined
4964,4976,98:FC:11:52:48:DB,Cisco-Li,undefined,undefined
4965,4977,98:FC:11:5D:57:16,Cisco-Li,undefined,undefined
4966,4978,98:FC:11:62:7B:A4,Cisco-Li,undefined,undefined
4967,4979,98:FC:11:62:7B:A5,Cisco-Li,undefined,undefined
4968,4981,98:FC:11:69:43:BC,Cisco-Li,undefined,undefined
4969,4982,98:FC:11:74:6E:06,Cisco-Li,undefined,undefined
4970,4983,98:FC:11:74:9F:82,Cisco-Li,undefined,undefined
4971,4984,98:FC:11:7C:6A:B2,Cisco-Li,undefined,undefined
4972,4985,98:FC:11:80:02:1E,Cisco-Li,undefined,undefined
4973,4986,98:FC:11:80:9E:83,Cisco-Li,undefined,undefined
4974,4987,98:FC:11:80:9E:85,Cisco-Li,undefined,undefined
4975,4988,68:7F:74:5C:43:32,Cisco-Li,undefined,undefined
4976,4988,98:FC:11:83:61:94,Cisco-Li,undefined,undefined
4977,4989,98:FC:11:83:61:96,Cisco-Li,undefined,undefined
4978,4990,98:FC:11:85:16:C6,Cisco-Li,undefined,undefined
4979,4991,98:FC:11:8B:0E:64,Cisco-Li,undefined,undefined
4980,4992,98:FC:11:8B:0E:BC,Cisco-Li,undefined,undefined
4981,4993,98:FC:11:91:60:5A,Cisco-Li,undefined,undefined
4982,4993,98:FC:11:91:60:5C,Cisco-Li,undefined,undefined
4983,4994,98:FC:11:93:E0:99,Cisco-Li,undefined,undefined
4984,4995,98:FC:11:96:C5:3D,Cisco-Li,undefined,undefined
4985,4996,98:FC:11:96:CC:B6,Cisco-Li,undefined,undefined
4986,4997,98:FC:11:B1:5B:3D,Cisco-Li,undefined,undefined
4987,4998,98:FC:11:B5:50:DA,Cisco-Li,undefined,undefined
4988,4999,98:FC:11:B6:96:DC,Cisco-Li,undefined,undefined
4989,5000,98:FC:11:C0:AE:50,Cisco-Li,undefined,undefined
4990,5001,98:FC:11:C4:64:F8,Cisco-Li,undefined,undefined
4991,5002,98:FC:11:C4:D3:24,Cisco-Li,undefined,undefined
4992,5003,98:FC:11:C7:5B:C2,Cisco-Li,undefined,undefined
4993,5004,98:FC:11:DA:16:80,Cisco-Li,undefined,undefined
4994,5005,98:FC:11:F1:CE:48,Cisco-Li,undefined,undefined
4995,5011,9A:FC:11:F1:CE:49,Unknown,undefined,undefined
4996,5012,9C:1C:12:04:13:82,ArubaNet,undefined,undefined
4997,5013,58:55:CA:23:B9:A3,Apple,undefined,undefined
4998,5013,9C:1C:12:04:37:C1,ArubaNet,undefined,undefined
4999,5014,9C:1C:12:04:45:E0,ArubaNet,undefined,undefined
5000,5015,9C:1C:12:04:45:E1,ArubaNet,undefined,undefined
5001,5016,9C:1C:12:04:46:C0,ArubaNet,undefined,undefined
5002,5017,9C:1C:12:04:46:C1,ArubaNet,undefined,undefined
5003,5018,9C:1C:12:04:46:C2,ArubaNet,undefined,undefined
5004,5019,00:19:E2:B4:89:20,JuniperN,undefined,undefined
5005,5019,00:BB:3A:F4:8E:F7,Private,undefined,undefined
5006,5019,9C:1C:12:04:52:A0,ArubaNet,undefined,undefined
5007,5020,9C:1C:12:04:52:A1,ArubaNet,undefined,undefined
5008,5021,9C:1C:12:04:52:A2,ArubaNet,undefined,undefined
5009,5022,9C:1C:12:04:52:E0,ArubaNet,undefined,undefined
5010,5023,9C:1C:12:04:52:E2,ArubaNet,undefined,undefined
5011,5024,9C:1C:12:04:55:40,ArubaNet,undefined,undefined
5012,5025,9C:1C:12:04:57:A0,ArubaNet,undefined,undefined
5013,5025,A8:86:DD:0F:DD:0F,Apple,undefined,undefined
5014,5026,9C:1C:12:04:57:A1,ArubaNet,undefined,undefined
5015,5027,9C:1C:12:04:57:A2,ArubaNet,undefined,undefined
5016,5028,9C:1C:12:23:F6:32,ArubaNet,undefined,undefined
5017,5029,9C:1C:12:23:F6:34,ArubaNet,undefined,undefined
5018,5032,9C:2A:70:6D:4F:B2,HonHaiPr,undefined,undefined
5019,5035,9C:A9:E4:8A:DC:56,Zte,undefined,undefined
5020,5037,9C:B6:54:E0:28:E5,HewlettP,undefined,undefined
5021,5039,9C:D2:1E:04:C1:97,Unknown,undefined,undefined
5022,5040,9C:D2:1E:28:95:29,Unknown,undefined,undefined
5023,5041,9C:D2:1E:28:A8:A7,Unknown,undefined,undefined
5024,5042,9C:D3:6D:9A:75:F0,Netgear,undefined,undefined
5025,5043,9C:D3:6D:9A:9E:71,Netgear,undefined,undefined
5026,5044,9C:D3:6D:9C:CD:BC,Netgear,undefined,undefined
5027,5045,9C:D3:6D:A0:51:CA,Netgear,undefined,undefined
5028,5046,9C:D3:6D:A2:08:AA,Netgear,undefined,undefined
5029,5047,9C:D3:6D:A3:90:9C,Netgear,undefined,undefined
5030,5048,9C:D3:6D:A4:F1:5E,Netgear,undefined,undefined
5031,5049,00:0D:4B:68:77:73,RokuLlc,undefined,undefined
5032,5049,9C:D3:6D:A5:1B:A0,Netgear,undefined,undefined
5033,5050,9C:D3:6D:A8:8F:29,Netgear,undefined,undefined
5034,5051,9C:D3:6D:A8:AE:FC,Netgear,undefined,undefined
5035,5052,9C:D3:6D:AA:BC:EF,Netgear,undefined,undefined
5036,5053,10:FE:ED:CE:0A:8B,Tp-LinkT,undefined,undefined
5037,5053,9C:D3:6D:AF:4A:AA,Netgear,undefined,undefined
5038,5053,F8:8E:85:BF:87:28,Comtrend,undefined,undefined
5039,5054,00:13:72:0F:52:EA,DellEsgP,undefined,undefined
5040,5054,9C:D3:6D:AF:4B:00,Netgear,undefined,undefined
5041,5054,AC:81:12:3F:21:F5,GemtekTe,undefined,undefined
5042,5054,AC:81:12:45:C8:A7,GemtekTe,undefined,undefined
5043,5054,BC:30:5B:D1:19:2F,Dell,undefined,undefined
5044,5055,9C:D3:6D:AF:82:72,Netgear,undefined,undefined
5045,5056,9C:D3:6D:B0:CA:AE,Netgear,undefined,undefined
5046,5057,9C:D3:6D:B2:6F:0E,Netgear,undefined,undefined
5047,5058,9C:D3:6D:B3:79:7E,Netgear,undefined,undefined
5048,5059,9C:D3:6D:B4:C9:62,Netgear,undefined,undefined
5049,5060,9C:D3:6D:B5:8A:34,Netgear,undefined,undefined
5050,5061,9C:D3:6D:B5:97:EC,Netgear,undefined,undefined
5051,5062,9C:D3:6D:B5:FA:CD,Netgear,undefined,undefined
5052,5063,9C:D3:6D:BB:E2:0C,Netgear,undefined,undefined
5053,5064,9C:D3:6D:BC:61:56,Netgear,undefined,undefined
5054,5064,D0:67:E5:14:99:9D,Dell,undefined,undefined
5055,5065,9C:D3:6D:BC:67:56,Netgear,undefined,undefined
5056,5066,9C:D3:6D:BD:09:1E,Netgear,undefined,undefined
5057,5067,9C:D3:6D:BD:A1:FB,Netgear,undefined,undefined
5058,5068,9C:D3:6D:C0:F8:1A,Netgear,undefined,undefined
5059,5068,FC:0F:E6:38:46:26,SonyComp,undefined,undefined
5060,5076,9E:A9:E4:FB:35:73,Unknown,undefined,undefined
5061,5078,9E:D2:1E:64:85:78,Unknown,undefined,undefined
5062,5083,A0:1D:48:CE:A8:43,Unknown,undefined,undefined
5063,5084,A0:1D:48:CF:28:68,Unknown,undefined,undefined
5064,5085,A0:1D:48:EA:85:36,Unknown,undefined,undefined
5065,5086,A0:21:B7:5F:0C:BE,Netgear,undefined,undefined
5066,5087,A0:21:B7:5F:EC:30,Netgear,undefined,undefined
5067,5088,A0:21:B7:5F:FC:14,Netgear,undefined,undefined
5068,5089,A0:21:B7:62:40:F6,Netgear,undefined,undefined
5069,5090,A0:21:B7:63:AB:82,Netgear,undefined,undefined
5070,5091,90:2B:34:83:8B:14,Giga-Byt,undefined,undefined
5071,5091,A0:21:B7:63:B8:7E,Netgear,undefined,undefined
5072,5092,A0:21:B7:64:90:99,Netgear,undefined,undefined
5073,5093,2C:D0:5A:12:E9:7F,LiteonTe,undefined,undefined
5074,5093,A0:21:B7:67:68:4F,Netgear,undefined,undefined
5075,5094,A0:21:B7:68:69:C3,Netgear,undefined,undefined
5076,5095,A0:21:B7:69:B0:96,Netgear,undefined,undefined
5077,5096,A0:21:B7:69:D1:FE,Netgear,undefined,undefined
5078,5097,A0:21:B7:72:50:B3,Netgear,undefined,undefined
5079,5098,A0:21:B7:7A:4C:1C,Netgear,undefined,undefined
5080,5099,A0:21:B7:7D:09:40,Netgear,undefined,undefined
5081,5100,20:E5:2A:24:E3:FF,Netgear,undefined,undefined
5082,5100,A0:21:B7:82:A1:7E,Netgear,undefined,undefined
5083,5101,A0:21:B7:83:D2:76,Netgear,undefined,undefined
5084,5102,A0:21:B7:85:32:30,Netgear,undefined,undefined
5085,5103,A0:21:B7:86:F4:CC,Netgear,undefined,undefined
5086,5104,A0:21:B7:87:27:EA,Netgear,undefined,undefined
5087,5105,A0:21:B7:9B:17:CA,Netgear,undefined,undefined
5088,5106,00:09:B0:47:AA:93,Onkyo,undefined,undefined
5089,5106,10:A5:D0:DD:A9:B7,Unknown,undefined,undefined
5090,5106,A0:21:B7:9F:1F:92,Netgear,undefined,undefined
5091,5107,A0:21:B7:A2:7A:F6,Netgear,undefined,undefined
5092,5108,A0:21:B7:A4:47:9C,Netgear,undefined,undefined
5093,5109,A0:21:B7:B1:81:9D,Netgear,undefined,undefined
5094,5110,A0:21:B7:B5:0A:56,Netgear,undefined,undefined
5095,5111,A0:21:B7:B9:13:11,Netgear,undefined,undefined
5096,5112,A0:21:B7:B9:87:A9,Netgear,undefined,undefined
5097,5114,A0:21:B7:D2:8F:42,Netgear,undefined,undefined
5098,5115,A0:21:B7:D2:99:F0,Netgear,undefined,undefined
5099,5116,A0:21:B7:D5:7D:76,Netgear,undefined,undefined
5100,5117,60:BE:B5:DC:2A:8B,Unknown,undefined,undefined
5101,5117,A0:21:B7:D6:71:9F,Netgear,undefined,undefined
5102,5119,A0:21:B7:FB:8B:77,Netgear,undefined,undefined
5103,5120,A0:48:1C:65:EA:38,HewlettP,undefined,undefined
5104,5123,A0:B3:CC:DC:97:2F,HewlettP,undefined,undefined
5105,5124,A0:D3:C1:88:EB:18,Unknown,undefined,undefined
5106,5126,A0:D3:C1:88:EB:2D,Unknown,undefined,undefined
5107,5127,A0:D3:C1:B3:3D:50,Unknown,undefined,undefined
5108,5128,A0:D3:C1:B3:3E:50,Unknown,undefined,undefined
5109,5129,A0:D3:C1:B3:3E:70,Unknown,undefined,undefined
5110,5130,A0:D3:C1:B3:3E:90,Unknown,undefined,undefined
5111,5131,00:22:F4:8C:49:85,AmpakTec,UDP/TCP,10.0.0.221
5112,5131,44:80:EB:25:A7:83,Unknown,undefined,undefined
5113,5131,74:46:A0:DE:3D:99,HewlettP,UDP/TCP,10.0.0.221
5114,5131,A0:D3:C1:B3:3F:70,Unknown,undefined,undefined
5115,5132,A0:D3:C1:B3:3F:90,Unknown,undefined,undefined
5116,5133,A0:D3:C1:C1:B6:8C,Unknown,undefined,undefined
5117,5134,A0:D3:C1:C4:C1:80,Unknown,undefined,undefined
5118,5135,A0:D3:C1:D6:11:0F,Unknown,undefined,undefined
5119,5136,A0:D3:C1:D7:9C:93,Unknown,undefined,undefined
5120,5138,A0:F3:C1:8B:94:02,Tp-LinkT,undefined,undefined
5121,5139,A0:F3:C1:CE:39:57,Tp-LinkT,undefined,undefined
5122,5145,A4:2B:8C:03:84:12,Unknown,undefined,undefined
5123,5146,A4:2B:8C:05:6E:19,Unknown,undefined,undefined
5124,5147,A4:2B:8C:08:C6:D9,Unknown,undefined,undefined
5125,5148,A4:2B:8C:0A:B5:47,Unknown,undefined,undefined
5126,5149,A4:2B:8C:0C:40:FB,Unknown,undefined,undefined
5127,5150,A4:2B:8C:0E:DE:D2,Unknown,undefined,undefined
5128,5151,A4:2B:8C:13:2C:1E,Unknown,undefined,undefined
5129,5152,A4:2B:8C:17:21:6F,Unknown,undefined,undefined
5130,5153,A4:2B:8C:7E:75:C6,Unknown,undefined,undefined
5131,5154,00:25:9C:78:F8:ED,Cisco-Li,undefined,undefined
5132,5154,A4:2B:8C:87:E0:77,Unknown,undefined,undefined
5133,5155,A4:2B:8C:91:17:05,Unknown,undefined,undefined
5134,5156,A4:2B:8C:92:66:C3,Unknown,undefined,undefined
5135,5157,A4:2B:8C:93:82:8E,Unknown,undefined,undefined
5136,5157,CC:95:D7:40:F9:A4,Unknown,undefined,undefined
5137,5158,A4:2B:8C:93:82:AC,Unknown,undefined,undefined
5138,5159,A4:2B:8C:93:83:00,Unknown,undefined,undefined
5139,5160,A4:2B:8C:93:83:DB,Unknown,undefined,undefined
5140,5161,A4:2B:8C:93:83:F9,Unknown,undefined,undefined
5141,5162,A4:2B:8C:93:84:AA,Unknown,undefined,undefined
5142,5163,A4:2B:8C:97:E2:56,Unknown,undefined,undefined
5143,5165,A4:5D:36:1F:7A:42,HewlettP,undefined,undefined
5144,5166,A4:5D:36:3B:7F:96,HewlettP,undefined,undefined
5145,5167,A4:5D:36:3D:9E:FA,HewlettP,undefined,undefined
5146,5168,A4:5D:36:3D:FE:7C,HewlettP,undefined,undefined
5147,5169,A4:5D:36:3E:6B:A6,HewlettP,undefined,undefined
5148,5170,A4:5D:36:3F:C8:75,HewlettP,undefined,undefined
5149,5171,A4:5D:36:41:67:60,HewlettP,undefined,undefined
5150,5172,A4:5D:36:42:82:7D,HewlettP,undefined,undefined
5151,5173,A4:5D:36:57:2D:14,HewlettP,undefined,undefined
5152,5174,A4:5D:36:57:8A:2C,HewlettP,undefined,undefined
5153,5175,A4:5D:36:9D:6C:DF,HewlettP,undefined,undefined
5154,5176,A4:5D:36:9D:BD:FC,HewlettP,undefined,undefined
5155,5179,A4:B1:E9:1D:63:D5,Technico,undefined,undefined
5156,5180,A4:B1:E9:1D:CC:F1,Technico,undefined,undefined
5157,5181,A4:B1:E9:30:20:D7,Technico,undefined,undefined
5158,5182,30:14:4A:5B:07:D8,WistronN,undefined,undefined
5159,5182,A4:B1:E9:44:7F:89,Technico,undefined,undefined
5160,5183,A4:B1:E9:47:05:A5,Technico,undefined,undefined
5161,5184,30:14:4A:5B:11:02,WistronN,undefined,undefined
5162,5184,A4:B1:E9:69:BA:0D,Technico,undefined,undefined
5163,5198,A6:2B:8C:03:84:12,Unknown,undefined,undefined
5164,5203,A8:06:00:A2:27:A9,SamsungE,undefined,undefined
5165,5205,78:45:C4:14:24:70,Dell,undefined,undefined
5166,5205,78:E7:D1:60:7E:06,Hewlett-,undefined,undefined
5167,5205,A8:0C:0D:D5:2A:90,Unknown,undefined,undefined
5168,5205,CC:3E:5F:55:3A:73,HewlettP,undefined,undefined
5169,5230,00:22:48:5F:FB:7D,Microsof,undefined,undefined
5170,5230,AC:22:0B:30:97:50,AsustekC,undefined,undefined
5171,5230,BC:5F:F4:31:47:6D,AsrockIn,undefined,undefined
5172,5231,AC:22:0B:30:D7:C0,AsustekC,undefined,undefined
5173,5234,AC:22:0B:55:76:40,AsustekC,undefined,undefined
5174,5235,AC:22:0B:55:7C:80,AsustekC,undefined,undefined
5175,5236,AC:22:0B:55:7C:81,AsustekC,undefined,undefined
5176,5238,AC:22:0B:85:7C:C0,AsustekC,undefined,undefined
5177,5239,AC:22:0B:BE:6B:C4,AsustekC,undefined,undefined
5178,5240,AC:22:0B:CE:E6:90,AsustekC,undefined,undefined
5179,5241,AC:22:0B:CE:E6:90,AsustekC,undefined,undefined
5180,5241,AC:22:0B:CE:E6:91,AsustekC,undefined,undefined
5181,5242,AC:3A:7A:08:AE:03,Unknown,undefined,undefined
5182,5243,AC:3A:7A:0B:60:CF,Unknown,undefined,undefined
5183,5244,AC:3A:7A:0B:F7:DF,Unknown,undefined,undefined
5184,5245,AC:3A:7A:17:24:9B,Unknown,undefined,undefined
5185,5246,AC:3A:7A:37:44:25,Unknown,undefined,undefined
5186,5247,AC:5D:10:5C:D4:1A,PaceAmer,undefined,undefined
5187,5248,AC:5D:10:B2:D2:A2,PaceAmer,undefined,undefined
5188,5249,AC:67:06:36:F7:18,RuckusWi,undefined,undefined
5189,5250,AC:67:06:76:F7:18,RuckusWi,undefined,undefined
5190,5251,AC:67:06:B6:F7:18,RuckusWi,undefined,undefined
5191,5253,AC:81:12:0E:C0:81,GemtekTe,undefined,undefined
5192,5255,AC:86:74:02:51:42,OpenMesh,undefined,undefined
5193,5256,AC:86:74:03:45:0A,OpenMesh,undefined,undefined
5194,5257,AC:86:74:03:45:0B,OpenMesh,undefined,undefined
5195,5258,AC:86:74:03:DD:E2,OpenMesh,undefined,undefined
5196,5259,AC:86:74:05:61:FA,OpenMesh,undefined,undefined
5197,5260,10:BF:48:F6:AC:35,AsustekC,undefined,undefined
5198,5260,AC:86:74:05:61:FB,OpenMesh,undefined,undefined
5199,5261,AC:86:74:05:63:9A,OpenMesh,undefined,undefined
5200,5262,10:BF:48:F6:AC:35,AsustekC,undefined,undefined
5201,5262,AC:86:74:05:63:9B,OpenMesh,undefined,undefined
5202,5263,AC:86:74:05:AF:D2,OpenMesh,undefined,undefined
5203,5264,10:BF:48:F6:AC:35,AsustekC,undefined,undefined
5204,5264,AC:86:74:05:AF:D3,OpenMesh,undefined,undefined
5205,5265,AC:86:74:05:E8:52,OpenMesh,undefined,undefined
5206,5266,AC:86:74:05:E8:53,OpenMesh,undefined,undefined
5207,5266,BC:67:1C:B7:A2:D7,Unknown,undefined,undefined
5208,5267,AC:86:74:0A:46:9A,OpenMesh,undefined,undefined
5209,5268,AC:86:74:0A:46:9B,OpenMesh,undefined,undefined
5210,5269,AC:86:74:0A:46:A2,OpenMesh,undefined,undefined
5211,5270,AC:86:74:0A:46:A3,OpenMesh,undefined,undefined
5212,5271,AC:86:74:0A:46:B2,OpenMesh,undefined,undefined
5213,5272,AC:86:74:0A:46:B3,OpenMesh,undefined,undefined
5214,5273,AC:86:74:0A:46:CA,OpenMesh,undefined,undefined
5215,5274,AC:86:74:0A:46:CB,OpenMesh,undefined,undefined
5216,5275,AC:86:74:0C:24:A2,OpenMesh,undefined,undefined
5217,5276,AC:86:74:0C:24:A3,OpenMesh,undefined,undefined
5218,5277,AC:86:74:0F:11:6A,OpenMesh,undefined,undefined
5219,5278,AC:86:74:15:00:12,OpenMesh,undefined,undefined
5220,5279,AC:86:74:15:00:13,OpenMesh,undefined,undefined
5221,5280,AC:86:74:15:00:1A,OpenMesh,undefined,undefined
5222,5281,AC:86:74:15:00:1B,OpenMesh,undefined,undefined
5223,5282,AC:86:74:15:00:22,OpenMesh,undefined,undefined
5224,5283,AC:86:74:15:00:23,OpenMesh,undefined,undefined
5225,5284,AC:86:74:1C:10:52,OpenMesh,undefined,undefined
5226,5285,AC:86:74:24:8B:C3,OpenMesh,undefined,undefined
5227,5286,AC:86:74:24:8B:EA,OpenMesh,undefined,undefined
5228,5286,AC:86:74:24:8C:DA,OpenMesh,undefined,undefined
5229,5286,BA:BE:99:CB:15:8D,Unknown,ARP,0.0.0.0
5230,5287,AC:86:74:24:8B:EB,OpenMesh,undefined,undefined
5231,5288,AC:86:74:24:8B:F2,OpenMesh,undefined,undefined
5232,5289,AC:86:74:24:8B:F3,OpenMesh,undefined,undefined
5233,5290,AC:86:74:24:8C:DB,OpenMesh,undefined,undefined
5234,5291,AC:9E:17:43:94:48,Unknown,undefined,undefined
5235,5292,18:A9:05:1F:0A:3B,Hewlett-,undefined,undefined
5236,5292,AC:9E:17:45:14:60,Unknown,undefined,undefined
5237,5292,F4:6D:04:0F:43:B3,AsustekC,undefined,undefined
5238,5293,AC:9E:17:B3:15:18,Unknown,undefined,undefined
5239,5294,AC:A3:1E:88:8B:41,Unknown,undefined,undefined
5240,5295,00:19:E2:B4:89:20,JuniperN,undefined,undefined
5241,5295,A0:88:69:48:10:5C,IntelCor,undefined,undefined
5242,5295,AC:A3:1E:89:21:20,Unknown,undefined,undefined
5243,5297,AC:A3:1E:89:21:22,Unknown,undefined,undefined
5244,5298,AC:A3:1E:89:2B:80,Unknown,undefined,undefined
5245,5299,AC:A3:1E:89:2E:C0,Unknown,undefined,undefined
5246,5300,AC:A3:1E:89:2E:C1,Unknown,undefined,undefined
5247,5301,AC:A3:1E:89:2E:C2,Unknown,undefined,undefined
5248,5303,AC:A3:1E:89:31:02,Unknown,undefined,undefined
5249,5304,00:19:E2:B4:89:20,JuniperN,undefined,undefined
5250,5304,68:05:71:04:75:F7,Unknown,undefined,undefined
5251,5304,AC:A3:1E:89:39:40,Unknown,undefined,undefined
5252,5304,F8:27:93:08:DE:E5,Apple,undefined,undefined
5253,5305,AC:A3:1E:89:39:41,Unknown,undefined,undefined
5254,5306,AC:A3:1E:89:39:42,Unknown,undefined,undefined
5255,5307,AC:A3:1E:89:3E:E0,Unknown,undefined,undefined
5256,5308,AC:A3:1E:89:41:C2,Unknown,undefined,undefined
5257,5309,AC:A3:1E:89:42:22,Unknown,undefined,undefined
5258,5310,AC:A3:1E:89:4C:A2,Unknown,undefined,undefined
5259,5312,AC:A3:1E:89:50:82,Unknown,undefined,undefined
5260,5313,AC:A3:1E:89:51:00,Unknown,undefined,undefined
5261,5314,AC:A3:1E:89:54:E2,Unknown,undefined,undefined
5262,5315,AC:A3:1E:89:5B:A2,Unknown,undefined,undefined
5263,5316,AC:A3:1E:89:5D:81,Unknown,undefined,undefined
5264,5317,AC:A3:1E:89:5F:40,Unknown,undefined,undefined
5265,5318,60:67:20:21:54:44,IntelCor,undefined,undefined
5266,5318,7C:C3:A1:AE:A7:17,Apple,undefined,undefined
5267,5318,AC:A3:1E:89:5F:41,Unknown,undefined,undefined
5268,5319,AC:A3:1E:89:5F:42,Unknown,undefined,undefined
5269,5320,AC:A3:1E:89:60:C0,Unknown,undefined,undefined
5270,5322,AC:A3:1E:89:61:60,Unknown,undefined,undefined
5271,5323,AC:A3:1E:89:69:A0,Unknown,undefined,undefined
5272,5324,AC:A3:1E:89:69:A1,Unknown,undefined,undefined
5273,5325,AC:A3:1E:89:77:60,Unknown,undefined,undefined
5274,5326,AC:A3:1E:89:77:61,Unknown,undefined,undefined
5275,5327,00:0F:12:01:15:4A,Panasoni,undefined,undefined
5276,5327,00:19:E2:B4:89:20,JuniperN,undefined,undefined
5277,5327,40:0E:85:69:EB:FA,SamsungE,undefined,undefined
5278,5327,AC:A3:1E:89:80:20,Unknown,undefined,undefined
5279,5328,AC:A3:1E:89:80:21,Unknown,undefined,undefined
5280,5329,AC:A3:1E:89:80:22,Unknown,undefined,undefined
5281,5330,AC:A3:1E:89:83:E0,Unknown,undefined,undefined
5282,5331,AC:A3:1E:89:83:E1,Unknown,undefined,undefined
5283,5332,00:19:E2:B4:89:20,JuniperN,undefined,undefined
5284,5332,AC:A3:1E:89:85:00,Unknown,undefined,undefined
5285,5333,AC:A3:1E:89:85:01,Unknown,undefined,undefined
5286,5334,AC:A3:1E:89:85:02,Unknown,undefined,undefined
5287,5335,AC:A3:1E:89:86:C0,Unknown,undefined,undefined
5288,5336,AC:A3:1E:89:86:C1,Unknown,undefined,undefined
5289,5337,AC:A3:1E:89:90:C0,Unknown,undefined,undefined
5290,5338,AC:A3:1E:89:90:C2,Unknown,undefined,undefined
5291,5339,AC:A3:1E:89:91:80,Unknown,undefined,undefined
5292,5340,AC:A3:1E:89:91:81,Unknown,undefined,undefined
5293,5341,AC:A3:1E:89:91:82,Unknown,undefined,undefined
5294,5342,AC:A3:1E:89:95:00,Unknown,undefined,undefined
5295,5343,AC:A3:1E:89:95:01,Unknown,undefined,undefined
5296,5344,AC:A3:1E:89:95:02,Unknown,undefined,undefined
5297,5345,AC:A3:1E:89:96:42,Unknown,undefined,undefined
5298,5346,AC:A3:1E:89:9B:42,Unknown,undefined,undefined
5299,5347,AC:A3:1E:89:9C:82,Unknown,undefined,undefined
5300,5348,AC:A3:1E:89:AD:01,Unknown,undefined,undefined
5301,5350,AC:A3:1E:89:B3:A2,Unknown,undefined,undefined
5302,5351,AC:A3:1E:89:B4:40,Unknown,undefined,undefined
5303,5352,AC:A3:1E:89:B4:A0,Unknown,undefined,undefined
5304,5353,AC:A3:1E:89:B4:A1,Unknown,undefined,undefined
5305,5354,AC:A3:1E:89:B4:A2,Unknown,undefined,undefined
5306,5355,AC:A3:1E:89:B5:E1,Unknown,undefined,undefined
5307,5356,AC:A3:1E:89:B5:E2,Unknown,undefined,undefined
5308,5357,00:1A:EF:3A:E1:4F,Loopcomm,undefined,undefined
5309,5357,AC:A3:1E:89:B7:01,Unknown,undefined,undefined
5310,5358,AC:A3:1E:89:B7:02,Unknown,undefined,undefined
5311,5359,AC:A3:1E:89:B7:41,Unknown,undefined,undefined
5312,5361,AC:A3:1E:89:BE:C0,Unknown,undefined,undefined
5313,5363,AC:A3:1E:89:C1:82,Unknown,undefined,undefined
5314,5364,AC:A3:1E:89:C1:E0,Unknown,undefined,undefined
5315,5365,AC:A3:1E:89:C1:E1,Unknown,undefined,undefined
5316,5366,AC:A3:1E:89:C1:E2,Unknown,undefined,undefined
5317,5367,AC:A3:1E:89:C2:40,Unknown,undefined,undefined
5318,5368,AC:A3:1E:89:C2:41,Unknown,undefined,undefined
5319,5369,AC:A3:1E:89:C2:42,Unknown,undefined,undefined
5320,5370,AC:A3:1E:89:C2:62,Unknown,undefined,undefined
5321,5371,AC:A3:1E:89:C3:01,Unknown,undefined,undefined
5322,5372,AC:A3:1E:89:C3:82,Unknown,undefined,undefined
5323,5373,AC:A3:1E:89:C4:00,Unknown,undefined,undefined
5324,5374,AC:A3:1E:89:C4:01,Unknown,undefined,undefined
5325,5375,AC:A3:1E:89:C4:02,Unknown,undefined,undefined
5326,5376,AC:A3:1E:89:C4:A2,Unknown,undefined,undefined
5327,5377,00:19:E2:B4:89:20,JuniperN,undefined,undefined
5328,5377,AC:A3:1E:89:C5:A0,Unknown,undefined,undefined
5329,5378,AC:A3:1E:89:C5:A1,Unknown,undefined,undefined
5330,5379,AC:A3:1E:89:C5:A2,Unknown,undefined,undefined
5331,5380,AC:A3:1E:89:C7:40,Unknown,undefined,undefined
5332,5381,AC:A3:1E:89:C7:41,Unknown,undefined,undefined
5333,5382,AC:A3:1E:89:C7:80,Unknown,undefined,undefined
5334,5383,AC:A3:1E:89:C7:82,Unknown,undefined,undefined
5335,5385,AC:A3:1E:89:C8:22,Unknown,undefined,undefined
5336,5386,AC:A3:1E:89:C8:A0,Unknown,undefined,undefined
5337,5387,AC:A3:1E:89:C8:A2,Unknown,undefined,undefined
5338,5388,AC:A3:1E:89:C9:21,Unknown,undefined,undefined
5339,5389,AC:A3:1E:89:C9:22,Unknown,undefined,undefined
5340,5390,AC:A3:1E:89:CA:C2,Unknown,undefined,undefined
5341,5391,AC:A3:1E:89:CB:01,Unknown,undefined,undefined
5342,5392,AC:A3:1E:89:CD:40,Unknown,undefined,undefined
5343,5393,AC:A3:1E:89:CD:41,Unknown,undefined,undefined
5344,5394,AC:A3:1E:89:CD:E0,Unknown,undefined,undefined
5345,5395,AC:A3:1E:89:CD:E1,Unknown,undefined,undefined
5346,5396,AC:A3:1E:89:CE:60,Unknown,undefined,undefined
5347,5397,AC:A3:1E:89:CE:61,Unknown,undefined,undefined
5348,5398,AC:A3:1E:89:CE:C0,Unknown,undefined,undefined
5349,5399,AC:A3:1E:89:CE:C1,Unknown,undefined,undefined
5350,5400,AC:A3:1E:89:CE:C2,Unknown,undefined,undefined
5351,5401,AC:A3:1E:89:CF:20,Unknown,undefined,undefined
5352,5402,AC:A3:1E:89:CF:21,Unknown,undefined,undefined
5353,5403,AC:A3:1E:89:CF:22,Unknown,undefined,undefined
5354,5404,AC:A3:1E:89:CF:80,Unknown,undefined,undefined
5355,5405,AC:A3:1E:89:CF:82,Unknown,undefined,undefined
5356,5406,AC:A3:1E:89:CF:C1,Unknown,undefined,undefined
5357,5407,AC:A3:1E:89:CF:C2,Unknown,undefined,undefined
5358,5408,AC:A3:1E:89:D1:22,Unknown,undefined,undefined
5359,5409,AC:A3:1E:89:D3:C0,Unknown,undefined,undefined
5360,5412,AC:A3:1E:89:D9:E1,Unknown,undefined,undefined
5361,5413,AC:A3:1E:89:D9:E2,Unknown,undefined,undefined
5362,5414,AC:A3:1E:89:E0:C2,Unknown,undefined,undefined
5363,5416,AC:A3:1E:89:E3:40,Unknown,undefined,undefined
5364,5417,AC:A3:1E:89:E3:A2,Unknown,undefined,undefined
5365,5428,B0:05:94:A9:D1:1F,LiteonTe,undefined,undefined
5366,5429,B0:05:94:BA:04:AF,LiteonTe,undefined,undefined
5367,5430,B0:05:94:BC:B6:C1,LiteonTe,undefined,undefined
5368,5432,B0:10:41:47:96:F3,Unknown,undefined,undefined
5369,5433,B0:10:41:88:B8:74,Unknown,undefined,undefined
5370,5434,B0:10:41:88:C9:7D,Unknown,undefined,undefined
5371,5435,B0:10:41:88:D2:6C,Unknown,undefined,undefined
5372,5438,B0:48:7A:BF:03:06,Tp-LinkT,undefined,undefined
5373,5439,B0:48:7A:DE:22:90,Tp-LinkT,undefined,undefined
5374,5440,B0:48:7A:F8:0F:5A,Tp-LinkT,undefined,undefined
5375,5442,B0:77:AC:04:54:A0,ArrisGro,undefined,undefined
5376,5443,B0:77:AC:09:FE:90,ArrisGro,undefined,undefined
5377,5444,B0:77:AC:11:08:40,ArrisGro,undefined,undefined
5378,5445,B0:77:AC:1C:78:10,ArrisGro,undefined,undefined
5379,5445,EC:71:DB:20:25:87,Unknown,undefined,undefined
5380,5446,B0:77:AC:C6:A2:30,ArrisGro,undefined,undefined
5381,5447,B0:77:AC:CD:33:30,ArrisGro,undefined,undefined
5382,5448,B0:77:AC:D6:2F:20,ArrisGro,undefined,undefined
5383,5448,E0:3F:49:6D:58:D7,Unknown,undefined,undefined
5384,5449,B0:77:AC:D6:31:A0,ArrisGro,undefined,undefined
5385,5450,B0:77:AC:DA:00:80,ArrisGro,undefined,undefined
5386,5451,B0:77:AC:EA:53:C0,ArrisGro,undefined,undefined
5387,5452,B0:77:AC:EE:61:A0,ArrisGro,undefined,undefined
5388,5462,B0:A7:37:11:BB:85,Unknown,undefined,undefined
5389,5463,B0:A7:37:2B:1C:AB,Unknown,undefined,undefined
5390,5464,B0:A7:37:2B:C9:91,Unknown,undefined,undefined
5391,5465,B0:A7:37:2D:02:EB,Unknown,undefined,undefined
5392,5466,B0:A7:37:4A:01:E1,Unknown,undefined,undefined
5393,5467,B0:A7:37:4B:68:F5,Unknown,undefined,undefined
5394,5468,B0:A7:37:52:A6:A1,Unknown,undefined,undefined
5395,5469,B0:A7:37:52:E8:8D,Unknown,undefined,undefined
5396,5470,B0:A7:37:6B:F1:95,Unknown,undefined,undefined
5397,5471,B0:A7:37:6E:05:C3,Unknown,undefined,undefined
5398,5472,B0:A7:37:77:86:47,Unknown,undefined,undefined
5399,5473,B0:A7:37:A3:54:C5,Unknown,undefined,undefined
5400,5475,B0:A7:37:D3:7C:07,Unknown,undefined,undefined
5401,5476,B0:A7:37:D8:18:4B,Unknown,undefined,undefined
5402,5477,B0:B2:DC:39:74:2D,ZyxelCom,undefined,undefined
5403,5478,B0:C5:54:DC:9D:C6,Unknown,undefined,undefined
5404,5479,B0:C7:45:76:01:38,Buffalo,undefined,undefined
5405,5481,B0:E7:54:C4:F9:C9,2wire,undefined,undefined
5406,5487,B2:C7:45:76:01:38,Unknown,undefined,undefined
5407,5488,3C:43:8E:DC:93:4B,ArrisGro,undefined,undefined
5408,5488,B4:75:0E:01:50:2A,BelkinIn,undefined,undefined
5409,5489,B4:75:0E:01:50:2D,BelkinIn,undefined,undefined
5410,5490,B4:75:0E:02:A6:89,BelkinIn,undefined,undefined
5411,5491,B4:75:0E:02:A7:0A,BelkinIn,undefined,undefined
5412,5492,B4:75:0E:02:A7:0D,BelkinIn,undefined,undefined
5413,5493,B4:75:0E:02:A7:C5,BelkinIn,undefined,undefined
5414,5495,B4:75:0E:0F:11:7A,BelkinIn,undefined,undefined
5415,5496,B4:75:0E:20:16:A2,BelkinIn,undefined,undefined
5416,5497,B4:75:0E:20:34:EE,BelkinIn,undefined,undefined
5417,5497,E8:99:C4:7C:1D:93,Htc,undefined,undefined
5418,5498,B4:75:0E:20:34:F1,BelkinIn,undefined,undefined
5419,5499,B4:75:0E:20:47:AE,BelkinIn,undefined,undefined
5420,5500,B4:75:0E:20:9D:33,BelkinIn,undefined,undefined
5421,5501,B4:75:0E:20:B1:D3,BelkinIn,undefined,undefined
5422,5502,B4:75:0E:21:0E:9D,BelkinIn,undefined,undefined
5423,5503,B4:75:0E:21:12:EB,BelkinIn,undefined,undefined
5424,5504,B4:75:0E:21:4E:9E,BelkinIn,undefined,undefined
5425,5505,B4:75:0E:21:4E:A1,BelkinIn,undefined,undefined
5426,5506,B4:75:0E:22:82:2A,BelkinIn,undefined,undefined
5427,5507,B4:75:0E:22:82:2D,BelkinIn,undefined,undefined
5428,5508,B4:75:0E:22:D7:7E,BelkinIn,undefined,undefined
5429,5509,B4:75:0E:22:DE:CA,BelkinIn,undefined,undefined
5430,5510,B4:75:0E:22:DE:CD,BelkinIn,undefined,undefined
5431,5511,B4:75:0E:23:16:7A,BelkinIn,undefined,undefined
5432,5512,B4:75:0E:23:16:7D,BelkinIn,undefined,undefined
5433,5513,60:03:08:CE:01:56,Unknown,undefined,undefined
5434,5513,B4:75:0E:23:3E:72,BelkinIn,undefined,undefined
5435,5514,B4:75:0E:23:3E:75,BelkinIn,undefined,undefined
5436,5515,B4:75:0E:23:BF:BA,BelkinIn,undefined,undefined
5437,5516,B4:75:0E:23:BF:BD,BelkinIn,undefined,undefined
5438,5517,B4:75:0E:24:ED:3D,BelkinIn,undefined,undefined
5439,5518,B4:75:0E:26:FD:1E,BelkinIn,undefined,undefined
5440,5519,90:2B:34:34:4F:F1,Giga-Byt,undefined,undefined
5441,5519,B4:75:0E:27:05:8C,BelkinIn,undefined,undefined
5442,5520,B4:75:0E:27:0C:40,BelkinIn,undefined,undefined
5443,5521,B4:75:0E:28:9E:EA,BelkinIn,undefined,undefined
5444,5522,B4:75:0E:28:9E:ED,BelkinIn,undefined,undefined
5445,5523,B4:75:0E:2C:78:DC,BelkinIn,undefined,undefined
5446,5524,B4:75:0E:2C:78:DF,BelkinIn,undefined,undefined
5447,5525,B4:75:0E:38:93:94,BelkinIn,undefined,undefined
5448,5526,B4:75:0E:3A:14:5E,BelkinIn,undefined,undefined
5449,5527,B4:75:0E:3B:61:A9,BelkinIn,undefined,undefined
5450,5528,B4:75:0E:41:3A:8A,BelkinIn,undefined,undefined
5451,5529,B4:75:0E:41:3A:C9,BelkinIn,undefined,undefined
5452,5530,B4:75:0E:41:4A:89,BelkinIn,undefined,undefined
5453,5531,B4:75:0E:42:81:99,BelkinIn,undefined,undefined
5454,5532,28:E7:CF:0F:E5:B5,Apple,undefined,undefined
5455,5532,B4:75:0E:42:A7:5C,BelkinIn,undefined,undefined
5456,5534,B4:75:0E:42:AE:9B,BelkinIn,undefined,undefined
5457,5535,B4:75:0E:46:F9:45,BelkinIn,undefined,undefined
5458,5537,B4:75:0E:5A:16:7F,BelkinIn,undefined,undefined
5459,5538,B4:75:0E:62:67:98,BelkinIn,undefined,undefined
5460,5538,B4:75:0E:62:67:99,BelkinIn,undefined,undefined
5461,5539,B4:75:0E:67:1B:EA,BelkinIn,undefined,undefined
5462,5540,B4:75:0E:6A:EE:AF,BelkinIn,undefined,undefined
5463,5541,B4:75:0E:6A:FE:1B,BelkinIn,undefined,undefined
5464,5542,68:1C:A2:00:C6:DB,Rosewill,undefined,undefined
5465,5542,B4:75:0E:6D:32:A4,BelkinIn,undefined,undefined
5466,5543,B4:75:0E:78:3A:0C,BelkinIn,undefined,undefined
5467,5544,B4:75:0E:78:52:66,BelkinIn,undefined,undefined
5468,5545,B4:75:0E:7A:40:52,BelkinIn,undefined,undefined
5469,5546,B4:75:0E:97:22:34,BelkinIn,undefined,undefined
5470,5547,B4:75:0E:98:DE:85,BelkinIn,undefined,undefined
5471,5549,B4:75:0E:9C:FE:7A,BelkinIn,undefined,undefined
5472,5550,88:87:17:3E:B4:7F,Canon,undefined,undefined
5473,5550,B4:75:0E:9D:73:ED,BelkinIn,undefined,undefined
5474,5551,B4:75:0E:9D:73:EE,BelkinIn,undefined,undefined
5475,5552,B4:75:0E:9D:E8:E3,BelkinIn,undefined,undefined
5476,5553,B4:75:0E:9E:FF:79,BelkinIn,undefined,undefined
5477,5554,B4:75:0E:9F:E7:BE,BelkinIn,undefined,undefined
5478,5555,B4:75:0E:9F:E7:C0,BelkinIn,undefined,undefined
5479,5556,B4:75:0E:A2:12:41,BelkinIn,undefined,undefined
5480,5557,4C:ED:DE:23:38:69,AskeyCom,undefined,undefined
5481,5557,B4:75:0E:A2:82:E2,BelkinIn,undefined,undefined
5482,5557,B4:75:0E:A2:82:E4,BelkinIn,undefined,undefined
5483,5558,B4:75:0E:A3:33:5E,BelkinIn,undefined,undefined
5484,5559,B4:75:0E:AE:19:C8,BelkinIn,undefined,undefined
5485,5560,B4:75:0E:B1:7E:1B,BelkinIn,undefined,undefined
5486,5561,B4:75:0E:B1:BE:83,BelkinIn,undefined,undefined
5487,5562,B4:75:0E:B3:87:B9,BelkinIn,undefined,undefined
5488,5563,B4:75:0E:B3:87:BA,BelkinIn,undefined,undefined
5489,5564,96:10:3E:C8:5A:0A,Unknown,undefined,undefined
5490,5564,B4:75:0E:B8:26:1F,BelkinIn,undefined,undefined
5491,5564,B4:75:0E:B8:26:21,BelkinIn,undefined,undefined
5492,5565,B4:75:0E:B8:63:75,BelkinIn,undefined,undefined
5493,5566,B4:75:0E:B8:EA:A5,BelkinIn,undefined,undefined
5494,5567,B4:75:0E:BD:FD:DC,BelkinIn,undefined,undefined
5495,5568,B4:75:0E:C0:0C:EA,BelkinIn,undefined,undefined
5496,5569,B4:75:0E:C0:15:7B,BelkinIn,undefined,undefined
5497,5570,B4:75:0E:EE:BB:99,BelkinIn,undefined,undefined
5498,5571,40:25:C2:20:A5:34,IntelCor,undefined,undefined
5499,5571,B4:75:0E:F0:56:75,BelkinIn,undefined,undefined
5500,5572,B4:75:0E:F0:A4:E1,BelkinIn,undefined,undefined
5501,5573,B4:75:0E:F0:BB:9B,BelkinIn,undefined,undefined
5502,5574,B4:75:0E:F1:D7:79,BelkinIn,undefined,undefined
5503,5575,B4:75:0E:F2:AD:7F,BelkinIn,undefined,undefined
5504,5576,B4:75:0E:F4:73:8D,BelkinIn,undefined,undefined
5505,5577,B4:75:0E:F5:DC:04,BelkinIn,undefined,undefined
5506,5578,B4:75:0E:F5:DC:07,BelkinIn,undefined,undefined
5507,5579,B4:75:0E:F5:DC:83,BelkinIn,undefined,undefined
5508,5580,38:AA:3C:78:6D:60,SamsungE,undefined,undefined
5509,5580,B4:75:0E:F7:DA:A2,BelkinIn,undefined,undefined
5510,5581,B4:75:0E:F7:FF:46,BelkinIn,undefined,undefined
5511,5582,B4:75:0E:F8:B8:EE,BelkinIn,undefined,undefined
5512,5583,B4:75:0E:FD:6D:AB,BelkinIn,undefined,undefined
5513,5585,B4:C7:99:5F:77:00,Motorola,undefined,undefined
5514,5586,B4:C7:99:5F:77:01,Motorola,undefined,undefined
5515,5587,B4:C7:99:5F:77:02,Motorola,undefined,undefined
5516,5588,B4:C7:99:5F:77:03,Motorola,undefined,undefined
5517,5589,B4:C7:99:65:3A:70,Motorola,undefined,undefined
5518,5590,B4:C7:99:65:3A:71,Motorola,undefined,undefined
5519,5591,B4:C7:99:65:3A:72,Motorola,undefined,undefined
5520,5592,B4:C7:99:65:3A:73,Motorola,undefined,undefined
5521,5593,B4:C7:99:65:95:B0,Motorola,undefined,undefined
5522,5594,B4:C7:99:65:95:B1,Motorola,undefined,undefined
5523,5595,B4:C7:99:65:95:B2,Motorola,undefined,undefined
5524,5596,B4:C7:99:65:95:B3,Motorola,undefined,undefined
5525,5597,B4:C7:99:B6:DE:10,Motorola,undefined,undefined
5526,5598,B4:C7:99:CC:FB:80,Motorola,undefined,undefined
5527,5600,B4:E9:B0:E5:42:30,Cisco,undefined,undefined
5528,5605,B6:75:0E:1F:BB:36,Unknown,undefined,undefined
5529,5606,B6:75:0E:3A:14:5E,Unknown,undefined,undefined
5530,5607,B6:75:0E:3B:61:AB,Unknown,undefined,undefined
5531,5608,B6:75:0E:41:3A:8C,Unknown,undefined,undefined
5532,5609,B6:75:0E:41:3A:CA,Unknown,undefined,undefined
5533,5610,B6:75:0E:41:3A:CB,Unknown,undefined,undefined
5534,5611,B6:75:0E:41:4A:8B,Unknown,undefined,undefined
5535,5612,B6:75:0E:42:81:9A,Unknown,undefined,undefined
5536,5613,B6:75:0E:42:81:9B,Unknown,undefined,undefined
5537,5614,B6:75:0E:46:F9:47,Unknown,undefined,undefined
5538,5615,B6:75:0E:48:19:28,Unknown,undefined,undefined
5539,5616,B6:75:0E:48:19:29,Unknown,undefined,undefined
5540,5617,B6:75:0E:4E:0D:B1,Unknown,undefined,undefined
5541,5618,B6:75:0E:67:1B:EC,Unknown,undefined,undefined
5542,5619,B6:75:0E:F8:B8:EF,Unknown,undefined,undefined
5543,5622,B8:16:19:40:C5:50,ArrisGro,undefined,undefined
5544,5623,B8:16:19:41:DD:90,ArrisGro,undefined,undefined
5545,5624,B8:16:19:47:69:E0,ArrisGro,undefined,undefined
5546,5625,B8:16:19:56:7D:C0,ArrisGro,undefined,undefined
5547,5626,B8:16:19:56:B5:E0,ArrisGro,undefined,undefined
5548,5627,B8:16:19:59:EB:60,ArrisGro,undefined,undefined
5549,5628,B8:16:19:5A:08:B0,ArrisGro,undefined,undefined
5550,5629,B8:16:19:73:ED:80,ArrisGro,undefined,undefined
5551,5630,B8:16:19:7C:23:90,ArrisGro,undefined,undefined
5552,5631,00:1E:C9:5D:0E:6F,2wire,undefined,undefined
5553,5631,B8:16:19:7D:0A:E0,ArrisGro,undefined,undefined
5554,5632,B8:16:19:7F:9E:90,ArrisGro,undefined,undefined
5555,5633,B8:16:19:84:34:10,ArrisGro,undefined,undefined
5556,5634,B8:16:19:95:34:E0,ArrisGro,undefined,undefined
5557,5636,B8:38:61:AB:32:40,Unknown,undefined,undefined
5558,5637,B8:38:61:AB:32:41,Unknown,undefined,undefined
5559,5638,B8:3E:59:3D:6F:57,Roku,undefined,undefined
5560,5639,B8:3E:59:45:C1:1F,Roku,undefined,undefined
5561,5640,B8:3E:59:49:A4:C7,Roku,undefined,undefined
5562,5641,B8:3E:59:5F:87:BF,Roku,undefined,undefined
5563,5642,B8:3E:59:62:AE:47,Roku,undefined,undefined
5564,5643,B8:3E:59:86:81:ED,Roku,undefined,undefined
5565,5644,B8:3E:59:89:FF:B5,Roku,undefined,undefined
5566,5645,B8:3E:59:8A:DE:45,Roku,undefined,undefined
5567,5646,B8:3E:59:B1:7E:AD,Roku,undefined,undefined
5568,5647,B8:3E:59:DF:9C:6D,Roku,undefined,undefined
5569,5648,B8:3E:59:E0:88:BD,Roku,undefined,undefined
5570,5649,B8:3E:59:F4:79:11,Roku,undefined,undefined
5571,5650,B8:3E:59:F5:B5:65,Roku,undefined,undefined
5572,5652,B8:62:1F:53:5F:6E,Cisco,undefined,undefined
5573,5653,B8:62:1F:7C:3C:40,Cisco,undefined,undefined
5574,5654,B8:62:1F:7C:3C:41,Cisco,undefined,undefined
5575,5655,B8:62:1F:7C:3C:42,Cisco,undefined,undefined
5576,5656,B8:62:1F:7C:3C:43,Cisco,undefined,undefined
5577,5657,B8:62:1F:7C:3C:44,Cisco,undefined,undefined
5578,5661,B8:A3:86:57:74:E1,D-LinkIn,undefined,undefined
5579,5662,B8:A3:86:61:19:8E,D-LinkIn,undefined,undefined
5580,5663,B8:A3:86:62:FC:FE,D-LinkIn,undefined,undefined
5581,5664,B8:A3:86:66:CA:64,D-LinkIn,undefined,undefined
5582,5665,B8:A3:86:AD:A1:72,D-LinkIn,undefined,undefined
5583,5666,14:49:E0:57:22:27,SamsungE,undefined,undefined
5584,5666,B8:C7:5D:03:6A:2F,Apple,undefined,undefined
5585,5669,B8:E6:25:02:2F:6A,2wire,undefined,undefined
5586,5670,B8:E6:25:07:4A:92,2wire,undefined,undefined
5587,5671,B8:E6:25:0C:AD:32,2wire,undefined,undefined
5588,5672,B8:E6:25:52:75:31,2wire,undefined,undefined
5589,5694,BC:67:1C:58:E8:73,Unknown,undefined,undefined
5590,5695,BC:67:1C:64:0A:D1,Unknown,undefined,undefined
5591,5696,BC:67:1C:64:0A:D3,Unknown,undefined,undefined
5592,5699,BC:85:56:9C:68:D5,HonHaiPr,undefined,undefined
5593,5701,88:51:FB:63:0C:40,HewlettP,undefined,undefined
5594,5701,BC:AE:C5:C3:6B:62,AsustekC,undefined,undefined
5595,5702,BC:EE:7B:93:4F:80,Unknown,undefined,undefined
5596,5703,BC:EE:7B:93:54:20,Unknown,undefined,undefined
5597,5704,BC:EE:7B:97:4F:D1,Unknown,undefined,undefined
5598,5705,BC:EE:7B:F1:76:30,Unknown,undefined,undefined
5599,5705,D4:BE:D9:C4:63:30,Dell,undefined,undefined
5600,5706,BC:EE:7B:F1:7A:AC,Unknown,undefined,undefined
5601,5707,BC:EE:7B:F2:08:80,Unknown,undefined,undefined
5602,5708,BC:F6:85:42:87:C8,D-LinkIn,undefined,undefined
5603,5713,BE:8C:CD:4E:73:EC,Unknown,undefined,undefined
5604,5715,C0:3F:0E:03:D6:88,Netgear,undefined,undefined
5605,5716,C0:3F:0E:04:10:F8,Netgear,undefined,undefined
5606,5717,C0:3F:0E:0A:79:B4,Netgear,undefined,undefined
5607,5718,C0:3F:0E:14:6E:C6,Netgear,undefined,undefined
5608,5719,C0:3F:0E:24:2E:D5,Netgear,undefined,undefined
5609,5720,C0:3F:0E:33:D6:80,Netgear,undefined,undefined
5610,5722,C0:3F:0E:57:09:72,Netgear,undefined,undefined
5611,5723,C0:3F:0E:5E:EA:A8,Netgear,undefined,undefined
5612,5724,C0:3F:0E:66:AA:48,Netgear,undefined,undefined
5613,5725,C0:3F:0E:74:1C:DF,Netgear,undefined,undefined
5614,5726,C0:3F:0E:74:4F:FB,Netgear,undefined,undefined
5615,5727,C0:3F:0E:7E:2B:E1,Netgear,undefined,undefined
5616,5728,C0:3F:0E:84:6E:1D,Netgear,undefined,undefined
5617,5729,C0:3F:0E:84:A6:60,Netgear,undefined,undefined
5618,5730,C0:3F:0E:87:AD:78,Netgear,undefined,undefined
5619,5731,00:0E:58:13:20:E2,Sonos,undefined,undefined
5620,5731,C0:3F:0E:8B:0D:F3,Netgear,undefined,undefined
5621,5732,C0:3F:0E:8B:10:E7,Netgear,undefined,undefined
5622,5733,C0:3F:0E:8D:8C:17,Netgear,undefined,undefined
5623,5734,C0:3F:0E:9A:64:3C,Netgear,undefined,undefined
5624,5735,C0:3F:0E:9F:E9:0C,Netgear,undefined,undefined
5625,5736,C0:3F:0E:A7:78:DC,Netgear,undefined,undefined
5626,5737,C0:3F:0E:AA:D5:0E,Netgear,undefined,undefined
5627,5738,C0:3F:0E:AE:22:8E,Netgear,undefined,undefined
5628,5739,C0:3F:0E:AF:0F:C4,Netgear,undefined,undefined
5629,5740,0C:54:A5:51:9F:08,Unknown,undefined,undefined
5630,5740,C0:3F:0E:CC:C2:8C,Netgear,undefined,undefined
5631,5741,C0:3F:0E:D9:90:F0,Netgear,undefined,undefined
5632,5742,C0:3F:0E:DA:F4:E6,Netgear,undefined,undefined
5633,5743,C0:3F:0E:DF:9D:3D,Netgear,undefined,undefined
5634,5744,C0:3F:0E:F0:EB:BA,Netgear,undefined,undefined
5635,5745,B8:EE:65:0F:12:58,Unknown,undefined,undefined
5636,5745,C0:3F:0E:F0:F0:72,Netgear,undefined,undefined
5637,5746,C0:4A:00:76:EF:7B,Tp-LinkT,undefined,undefined
5638,5747,08:ED:B9:8B:68:C3,HonHaiPr,undefined,undefined
5639,5747,C0:4A:00:77:F4:58,Tp-LinkT,undefined,undefined
5640,5748,C0:4A:00:80:B2:16,Tp-LinkT,undefined,undefined
5641,5749,C0:4A:00:C8:E1:69,Tp-LinkT,undefined,undefined
5642,5750,C0:4A:00:D0:5D:A4,Tp-LinkT,undefined,undefined
5643,5751,C0:4A:00:FC:45:B5,Tp-LinkT,undefined,undefined
5644,5753,C0:67:AF:05:60:CF,Cisco,undefined,undefined
5645,5754,C0:83:0A:BF:82:C1,2wire,undefined,undefined
5646,5755,C0:83:0A:D0:2C:49,2wire,undefined,undefined
5647,5756,C0:83:0A:E9:76:79,2wire,undefined,undefined
5648,5757,C0:A0:BB:1C:EB:60,D-LinkIn,undefined,undefined
5649,5758,C0:A0:BB:E6:86:B8,D-LinkIn,undefined,undefined
5650,5759,C0:A0:BB:EA:42:5F,D-LinkIn,undefined,undefined
5651,5760,C0:A0:BB:EF:D0:74,D-LinkIn,undefined,undefined
5652,5769,C0:C1:C0:02:D5:6E,Cisco-Li,undefined,undefined
5653,5770,C0:C1:C0:02:D5:6F,Cisco-Li,undefined,undefined
5654,5771,C0:C1:C0:02:DA:CC,Cisco-Li,undefined,undefined
5655,5771,C0:C1:C0:02:DA:CE,Cisco-Li,undefined,undefined
5656,5771,F0:24:75:16:3F:62,Unknown,undefined,undefined
5657,5772,C0:C1:C0:06:F8:7E,Cisco-Li,undefined,undefined
5658,5772,E4:F4:C6:D7:7B:09,Unknown,undefined,undefined
5659,5773,C0:C1:C0:0D:5F:27,Cisco-Li,undefined,undefined
5660,5774,C0:C1:C0:0D:D5:0E,Cisco-Li,undefined,undefined
5661,5775,C0:C1:C0:0D:DA:BD,Cisco-Li,undefined,undefined
5662,5776,C0:C1:C0:0F:AF:9D,Cisco-Li,undefined,undefined
5663,5777,60:02:B4:53:E4:55,WistronN,undefined,undefined
5664,5777,C0:C1:C0:1E:3F:97,Cisco-Li,undefined,undefined
5665,5778,78:E3:B5:C0:47:EB,Hewlett-,undefined,undefined
5666,5778,B8:76:3F:36:80:62,HonHaiPr,undefined,undefined
5667,5778,C0:C1:C0:22:E2:A3,Cisco-Li,undefined,undefined
5668,5778,D8:D3:85:6B:FB:7D,Hewlett-,undefined,undefined
5669,5779,A0:A8:CD:38:CF:43,IntelCor,undefined,undefined
5670,5779,C0:C1:C0:22:E3:24,Cisco-Li,undefined,undefined
5671,5780,C0:C1:C0:38:27:45,Cisco-Li,undefined,undefined
5672,5781,C0:C1:C0:52:55:BA,Cisco-Li,undefined,undefined
5673,5782,C0:C1:C0:53:3C:86,Cisco-Li,undefined,undefined
5674,5783,C0:C1:C0:56:D8:DB,Cisco-Li,undefined,undefined
5675,5784,C0:C1:C0:56:D8:DD,Cisco-Li,undefined,undefined
5676,5785,C0:C1:C0:75:6E:D4,Cisco-Li,undefined,undefined
5677,5785,C0:C1:C0:75:6E:D6,Cisco-Li,undefined,undefined
5678,5786,C0:C1:C0:84:93:F6,Cisco-Li,undefined,undefined
5679,5787,C0:C1:C0:88:BA:3E,Cisco-Li,undefined,undefined
5680,5788,C0:C1:C0:88:BA:3F,Cisco-Li,undefined,undefined
5681,5789,C0:C1:C0:93:63:A9,Cisco-Li,undefined,undefined
5682,5790,C0:C1:C0:93:63:AA,Cisco-Li,undefined,undefined
5683,5791,C0:C1:C0:94:76:C8,Cisco-Li,undefined,undefined
5684,5792,C0:C1:C0:98:7D:B3,Cisco-Li,undefined,undefined
5685,5792,F8:E0:79:B5:63:E4,Unknown,undefined,undefined
5686,5793,C0:C1:C0:9C:5F:8A,Cisco-Li,undefined,undefined
5687,5794,C0:C1:C0:9C:5F:8B,Cisco-Li,undefined,undefined
5688,5795,C0:C1:C0:9F:6B:BC,Cisco-Li,undefined,undefined
5689,5796,C0:C1:C0:9F:6B:BD,Cisco-Li,undefined,undefined
5690,5797,C0:C1:C0:A1:59:49,Cisco-Li,undefined,undefined
5691,5798,C0:C1:C0:A2:35:52,Cisco-Li,undefined,undefined
5692,5800,4C:EB:42:07:D7:E4,IntelCor,undefined,undefined
5693,5800,C0:C1:C0:AE:83:5D,Cisco-Li,undefined,undefined
5694,5801,C0:C1:C0:AE:D3:4A,Cisco-Li,undefined,undefined
5695,5802,C0:C1:C0:AE:D3:4B,Cisco-Li,undefined,undefined
5696,5803,C0:C1:C0:B9:46:9C,Cisco-Li,undefined,undefined
5697,5803,FC:AA:14:7D:AB:77,Unknown,undefined,undefined
5698,5804,C0:C1:C0:B9:47:1C,Cisco-Li,undefined,undefined
5699,5805,C0:C1:C0:B9:47:1D,Cisco-Li,undefined,undefined
5700,5806,C0:C1:C0:BC:27:14,Cisco-Li,undefined,undefined
5701,5807,C0:C1:C0:BC:27:16,Cisco-Li,undefined,undefined
5702,5808,C0:C1:C0:C3:B5:23,Cisco-Li,undefined,undefined
5703,5809,C0:C1:C0:C6:91:65,Cisco-Li,undefined,undefined
5704,5810,C0:C1:C0:C9:4F:AB,Cisco-Li,undefined,undefined
5705,5812,C0:C1:C0:D2:91:5D,Cisco-Li,undefined,undefined
5706,5813,C0:C1:C0:D6:B8:F6,Cisco-Li,undefined,undefined
5707,5814,C0:C1:C0:D6:B8:F8,Cisco-Li,undefined,undefined
5708,5815,C0:C1:C0:D7:56:1C,Cisco-Li,undefined,undefined
5709,5816,C0:C1:C0:FC:2F:6A,Cisco-Li,undefined,undefined
5710,5817,C0:C5:20:22:A2:79,RuckusWi,undefined,undefined
5711,5818,C0:C5:20:62:A2:79,RuckusWi,undefined,undefined
5712,5819,00:11:43:14:E9:DE,DellEsgP,undefined,undefined
5713,5819,C0:C5:20:A2:A2:79,RuckusWi,undefined,undefined
5714,5820,C0:C5:20:E2:A2:79,RuckusWi,undefined,undefined
5715,5822,C0:EA:E4:29:9F:B1,Sonicwal,undefined,undefined
5716,5823,C0:EA:E4:5B:52:C6,Sonicwal,undefined,undefined
5717,5826,C0:FF:D4:80:95:DC,Unknown,undefined,undefined
5718,5827,C0:FF:D4:87:26:27,Unknown,undefined,undefined
5719,5828,C0:FF:D4:AC:8A:A0,Unknown,undefined,undefined
5720,5829,C0:FF:D4:B3:38:39,Unknown,undefined,undefined
5721,5832,C2:3F:0E:F0:EB:BB,Unknown,undefined,undefined
5722,5834,00:12:12:35:52:77,Plus,undefined,undefined
5723,5834,00:12:12:3E:A8:34,Plus,undefined,undefined
5724,5834,00:12:12:3E:B0:32,Plus,undefined,undefined
5725,5834,00:12:12:3E:B0:34,Plus,undefined,undefined
5726,5834,00:12:12:3E:B3:E8,Plus,undefined,undefined
5727,5834,00:12:12:3E:B9:BD,Plus,undefined,undefined
5728,5834,04:18:D6:5A:54:01,Ubiquiti,undefined,undefined
5729,5834,04:18:D6:5A:9C:64,Ubiquiti,undefined,undefined
5730,5834,24:A4:3C:68:05:B8,Ubiquiti,undefined,undefined
5731,5834,88:51:FB:51:E6:C9,HewlettP,undefined,undefined
5732,5834,C2:9F:DB:6D:1E:A2,Unknown,undefined,undefined
5733,5834,D0:67:E5:10:BC:A6,Dell,undefined,undefined
5734,5834,DC:9F:DB:6C:1E:A2,Ubiquiti,undefined,undefined
5735,5835,C2:9F:DB:89:84:68,Unknown,undefined,undefined
5736,5836,C2:9F:DB:89:84:6C,Unknown,undefined,undefined
5737,5837,C2:9F:DB:89:84:71,Unknown,undefined,undefined
5738,5838,C2:9F:DB:9B:24:83,Unknown,undefined,undefined
5739,5842,C4:01:7C:3F:AE:E8,RuckusWi,undefined,undefined
5740,5843,C4:01:7C:7F:AE:E8,RuckusWi,undefined,undefined
5741,5844,C4:01:7C:BF:AE:E8,RuckusWi,undefined,undefined
5742,5845,C4:01:7C:FF:AE:E8,RuckusWi,undefined,undefined
5743,5846,C4:04:15:02:8F:21,Netgear,undefined,undefined
5744,5847,C4:04:15:02:8F:E7,Netgear,undefined,undefined
5745,5848,64:5A:04:6D:22:61,ChiconyE,undefined,undefined
5746,5848,C4:04:15:08:99:2A,Netgear,undefined,undefined
5747,5849,C4:04:15:08:99:30,Netgear,undefined,undefined
5748,5850,C4:04:15:0A:FE:BA,Netgear,undefined,undefined
5749,5851,C4:04:15:0B:0D:4E,Netgear,undefined,undefined
5750,5852,C4:04:15:0D:42:40,Netgear,undefined,undefined
5751,5853,C4:04:15:0E:26:71,Netgear,undefined,undefined
5752,5854,C4:04:15:13:70:33,Netgear,undefined,undefined
5753,5855,C4:04:15:17:2D:EA,Netgear,undefined,undefined
5754,5856,C4:04:15:17:63:3A,Netgear,undefined,undefined
5755,5857,7C:7A:91:42:AA:40,IntelCor,undefined,undefined
5756,5857,C4:04:15:17:D0:50,Netgear,undefined,undefined
5757,5858,C4:04:15:1D:A3:EE,Netgear,undefined,undefined
5758,5859,C4:04:15:1D:A3:F7,Netgear,undefined,undefined
5759,5860,C4:04:15:1D:A6:F4,Netgear,undefined,undefined
5760,5861,C4:04:15:1E:F6:D8,Netgear,undefined,undefined
5761,5862,C4:04:15:1E:FC:58,Netgear,undefined,undefined
5762,5863,C4:04:15:1E:FD:42,Netgear,undefined,undefined
5763,5864,C4:04:15:1F:19:28,Netgear,undefined,undefined
5764,5865,C4:04:15:22:07:90,Netgear,undefined,undefined
5765,5865,EC:71:DB:AD:6A:66,Unknown,undefined,undefined
5766,5866,C4:04:15:22:83:CF,Netgear,undefined,undefined
5767,5867,C4:04:15:23:6B:23,Netgear,undefined,undefined
5768,5868,C4:04:15:24:5E:DC,Netgear,undefined,undefined
5769,5869,C4:04:15:24:5F:45,Netgear,undefined,undefined
5770,5870,00:1A:13:1F:44:1E,WanlidaG,undefined,undefined
5771,5870,20:68:9D:77:3F:16,LiteonTe,undefined,undefined
5772,5870,C4:04:15:24:60:9E,Netgear,undefined,undefined
5773,5871,C4:04:15:24:60:CB,Netgear,undefined,undefined
5774,5872,C4:04:15:24:60:FE,Netgear,undefined,undefined
5775,5873,C4:04:15:24:61:6D,Netgear,undefined,undefined
5776,5874,C4:04:15:24:62:42,Netgear,undefined,undefined
5777,5875,C4:04:15:24:67:52,Netgear,undefined,undefined
5778,5876,C4:04:15:24:6F:B3,Netgear,undefined,undefined
5779,5877,C4:04:15:24:A3:2C,Netgear,undefined,undefined
5780,5878,C4:04:15:27:4A:C0,Netgear,undefined,undefined
5781,5879,C4:04:15:29:AF:47,Netgear,undefined,undefined
5782,5879,D8:B3:77:BC:D4:F9,Htc,undefined,undefined
5783,5880,C4:04:15:2C:A1:42,Netgear,undefined,undefined
5784,5881,48:86:E8:69:07:D0,Unknown,undefined,undefined
5785,5881,C4:04:15:3A:4D:AC,Netgear,undefined,undefined
5786,5882,C4:04:15:3A:D1:74,Netgear,undefined,undefined
5787,5883,C4:04:15:3A:DC:A8,Netgear,undefined,undefined
5788,5884,C4:04:15:3B:43:16,Netgear,undefined,undefined
5789,5885,C4:04:15:3B:45:3A,Netgear,undefined,undefined
5790,5886,00:23:24:1F:2A:15,G-ProCom,undefined,undefined
5791,5886,2C:44:FD:0C:D4:6D,HewlettP,undefined,undefined
5792,5886,8C:A9:82:A3:27:82,IntelCor,undefined,undefined
5793,5886,C4:04:15:3E:3A:05,Netgear,undefined,undefined
5794,5886,C4:17:FE:B3:43:28,HonHaiPr,undefined,undefined
5795,5887,C4:04:15:42:A1:1C,Netgear,undefined,undefined
5796,5888,C4:04:15:43:6E:6A,Netgear,undefined,undefined
5797,5889,C4:04:15:45:62:83,Netgear,undefined,undefined
5798,5890,60:02:B4:F7:33:03,WistronN,undefined,undefined
5799,5890,C4:04:15:4C:72:03,Netgear,undefined,undefined
5800,5891,C4:04:15:58:FF:27,Netgear,undefined,undefined
5801,5892,C4:04:15:59:52:74,Netgear,undefined,undefined
5802,5893,C4:04:15:5B:0D:2A,Netgear,undefined,undefined
5803,5894,C4:04:15:5B:F8:95,Netgear,undefined,undefined
5804,5895,C4:04:15:5C:97:82,Netgear,undefined,undefined
5805,5896,C4:04:15:60:19:DE,Netgear,undefined,undefined
5806,5897,C4:04:15:61:70:35,Netgear,undefined,undefined
5807,5898,C4:04:15:63:14:00,Netgear,undefined,undefined
5808,5899,C4:04:15:63:2B:85,Netgear,undefined,undefined
5809,5900,C4:04:15:84:B6:60,Netgear,undefined,undefined
5810,5901,C4:04:15:88:D8:C5,Netgear,undefined,undefined
5811,5902,C4:04:15:88:E6:D5,Netgear,undefined,undefined
5812,5903,C4:04:15:88:F7:FD,Netgear,undefined,undefined
5813,5904,C4:04:15:89:03:97,Netgear,undefined,undefined
5814,5905,C4:04:15:89:03:DF,Netgear,undefined,undefined
5815,5906,C4:04:15:89:04:00,Netgear,undefined,undefined
5816,5907,C4:04:15:89:04:1E,Netgear,undefined,undefined
5817,5908,C4:04:15:89:04:36,Netgear,undefined,undefined
5818,5909,C4:04:15:89:04:6C,Netgear,undefined,undefined
5819,5910,C4:04:15:89:04:A8,Netgear,undefined,undefined
5820,5910,F8:1E:DF:F0:1A:C8,Apple,undefined,undefined
5821,5911,C4:04:15:89:04:D2,Netgear,undefined,undefined
5822,5912,28:32:C5:02:63:1B,Unknown,undefined,undefined
5823,5912,C4:04:15:89:05:2C,Netgear,undefined,undefined
5824,5913,C4:04:15:89:06:13,Netgear,undefined,undefined
5825,5914,C4:04:15:89:0A:48,Netgear,undefined,undefined
5826,5915,C4:04:15:89:13:1E,Netgear,undefined,undefined
5827,5916,C4:04:15:89:15:F1,Netgear,undefined,undefined
5828,5917,C4:04:15:89:53:8F,Netgear,undefined,undefined
5829,5918,C4:04:15:8B:BF:75,Netgear,undefined,undefined
5830,5919,C4:04:15:8D:EC:C4,Netgear,undefined,undefined
5831,5920,C4:04:15:8F:00:BA,Netgear,undefined,undefined
5832,5921,C4:04:15:8F:1F:A4,Netgear,undefined,undefined
5833,5923,C4:04:15:8F:20:DC,Netgear,undefined,undefined
5834,5924,C4:04:15:8F:21:BD,Netgear,undefined,undefined
5835,5925,C4:04:15:8F:22:F2,Netgear,undefined,undefined
5836,5927,C4:04:15:8F:38:28,Netgear,undefined,undefined
5837,5928,C4:04:15:8F:3F:48,Netgear,undefined,undefined
5838,5929,C4:04:15:8F:40:47,Netgear,undefined,undefined
5839,5930,C4:04:15:8F:42:93,Netgear,undefined,undefined
5840,5931,C4:04:15:8F:42:CF,Netgear,undefined,undefined
5841,5932,C4:04:15:8F:9D:98,Netgear,undefined,undefined
5842,5933,C4:04:15:8F:9E:31,Netgear,undefined,undefined
5843,5934,C4:04:15:8F:A0:BF,Netgear,undefined,undefined
5844,5935,C4:04:15:8F:A8:99,Netgear,undefined,undefined
5845,5936,C4:04:15:8F:B2:11,Netgear,undefined,undefined
5846,5937,C4:04:15:8F:D2:7E,Netgear,undefined,undefined
5847,5938,C4:04:15:90:44:9C,Netgear,undefined,undefined
5848,5939,C4:04:15:96:53:F2,Netgear,undefined,undefined
5849,5940,C4:04:15:96:8E:56,Netgear,undefined,undefined
5850,5941,C4:04:15:97:6F:1B,Netgear,undefined,undefined
5851,5942,C4:04:15:97:6F:F0,Netgear,undefined,undefined
5852,5943,C4:04:15:97:70:86,Netgear,undefined,undefined
5853,5944,C4:04:15:97:CA:9B,Netgear,undefined,undefined
5854,5945,C4:04:15:99:90:5A,Netgear,undefined,undefined
5855,5946,C4:04:15:9B:3E:80,Netgear,undefined,undefined
5856,5947,C4:04:15:A0:F9:5C,Netgear,undefined,undefined
5857,5949,C4:04:15:A3:4B:35,Netgear,undefined,undefined
5858,5950,C4:04:15:A3:67:A3,Netgear,undefined,undefined
5859,5951,C4:04:15:A3:68:C6,Netgear,undefined,undefined
5860,5952,C4:04:15:A4:C3:4B,Netgear,undefined,undefined
5861,5953,C4:04:15:A4:E4:A8,Netgear,undefined,undefined
5862,5954,C4:04:15:A4:E6:13,Netgear,undefined,undefined
5863,5955,C4:04:15:A6:AA:48,Netgear,undefined,undefined
5864,5956,C4:04:15:A6:C0:05,Netgear,undefined,undefined
5865,5957,C4:04:15:A6:EB:13,Netgear,undefined,undefined
5866,5958,C4:04:15:A6:F0:4A,Netgear,undefined,undefined
5867,5959,C4:04:15:A6:FF:FE,Netgear,undefined,undefined
5868,5960,C4:04:15:A7:4B:B6,Netgear,undefined,undefined
5869,5961,C4:04:15:A9:37:5F,Netgear,undefined,undefined
5870,5962,C4:04:15:A9:7D:CA,Netgear,undefined,undefined
5871,5963,C4:04:15:A9:96:5A,Netgear,undefined,undefined
5872,5964,C4:04:15:A9:B7:12,Netgear,undefined,undefined
5873,5965,AC:B5:7D:1B:0D:26,Unknown,undefined,undefined
5874,5965,C4:04:15:A9:B8:E0,Netgear,undefined,undefined
5875,5966,C4:04:15:A9:DE:C9,Netgear,undefined,undefined
5876,5967,14:49:E0:17:9C:C6,SamsungE,undefined,undefined
5877,5967,C4:04:15:A9:FB:04,Netgear,undefined,undefined
5878,5968,C4:04:15:AD:84:A6,Netgear,undefined,undefined
5879,5969,C4:04:15:AD:C7:6D,Netgear,undefined,undefined
5880,5970,C4:04:15:B3:5B:2C,Netgear,undefined,undefined
5881,5971,C4:10:8A:14:08:E8,RuckusWi,undefined,undefined
5882,5972,C4:10:8A:1F:4F:A8,RuckusWi,undefined,undefined
5883,5973,C4:10:8A:1F:55:88,RuckusWi,undefined,undefined
5884,5974,C4:10:8A:1F:56:18,RuckusWi,undefined,undefined
5885,5975,2C:33:7A:3E:FB:FB,Unknown,undefined,undefined
5886,5975,C4:10:8A:1F:85:E8,RuckusWi,undefined,undefined
5887,5976,C4:10:8A:1F:85:E9,RuckusWi,undefined,undefined
5888,5977,C4:10:8A:1F:B0:08,RuckusWi,undefined,undefined
5889,5978,C4:10:8A:1F:B1:C8,RuckusWi,undefined,undefined
5890,5979,C4:10:8A:5F:55:88,RuckusWi,undefined,undefined
5891,5980,C4:10:8A:5F:56:18,RuckusWi,undefined,undefined
5892,5981,C4:10:8A:5F:85:E8,RuckusWi,undefined,undefined
5893,5982,C4:10:8A:5F:B0:08,RuckusWi,undefined,undefined
5894,5983,C4:10:8A:5F:B1:08,RuckusWi,undefined,undefined
5895,5984,C4:10:8A:5F:B1:C8,RuckusWi,undefined,undefined
5896,5985,C4:10:8A:9F:55:88,RuckusWi,undefined,undefined
5897,5986,C4:10:8A:9F:85:E8,RuckusWi,undefined,undefined
5898,5987,C4:10:8A:9F:B0:08,RuckusWi,undefined,undefined
5899,5988,C4:10:8A:9F:B1:C8,RuckusWi,undefined,undefined
5900,5989,C4:10:8A:DF:55:88,RuckusWi,undefined,undefined
5901,5990,C4:10:8A:DF:56:18,RuckusWi,undefined,undefined
5902,5991,C4:10:8A:DF:85:E8,RuckusWi,undefined,undefined
5903,5992,C4:10:8A:DF:B0:08,RuckusWi,undefined,undefined
5904,5993,C4:10:8A:DF:B1:08,RuckusWi,undefined,undefined
5905,5994,C4:10:8A:DF:B1:C8,RuckusWi,undefined,undefined
5906,5995,C4:14:3C:38:C5:21,Unknown,undefined,undefined
5907,5996,C4:14:3C:40:D0:31,Unknown,undefined,undefined
5908,5997,C4:14:3C:F2:07:90,Unknown,undefined,undefined
5909,5998,C4:14:3C:F2:07:91,Unknown,undefined,undefined
5910,5999,C4:14:3C:F2:07:92,Unknown,undefined,undefined
5911,6000,C4:17:FE:9D:1E:4C,HonHaiPr,undefined,undefined
5912,6001,C4:17:FE:9D:C6:56,HonHaiPr,undefined,undefined
5913,6005,C4:34:6B:12:55:09,Unknown,undefined,undefined
5914,6006,C4:34:6B:13:AD:22,Unknown,undefined,undefined
5915,6007,C4:34:6B:E5:08:81,Unknown,undefined,undefined
5916,6008,C4:34:6B:E8:B4:0F,Unknown,undefined,undefined
5917,6009,C4:39:3A:95:B7:A8,SmcNetwo,undefined,undefined
5918,6010,C4:39:3A:95:B7:A9,SmcNetwo,undefined,undefined
5919,6011,C4:39:3A:96:BB:C8,SmcNetwo,undefined,undefined
5920,6012,C4:39:3A:96:BB:C9,SmcNetwo,undefined,undefined
5921,6013,C4:39:3A:C8:5E:08,SmcNetwo,undefined,undefined
5922,6014,C4:39:3A:C8:5E:09,SmcNetwo,undefined,undefined
5923,6015,00:17:A4:4E:57:ED,Hewlett-,undefined,undefined
5924,6015,C4:39:3A:C8:C7:18,SmcNetwo,undefined,undefined
5925,6016,C4:39:3A:C8:C7:19,SmcNetwo,undefined,undefined
5926,6017,C4:39:3A:C8:F9:58,SmcNetwo,undefined,undefined
5927,6018,C4:39:3A:C9:28:B9,SmcNetwo,undefined,undefined
5928,6019,C4:39:3A:CD:7D:28,SmcNetwo,undefined,undefined
5929,6020,C4:39:3A:CD:7D:29,SmcNetwo,undefined,undefined
5930,6021,C4:39:3A:CD:E9:78,SmcNetwo,undefined,undefined
5931,6023,C4:3D:C7:4C:1A:EC,Netgear,undefined,undefined
5932,6024,78:FD:94:28:88:33,Unknown,UDP/TCP,192.168.1.74
5933,6024,C4:3D:C7:56:56:80,Netgear,undefined,undefined
5934,6025,C4:3D:C7:58:82:14,Netgear,undefined,undefined
5935,6025,D0:DF:9A:29:54:4C,LiteonTe,undefined,undefined
5936,6026,C4:3D:C7:66:49:B5,Netgear,undefined,undefined
5937,6027,C4:3D:C7:69:4E:F7,Netgear,undefined,undefined
5938,6028,C4:3D:C7:6B:5A:F7,Netgear,undefined,undefined
5939,6029,B8:A3:86:62:FC:FE,D-LinkIn,undefined,undefined
5940,6029,C4:3D:C7:6E:82:56,Netgear,undefined,undefined
5941,6030,C4:3D:C7:93:F2:72,Netgear,undefined,undefined
5942,6031,C4:3D:C7:9B:5A:F1,Netgear,undefined,undefined
5943,6032,C4:3D:C7:9D:C3:06,Netgear,undefined,undefined
5944,6032,E4:CE:8F:4C:C3:3C,Apple,undefined,undefined
5945,6033,C4:3D:C7:A3:FB:96,Netgear,undefined,undefined
5946,6034,C4:3D:C7:AF:E9:D7,Netgear,undefined,undefined
5947,6042,C4:6E:1F:2E:5F:B2,Tp-LinkT,undefined,undefined
5948,6043,C4:6E:1F:4B:72:44,Tp-LinkT,undefined,undefined
5949,6044,C4:6E:1F:73:44:ED,Tp-LinkT,undefined,undefined
5950,6045,C4:6E:1F:73:5F:52,Tp-LinkT,undefined,undefined
5951,6045,F8:B1:56:E1:F4:BA,DellPcba,undefined,undefined
5952,6046,C4:6E:1F:96:B3:94,Tp-LinkT,undefined,undefined
5953,6047,C4:6E:1F:9C:5E:10,Tp-LinkT,undefined,undefined
5954,6048,C4:6E:1F:A8:E6:97,Tp-LinkT,undefined,undefined
5955,6049,C4:6E:1F:E7:B1:E0,Tp-LinkT,undefined,undefined
5956,6050,C4:6E:1F:F4:89:5C,Tp-LinkT,undefined,undefined
5957,6051,C4:6E:1F:F5:C1:98,Tp-LinkT,undefined,undefined
5958,6052,34:4D:F7:84:46:F1,Unknown,undefined,undefined
5959,6052,C4:71:FE:DB:92:E0,Cisco,undefined,undefined
5960,6052,CC:3A:61:3B:41:16,SamsungE,undefined,undefined
5961,6053,C4:71:FE:DB:92:E1,Cisco,undefined,undefined
5962,6054,C4:71:FE:DB:92:E2,Cisco,undefined,undefined
5963,6056,C6:04:15:17:D0:51,Unknown,undefined,undefined
5964,6057,C6:04:15:1A:14:61,Unknown,undefined,undefined
5965,6059,00:12:12:35:52:77,Plus,ARP,192.168.1.69
5966,6059,00:12:12:3E:A8:34,Plus,ARP,192.168.1.229
5967,6059,00:12:12:3E:B9:60,Plus,ARP,192.168.1.238
5968,6059,00:12:12:3E:B9:6C,Plus,ARP,192.168.1.223
5969,6059,00:12:12:3E:B9:BD,Plus,ARP,192.168.1.220
5970,6059,00:27:22:2C:DA:0B,Ubiquiti,undefined,undefined
5971,6059,04:18:D6:5A:55:CB,Ubiquiti,undefined,undefined
5972,6059,04:18:D6:5A:9C:64,Ubiquiti,ARP,192.168.1.30
5973,6059,88:51:FB:51:E6:C9,HewlettP,ARP,192.168.1.24
5974,6059,C6:9F:DB:6D:1E:A2,Unknown,undefined,undefined
5975,6060,C6:9F:DB:89:84:68,Unknown,undefined,undefined
5976,6061,C6:9F:DB:89:84:6C,Unknown,undefined,undefined
5977,6062,C6:9F:DB:89:84:71,Unknown,undefined,undefined
5978,6063,B0:B2:DC:02:C7:F1,ZyxelCom,undefined,undefined
5979,6063,C6:9F:DB:9B:24:83,Unknown,undefined,undefined
5980,6067,C8:3A:35:5F:09:48,TendaTec,undefined,undefined
5981,6068,C8:4C:75:19:12:60,Cisco,undefined,undefined
5982,6069,C8:4C:75:19:12:61,Cisco,undefined,undefined
5983,6070,C8:60:00:AB:49:F4,AsustekC,undefined,undefined
5984,6071,C8:6C:87:0A:D4:73,ZyxelCom,undefined,undefined
5985,6072,C8:7B:5B:A1:5E:20,Zte,undefined,undefined
5986,6075,C8:9C:1D:BE:38:40,Cisco,undefined,undefined
5987,6076,C8:9C:1D:BE:38:41,Cisco,undefined,undefined
5988,6077,C8:9C:1D:BE:38:43,Cisco,undefined,undefined
5989,6081,C8:B3:73:00:93:C9,Cisco-Li,undefined,undefined
5990,6081,EC:F0:0E:1D:33:BC,Abocom,undefined,undefined
5991,6082,C8:B3:73:01:62:C8,Cisco-Li,undefined,undefined
5992,6083,C8:B3:73:09:9F:A6,Cisco-Li,undefined,undefined
5993,6084,C8:B3:73:09:9F:A7,Cisco-Li,undefined,undefined
5994,6085,C8:B3:73:0E:E2:96,Cisco-Li,undefined,undefined
5995,6086,C8:B3:73:15:B1:1F,Cisco-Li,undefined,undefined
5996,6087,C8:B3:73:21:CE:30,Cisco-Li,undefined,undefined
5997,6088,C8:B3:73:24:88:57,Cisco-Li,undefined,undefined
5998,6089,C8:B3:73:2A:7D:F1,Cisco-Li,undefined,undefined
5999,6090,C8:B3:73:2C:92:32,Cisco-Li,undefined,undefined
6000,6091,C8:B3:73:2C:92:33,Cisco-Li,undefined,undefined
6001,6092,C8:B3:73:2D:1F:06,Cisco-Li,undefined,undefined
6002,6093,10:A5:D0:D6:35:C0,Unknown,undefined,undefined
6003,6093,40:0E:85:0E:5C:78,SamsungE,undefined,undefined
6004,6093,C8:B3:73:30:C8:A7,Cisco-Li,undefined,undefined
6005,6094,C8:B3:73:32:04:60,Cisco-Li,undefined,undefined
6006,6095,C8:B3:73:33:3E:F7,Cisco-Li,undefined,undefined
6007,6096,C8:B3:73:34:E6:0E,Cisco-Li,undefined,undefined
6008,6097,BC:67:78:AE:AC:3E,Apple,undefined,undefined
6009,6097,C8:B3:73:34:E6:0F,Cisco-Li,undefined,undefined
6010,6098,C8:B3:73:35:43:2B,Cisco-Li,undefined,undefined
6011,6099,C8:B3:73:35:43:2D,Cisco-Li,undefined,undefined
6012,6100,C8:B3:73:35:E8:07,Cisco-Li,undefined,undefined
6013,6101,C8:B3:73:35:E8:08,Cisco-Li,undefined,undefined
6014,6103,C8:B3:73:3F:B1:ED,Cisco-Li,undefined,undefined
6015,6104,C8:B3:73:40:A7:CC,Cisco-Li,undefined,undefined
6016,6105,C8:B3:73:43:9B:6C,Cisco-Li,undefined,undefined
6017,6106,C4:21:C8:17:E5:C6,Kyocera,undefined,undefined
6018,6106,C8:B3:73:43:9B:6D,Cisco-Li,undefined,undefined
6019,6107,C8:B3:73:45:ED:0C,Cisco-Li,undefined,undefined
6020,6108,C8:B3:73:45:ED:0D,Cisco-Li,undefined,undefined
6021,6109,C8:B3:73:45:ED:80,Cisco-Li,undefined,undefined
6022,6110,C8:B3:73:45:ED:81,Cisco-Li,undefined,undefined
6023,6111,C8:B3:73:51:5F:AC,Cisco-Li,undefined,undefined
6024,6112,C8:B3:73:51:5F:AE,Cisco-Li,undefined,undefined
6025,6114,C8:B3:73:55:B7:9C,Cisco-Li,undefined,undefined
6026,6114,C8:B3:73:55:B7:9E,Cisco-Li,undefined,undefined
6027,6115,C8:B3:73:55:B7:A0,Cisco-Li,undefined,undefined
6028,6116,28:E3:47:5C:4C:AB,Unknown,undefined,undefined
6029,6116,C8:B3:73:56:84:88,Cisco-Li,undefined,undefined
6030,6117,C8:B3:73:5A:6D:37,Cisco-Li,undefined,undefined
6031,6118,C8:B3:73:5A:8F:B5,Cisco-Li,undefined,undefined
6032,6119,C8:B3:73:5A:CD:43,Cisco-Li,undefined,undefined
6033,6121,04:DB:56:B4:AE:96,Apple,undefined,undefined
6034,6121,38:72:C0:93:36:42,Comtrend,undefined,undefined
6035,6121,C8:BE:19:08:C3:D0,D-LinkIn,undefined,undefined
6036,6121,D0:DF:9A:90:0E:38,LiteonTe,undefined,undefined
6037,6122,C8:BE:19:08:C3:F8,D-LinkIn,undefined,undefined
6038,6124,C8:BE:19:0A:A4:80,D-LinkIn,undefined,undefined
6039,6125,C8:BE:19:0A:A7:40,D-LinkIn,undefined,undefined
6040,6126,C8:BE:19:0A:AA:40,D-LinkIn,undefined,undefined
6041,6126,F4:EA:67:7E:98:F4,Cisco,undefined,undefined
6042,6127,C8:CB:B8:47:E6:91,HewlettP,undefined,undefined
6043,6128,C8:CB:B8:49:79:21,HewlettP,undefined,undefined
6044,6129,C8:CB:B8:4F:8E:55,HewlettP,undefined,undefined
6045,6130,C8:D3:A3:65:7F:6B,D-LinkIn,undefined,undefined
6046,6131,C8:D3:A3:72:C6:EE,D-LinkIn,undefined,undefined
6047,6132,8C:89:A5:68:5C:0F,Micro-St,undefined,undefined
6048,6132,C8:D7:19:02:A3:23,CiscoCon,undefined,undefined
6049,6133,C8:D7:19:03:6C:EB,CiscoCon,undefined,undefined
6050,6134,C8:D7:19:03:70:B7,CiscoCon,undefined,undefined
6051,6135,C8:D7:19:10:08:E9,CiscoCon,undefined,undefined
6052,6136,60:02:B4:F0:1D:25,WistronN,undefined,undefined
6053,6136,C8:D7:19:11:43:2E,CiscoCon,undefined,undefined
6054,6137,C8:D7:19:28:7F:8F,CiscoCon,undefined,undefined
6055,6138,C8:D7:19:3E:F2:2E,CiscoCon,undefined,undefined
6056,6139,C8:D7:19:40:08:CD,CiscoCon,undefined,undefined
6057,6140,90:8D:6C:95:7E:FC,Unknown,undefined,undefined
6058,6140,C8:D7:19:43:8E:E4,CiscoCon,undefined,undefined
6059,6140,C8:D7:19:43:8E:E5,CiscoCon,undefined,undefined
6060,6141,C8:D7:19:44:18:64,CiscoCon,undefined,undefined
6061,6142,C8:D7:19:46:8C:F3,CiscoCon,undefined,undefined
6062,6142,F4:F1:E1:61:25:FD,Unknown,undefined,undefined
6063,6143,C8:D7:19:49:D7:CE,CiscoCon,undefined,undefined
6064,6144,C8:D7:19:52:86:D0,CiscoCon,undefined,undefined
6065,6145,C8:D7:19:65:B8:74,CiscoCon,undefined,undefined
6066,6146,C8:D7:19:67:50:F8,CiscoCon,undefined,undefined
6067,6147,C8:D7:19:6E:46:00,CiscoCon,undefined,undefined
6068,6148,C8:D7:19:70:D9:E7,CiscoCon,undefined,undefined
6069,6149,C8:D7:19:73:5A:DF,CiscoCon,undefined,undefined
6070,6150,C8:D7:19:73:5A:E0,CiscoCon,undefined,undefined
6071,6151,C8:D7:19:75:2E:E2,CiscoCon,undefined,undefined
6072,6152,C8:D7:19:75:2E:E4,CiscoCon,undefined,undefined
6073,6153,C8:D7:19:7F:5E:59,CiscoCon,undefined,undefined
6074,6154,C8:D7:19:84:2E:B5,CiscoCon,undefined,undefined
6075,6155,C8:D7:19:84:95:EB,CiscoCon,undefined,undefined
6076,6156,C8:D7:19:90:2F:98,CiscoCon,undefined,undefined
6077,6156,C8:D7:19:90:2F:9A,CiscoCon,undefined,undefined
6078,6157,C8:D7:19:90:2F:9B,CiscoCon,undefined,undefined
6079,6158,C8:D7:19:9F:4B:39,CiscoCon,undefined,undefined
6080,6159,C8:D7:19:A5:D4:96,CiscoCon,undefined,undefined
6081,6160,C8:D7:19:A8:7F:48,CiscoCon,undefined,undefined
6082,6161,C8:D7:19:A8:A7:2B,CiscoCon,undefined,undefined
6083,6162,C8:D7:19:A8:A7:2C,CiscoCon,undefined,undefined
6084,6163,C8:D7:19:AB:67:00,CiscoCon,undefined,undefined
6085,6164,C8:D7:19:B0:5A:9B,CiscoCon,undefined,undefined
6086,6165,C8:D7:19:B0:5A:9D,CiscoCon,undefined,undefined
6087,6166,C8:D7:19:B6:B3:47,CiscoCon,undefined,undefined
6088,6167,C8:D7:19:B6:B3:49,CiscoCon,undefined,undefined
6089,6168,C8:D7:19:CF:24:C8,CiscoCon,undefined,undefined
6090,6169,C8:D7:19:CF:4E:AA,CiscoCon,undefined,undefined
6091,6170,C8:D7:19:D8:F2:7C,CiscoCon,undefined,undefined
6092,6171,C8:D7:19:DE:AB:67,CiscoCon,undefined,undefined
6093,6172,C8:D7:19:DE:AB:68,CiscoCon,undefined,undefined
6094,6173,C8:D7:19:E4:27:9B,CiscoCon,undefined,undefined
6095,6174,C8:D7:19:EF:6B:B3,CiscoCon,undefined,undefined
6096,6175,C8:D7:19:F0:92:86,CiscoCon,undefined,undefined
6097,6175,C8:D7:19:F0:92:88,CiscoCon,undefined,undefined
6098,6176,C8:D7:19:F9:E9:6C,CiscoCon,undefined,undefined
6099,6177,1C:99:4C:6A:A1:2F,MurataMa,UDP/TCP,192.168.33.139
6100,6177,C8:D7:19:F9:E9:6D,CiscoCon,undefined,undefined
6101,6178,C8:D7:19:FB:41:2D,CiscoCon,undefined,undefined
6102,6179,C8:D7:19:FD:19:DE,CiscoCon,undefined,undefined
6103,6180,C8:D7:19:FF:00:0D,CiscoCon,undefined,undefined
6104,6182,CA:04:15:8F:A8:99,Unknown,undefined,undefined
6105,6185,CA:9F:DB:6D:1E:A2,Unknown,undefined,undefined
6106,6186,CA:9F:DB:89:84:71,Unknown,undefined,undefined
6107,6189,CA:D7:19:40:08:CE,Unknown,undefined,undefined
6108,6190,CA:D7:19:43:8E:E7,Unknown,undefined,undefined
6109,6191,CA:D7:19:44:18:66,Unknown,undefined,undefined
6110,6192,CA:D7:19:44:A6:D9,Unknown,undefined,undefined
6111,6193,CA:D7:19:52:86:D2,Unknown,undefined,undefined
6112,6194,CA:D7:19:D8:F2:7E,Unknown,undefined,undefined
6113,6195,CA:D7:19:F0:92:8A,Unknown,undefined,undefined
6114,6196,CA:D7:19:FB:41:2E,Unknown,undefined,undefined
6115,6201,CC:5D:4E:47:1F:B9,ZyxelCom,undefined,undefined
6116,6202,CC:5D:4E:48:C7:34,ZyxelCom,undefined,undefined
6117,6203,CC:65:AD:21:5A:F0,Unknown,undefined,undefined
6118,6204,CC:65:AD:2C:0F:20,Unknown,undefined,undefined
6119,6205,CC:65:AD:40:AD:A0,Unknown,undefined,undefined
6120,6206,CC:65:AD:40:CB:C0,Unknown,undefined,undefined
6121,6207,CC:65:AD:4F:9B:30,Unknown,undefined,undefined
6122,6208,CC:65:AD:50:DF:B0,Unknown,undefined,undefined
6123,6209,00:21:63:39:7F:55,AskeyCom,undefined,undefined
6124,6209,00:90:A9:BE:28:B4,WesternD,undefined,undefined
6125,6209,CC:65:AD:54:63:30,Unknown,undefined,undefined
6126,6210,CC:65:AD:5A:54:80,Unknown,undefined,undefined
6127,6211,CC:65:AD:60:47:D0,Unknown,undefined,undefined
6128,6212,CC:65:AD:7C:AD:10,Unknown,undefined,undefined
6129,6213,CC:65:AD:8A:9C:20,Unknown,undefined,undefined
6130,6214,00:BB:3A:39:74:5C,Private,undefined,undefined
6131,6214,CC:65:AD:DF:24:00,Unknown,undefined,undefined
6132,6215,CC:65:AD:DF:32:C0,Unknown,undefined,undefined
6133,6216,CC:65:AD:DF:C2:60,Unknown,undefined,undefined
6134,6217,CC:65:AD:EE:D1:A0,Unknown,undefined,undefined
6135,6226,CC:7D:37:2E:A1:D3,ArrisGro,undefined,undefined
6136,6227,CC:7D:37:7E:EE:40,ArrisGro,undefined,undefined
6137,6231,CC:B2:55:8E:B1:D0,D-LinkIn,undefined,undefined
6138,6232,CC:B2:55:C9:38:52,D-LinkIn,undefined,undefined
6139,6232,DC:85:DE:91:4D:95,Azurewav,undefined,undefined
6140,6233,CC:B2:55:CC:29:69,D-LinkIn,undefined,undefined
6141,6234,CC:B2:55:D4:E4:AE,D-LinkIn,undefined,undefined
6142,6241,CC:D5:39:89:F5:B3,Cisco,undefined,undefined
6143,6242,CC:EF:48:87:62:71,Cisco,undefined,undefined
6144,6246,CE:95:D7:6B:06:BF,Unknown,undefined,undefined
6145,6248,CE:D7:19:02:A3:23,Unknown,undefined,undefined
6146,6249,CE:D7:19:03:70:B7,Unknown,undefined,undefined
6147,6250,CE:D7:19:0B:79:89,Unknown,undefined,undefined
6148,6251,CE:D7:19:11:43:2E,Unknown,undefined,undefined
6149,6260,D0:39:B3:24:6E:20,Unknown,undefined,undefined
6150,6261,D0:39:B3:31:A0:C0,Unknown,undefined,undefined
6151,6262,D0:39:B3:34:97:A0,Unknown,undefined,undefined
6152,6263,00:26:C7:16:8E:6C,IntelCor,undefined,undefined
6153,6263,D0:39:B3:34:D4:40,Unknown,undefined,undefined
6154,6264,D0:39:B3:3E:16:B0,Unknown,undefined,undefined
6155,6267,D0:57:4C:57:60:A0,Cisco,undefined,undefined
6156,6268,D0:57:4C:57:60:A3,Cisco,undefined,undefined
6157,6270,D0:57:85:8F:CF:40,Pantech,undefined,undefined
6158,6271,D0:57:85:90:5E:D4,Pantech,undefined,undefined
6159,6273,D0:66:7B:09:AF:43,SamsungE,undefined,undefined
6160,6277,D0:BF:9C:44:2A:24,Unknown,undefined,undefined
6161,6278,D0:BF:9C:A3:96:DB,Unknown,undefined,undefined
6162,6279,D0:C2:82:2C:A7:90,Cisco,undefined,undefined
6163,6280,D0:C2:82:2C:A7:91,Cisco,undefined,undefined
6164,6281,D0:C2:82:2C:A7:92,Cisco,undefined,undefined
6165,6282,D0:C2:82:2C:A7:93,Cisco,undefined,undefined
6166,6283,D0:C2:82:2D:33:A0,Cisco,undefined,undefined
6167,6284,D0:C2:82:2D:33:A1,Cisco,undefined,undefined
6168,6285,D0:C2:82:2D:33:A2,Cisco,undefined,undefined
6169,6286,D0:C2:82:2D:33:A3,Cisco,undefined,undefined
6170,6293,D4:C9:EF:00:81:67,HewlettP,undefined,undefined
6171,6294,D4:C9:EF:03:01:4A,HewlettP,undefined,undefined
6172,6296,D4:C9:EF:55:EC:03,HewlettP,undefined,undefined
6173,6297,AC:3C:0B:3E:78:60,Apple,undefined,undefined
6174,6297,C0:EE:FB:24:DA:FE,Unknown,UDP/TCP,192.168.200.174
6175,6297,D4:CA:6D:05:30:27,Routerbo,undefined,undefined
6176,6297,F8:27:93:9D:12:3C,Apple,undefined,undefined
6177,6298,D4:CA:6D:0A:65:B3,Routerbo,undefined,undefined
6178,6299,D4:CA:6D:12:87:E9,Routerbo,undefined,undefined
6179,6300,D4:CA:6D:26:A1:6B,Routerbo,undefined,undefined
6180,6301,D4:CA:6D:26:F7:D5,Routerbo,undefined,undefined
6181,6302,D4:CA:6D:92:EC:9F,Routerbo,undefined,undefined
6182,6304,D4:CA:6D:9F:54:2F,Routerbo,undefined,undefined
6183,6305,D4:CA:6D:A6:6D:37,Routerbo,undefined,undefined
6184,6306,D4:CA:6D:BC:62:03,Routerbo,undefined,undefined
6185,6307,D4:CA:6D:C7:97:0D,Routerbo,undefined,undefined
6186,6308,00:BB:3A:BC:AD:CE,Private,undefined,undefined
6187,6308,D4:CA:6D:F1:31:9D,Routerbo,undefined,undefined
6188,6308,D6:CA:6D:C8:AC:BD,Unknown,undefined,undefined
6189,6320,D6:CA:6D:12:87:E9,Unknown,undefined,undefined
6190,6321,D6:CA:6D:26:A1:6B,Unknown,undefined,undefined
6191,6322,D6:CA:6D:26:A1:6C,Unknown,undefined,undefined
6192,6323,D6:CA:6D:26:F7:D5,Unknown,undefined,undefined
6193,6324,D6:CA:6D:92:EC:9F,Unknown,undefined,undefined
6194,6325,D6:CA:6D:C8:AC:BD,Unknown,undefined,undefined
6195,6330,D8:49:2F:12:FB:1E,Unknown,undefined,undefined
6196,6332,D8:50:E6:58:26:10,AsustekC,undefined,undefined
6197,6333,D8:50:E6:58:26:11,AsustekC,undefined,undefined
6198,6334,D8:50:E6:59:01:C0,AsustekC,undefined,undefined
6199,6335,D8:50:E6:59:01:C1,AsustekC,undefined,undefined
6200,6337,70:1A:04:B0:EA:34,LiteonTe,undefined,undefined
6201,6337,D8:50:E6:A8:1D:88,AsustekC,undefined,undefined
6202,6338,D8:50:E6:B0:A3:50,AsustekC,undefined,undefined
6203,6339,D8:5D:4C:D3:11:38,Tp-LinkT,undefined,undefined
6204,6342,D8:9D:67:3A:D5:78,HewlettP,undefined,undefined
6205,6343,D8:9D:67:AB:6B:1A,HewlettP,undefined,undefined
6206,6344,D8:9D:67:AF:F4:CF,HewlettP,undefined,undefined
6207,6345,D8:9D:67:E3:A2:E5,HewlettP,undefined,undefined
6208,6346,D8:9D:67:E5:D3:89,HewlettP,undefined,undefined
6209,6347,D8:9D:67:E9:7D:95,HewlettP,undefined,undefined
6210,6354,D8:C7:C8:48:30:40,ArubaNet,undefined,undefined
6211,6355,D8:C7:C8:48:30:43,ArubaNet,undefined,undefined
6212,6356,D8:C7:C8:48:30:44,ArubaNet,undefined,undefined
6213,6357,D8:C7:C8:48:30:45,ArubaNet,undefined,undefined
6214,6358,D8:C7:C8:48:31:20,ArubaNet,undefined,undefined
6215,6359,D8:C7:C8:48:31:23,ArubaNet,undefined,undefined
6216,6360,D8:C7:C8:48:31:63,ArubaNet,undefined,undefined
6217,6361,D8:C7:C8:4D:BD:C0,ArubaNet,undefined,undefined
6218,6362,D8:C7:C8:4D:BD:C3,ArubaNet,undefined,undefined
6219,6363,D8:C7:C8:4D:BD:C4,ArubaNet,undefined,undefined
6220,6364,D8:C7:C8:4D:BD:C5,ArubaNet,undefined,undefined
6221,6365,D8:C7:C8:4D:C0:A0,ArubaNet,undefined,undefined
6222,6366,D8:C7:C8:4D:C0:A3,ArubaNet,undefined,undefined
6223,6367,D8:C7:C8:4D:C2:63,ArubaNet,undefined,undefined
6224,6368,D8:C7:C8:4D:DB:60,ArubaNet,undefined,undefined
6225,6369,D8:C7:C8:4D:DB:63,ArubaNet,undefined,undefined
6226,6370,D8:C7:C8:4D:DB:64,ArubaNet,undefined,undefined
6227,6371,D8:C7:C8:4D:DB:80,ArubaNet,undefined,undefined
6228,6372,D8:C7:C8:4D:DB:83,ArubaNet,undefined,undefined
6229,6373,D8:C7:C8:4D:DB:84,ArubaNet,undefined,undefined
6230,6374,D8:C7:C8:4D:DB:A3,ArubaNet,undefined,undefined
6231,6375,D8:C7:C8:4D:DB:C0,ArubaNet,undefined,undefined
6232,6376,D8:C7:C8:4D:DB:C3,ArubaNet,undefined,undefined
6233,6377,D8:C7:C8:4D:DB:C4,ArubaNet,undefined,undefined
6234,6378,D8:C7:C8:4D:DB:C5,ArubaNet,undefined,undefined
6235,6379,D8:C7:C8:4D:DB:E3,ArubaNet,undefined,undefined
6236,6380,D8:C7:C8:4D:DC:40,ArubaNet,undefined,undefined
6237,6381,D8:C7:C8:4D:DC:43,ArubaNet,undefined,undefined
6238,6382,D8:C7:C8:4D:DC:45,ArubaNet,undefined,undefined
6239,6383,D8:C7:C8:4D:DC:83,ArubaNet,undefined,undefined
6240,6385,D8:C7:C8:4D:DC:E0,ArubaNet,undefined,undefined
6241,6386,D8:C7:C8:4D:DC:E3,ArubaNet,undefined,undefined
6242,6387,D8:C7:C8:4D:DC:E4,ArubaNet,undefined,undefined
6243,6388,D8:C7:C8:4D:DC:E5,ArubaNet,undefined,undefined
6244,6389,D8:C7:C8:4D:DD:23,ArubaNet,undefined,undefined
6245,6390,D8:C7:C8:4D:DD:63,ArubaNet,undefined,undefined
6246,6391,D8:C7:C8:4D:DD:64,ArubaNet,undefined,undefined
6247,6392,D8:C7:C8:4D:DD:E4,ArubaNet,undefined,undefined
6248,6393,D8:C7:C8:4D:DD:E5,ArubaNet,undefined,undefined
6249,6394,D8:C7:C8:4D:DE:03,ArubaNet,undefined,undefined
6250,6395,D8:C7:C8:4D:DE:23,ArubaNet,undefined,undefined
6251,6396,D8:C7:C8:4D:DE:24,ArubaNet,undefined,undefined
6252,6397,D8:C7:C8:4D:DE:25,ArubaNet,undefined,undefined
6253,6398,D8:C7:C8:4D:DE:83,ArubaNet,undefined,undefined
6254,6399,D8:C7:C8:4D:DE:A3,ArubaNet,undefined,undefined
6255,6400,D8:C7:C8:4D:DF:03,ArubaNet,undefined,undefined
6256,6401,D8:C7:C8:4D:E0:23,ArubaNet,undefined,undefined
6257,6402,D8:C7:C8:4D:E1:83,ArubaNet,undefined,undefined
6258,6403,D8:C7:C8:4D:E1:84,ArubaNet,undefined,undefined
6259,6404,D8:C7:C8:4D:E1:85,ArubaNet,undefined,undefined
6260,6405,74:75:48:65:54:C7,Unknown,undefined,undefined
6261,6405,D8:C7:C8:4D:E1:C4,ArubaNet,undefined,undefined
6262,6406,D8:C7:C8:4D:E2:C0,ArubaNet,undefined,undefined
6263,6407,D8:C7:C8:4D:E2:C3,ArubaNet,undefined,undefined
6264,6408,D8:C7:C8:4D:E2:C5,ArubaNet,undefined,undefined
6265,6409,D4:F4:6F:43:45:89,Unknown,undefined,undefined
6266,6409,D8:C7:C8:4D:E3:40,ArubaNet,undefined,undefined
6267,6410,50:1A:C5:30:E0:E2,Unknown,undefined,undefined
6268,6410,CC:FB:65:F2:E5:D8,Nintendo,ARP,10.15.29.14
6269,6410,D8:C7:C8:4D:E3:43,ArubaNet,undefined,undefined
6270,6411,D8:C7:C8:4D:E3:44,ArubaNet,undefined,undefined
6271,6412,D8:C7:C8:4D:E3:45,ArubaNet,undefined,undefined
6272,6413,D8:C7:C8:4D:E3:A0,ArubaNet,undefined,undefined
6273,6414,D8:C7:C8:4D:E3:A3,ArubaNet,undefined,undefined
6274,6415,D8:C7:C8:4D:E3:E0,ArubaNet,undefined,undefined
6275,6416,D8:C7:C8:4D:E3:E3,ArubaNet,undefined,undefined
6276,6417,D8:C7:C8:4D:E3:E4,ArubaNet,undefined,undefined
6277,6418,D8:C7:C8:4D:E3:E5,ArubaNet,undefined,undefined
6278,6419,D8:C7:C8:4D:E4:A0,ArubaNet,undefined,undefined
6279,6420,D8:C7:C8:4D:E4:A3,ArubaNet,undefined,undefined
6280,6421,D8:C7:C8:4D:E4:A4,ArubaNet,undefined,undefined
6281,6422,D8:C7:C8:4D:E4:A5,ArubaNet,undefined,undefined
6282,6423,D8:C7:C8:4D:E4:E3,ArubaNet,undefined,undefined
6283,6424,D8:C7:C8:4D:E4:E5,ArubaNet,undefined,undefined
6284,6425,D8:C7:C8:4D:E6:E0,ArubaNet,undefined,undefined
6285,6426,D8:C7:C8:4D:E6:E2,ArubaNet,undefined,undefined
6286,6427,D8:C7:C8:4D:E6:E3,ArubaNet,undefined,undefined
6287,6428,68:7F:74:69:06:4D,Cisco-Li,undefined,undefined
6288,6428,D8:C7:C8:4D:E7:63,ArubaNet,undefined,undefined
6289,6429,D8:C7:C8:4D:E8:80,ArubaNet,undefined,undefined
6290,6430,D8:C7:C8:4D:E8:83,ArubaNet,undefined,undefined
6291,6431,00:1A:EF:3A:E1:4F,Loopcomm,undefined,undefined
6292,6431,4C:0B:BE:C8:66:DA,Unknown,undefined,undefined
6293,6431,74:75:48:65:54:C7,Unknown,undefined,undefined
6294,6431,A4:17:31:36:47:A3,HonHaiPr,undefined,undefined
6295,6431,D0:4F:7E:24:EC:DE,Unknown,undefined,undefined
6296,6431,D8:C7:C8:4D:E8:84,ArubaNet,undefined,undefined
6297,6431,F4:F9:51:D6:4E:2D,Apple,undefined,undefined
6298,6432,D8:C7:C8:4D:E8:85,ArubaNet,undefined,undefined
6299,6433,D8:C7:C8:7D:7B:70,ArubaNet,undefined,undefined
6300,6434,D8:C7:C8:96:95:90,ArubaNet,undefined,undefined
6301,6435,D8:C7:C8:96:95:93,ArubaNet,undefined,undefined
6302,6436,D8:C7:C8:96:9A:B0,ArubaNet,undefined,undefined
6303,6437,D8:C7:C8:96:9A:B3,ArubaNet,undefined,undefined
6304,6438,D8:C7:C8:96:9A:B4,ArubaNet,undefined,undefined
6305,6439,D8:C7:C8:96:A9:03,ArubaNet,undefined,undefined
6306,6441,D8:C7:C8:96:AB:33,ArubaNet,undefined,undefined
6307,6442,D8:C7:C8:96:AB:34,ArubaNet,undefined,undefined
6308,6443,D8:C7:C8:DE:92:60,ArubaNet,undefined,undefined
6309,6444,D8:C7:C8:DE:92:62,ArubaNet,undefined,undefined
6310,6445,D8:C7:C8:DE:92:63,ArubaNet,undefined,undefined
6311,6446,D8:C7:C8:DE:92:64,ArubaNet,undefined,undefined
6312,6455,D8:EB:97:A4:20:F7,Trendnet,undefined,undefined
6313,6456,D8:EB:97:A9:C6:F0,Trendnet,undefined,undefined
6314,6457,D8:FE:E3:80:2A:A8,D-LinkIn,undefined,undefined
6315,6458,D8:FE:E3:81:CC:32,D-LinkIn,undefined,undefined
6316,6459,D8:FE:E3:FE:BD:FF,D-LinkIn,undefined,undefined
6317,6467,DC:3A:5E:13:30:87,Roku,undefined,undefined
6318,6468,DC:3A:5E:15:E6:2F,Roku,undefined,undefined
6319,6469,DC:3A:5E:21:A8:1F,Roku,undefined,undefined
6320,6470,DC:3A:5E:43:36:83,Roku,undefined,undefined
6321,6471,DC:3A:5E:44:DB:BF,Roku,undefined,undefined
6322,6472,DC:3A:5E:62:FB:9B,Roku,undefined,undefined
6323,6473,DC:3A:5E:63:4E:77,Roku,undefined,undefined
6324,6474,DC:3A:5E:63:BB:CB,Roku,undefined,undefined
6325,6475,DC:3A:5E:6B:FF:7D,Roku,undefined,undefined
6326,6476,DC:3A:5E:96:8F:DD,Roku,undefined,undefined
6327,6477,DC:3A:5E:96:9A:79,Roku,undefined,undefined
6328,6478,DC:3A:5E:BC:A2:91,Roku,undefined,undefined
6329,6479,DC:3A:5E:D9:21:1B,Roku,undefined,undefined
6330,6480,DC:3A:5E:D9:74:73,Roku,undefined,undefined
6331,6481,DC:3A:5E:D9:CF:11,Roku,undefined,undefined
6332,6482,DC:3A:5E:D9:F4:6D,Roku,undefined,undefined
6333,6483,DC:45:17:13:6A:B0,ArrisGro,undefined,undefined
6334,6484,DC:45:17:1F:72:40,ArrisGro,undefined,undefined
6335,6485,DC:45:17:79:A0:70,ArrisGro,undefined,undefined
6336,6486,DC:45:17:B4:F1:00,ArrisGro,undefined,undefined
6337,6487,DC:45:17:B6:5C:70,ArrisGro,undefined,undefined
6338,6488,DC:45:17:B7:CF:00,ArrisGro,undefined,undefined
6339,6488,F4:DC:F9:D5:96:D5,Unknown,undefined,undefined
6340,6489,DC:45:17:BD:EB:D0,ArrisGro,undefined,undefined
6341,6491,DC:7B:94:35:21:50,Cisco,undefined,undefined
6342,6492,DC:7B:94:35:21:53,Cisco,undefined,undefined
6343,6501,DC:85:DE:58:BA:76,Azurewav,undefined,undefined
6344,6504,00:50:C2:80:65:1F,IeeeRegi,undefined,undefined
6345,6504,DC:9B:9C:F0:AB:60,Unknown,undefined,undefined
6346,6505,DC:9F:DB:02:02:75,Ubiquiti,undefined,undefined
6347,6506,DC:9F:DB:02:51:5D,Ubiquiti,undefined,undefined
6348,6506,DC:9F:DB:08:CE:C9,Ubiquiti,undefined,undefined
6349,6507,DC:9F:DB:02:D8:5B,Ubiquiti,undefined,undefined
6350,6508,DC:9F:DB:08:31:09,Ubiquiti,undefined,undefined
6351,6509,DC:9F:DB:1C:A0:DD,Ubiquiti,undefined,undefined
6352,6510,DC:9F:DB:1C:BF:58,Ubiquiti,undefined,undefined
6353,6511,28:18:78:D0:A4:97,Microsof,undefined,undefined
6354,6511,DC:9F:DB:1C:FB:43,Ubiquiti,undefined,undefined
6355,6513,DC:9F:DB:30:8B:B4,Ubiquiti,undefined,undefined
6356,6514,DC:9F:DB:32:2E:D9,Ubiquiti,undefined,undefined
6357,6515,DC:9F:DB:34:90:7D,Ubiquiti,undefined,undefined
6358,6516,DC:9F:DB:3C:59:16,Ubiquiti,undefined,undefined
6359,6517,08:3D:88:B0:41:59,Unknown,undefined,undefined
6360,6517,7C:ED:8D:B1:5C:D7,Microsof,undefined,undefined
6361,6517,DC:9F:DB:54:BA:B9,Ubiquiti,undefined,undefined
6362,6518,DC:9F:DB:64:FD:CB,Ubiquiti,undefined,undefined
6363,6519,DC:9F:DB:66:01:51,Ubiquiti,undefined,undefined
6364,6520,00:0F:34:9C:6D:12,Cisco,undefined,undefined
6365,6520,00:15:6D:F6:4A:74,Ubiquiti,UDP/TCP,64.25.203.154
6366,6520,00:25:90:02:40:63,SuperMic,ARP,64.25.203.129
6367,6520,DC:9F:DB:A6:39:17,Ubiquiti,undefined,undefined
6368,6521,DC:9F:DB:B2:40:57,Ubiquiti,undefined,undefined
6369,6522,DC:9F:DB:F3:2B:C5,Ubiquiti,undefined,undefined
6370,6523,DC:FB:02:3B:6F:98,Buffalo,undefined,undefined
6371,6524,84:3A:4B:80:5D:94,IntelCor,undefined,undefined
6372,6524,DC:FB:02:7B:14:61,Buffalo,undefined,undefined
6373,6525,DC:FB:02:C9:92:1C,Buffalo,undefined,undefined
6374,6530,DE:9F:DB:64:FD:CB,Unknown,undefined,undefined
6375,6531,DE:9F:DB:66:01:51,Unknown,undefined,undefined
6376,6532,DE:9F:DB:B2:40:57,Unknown,undefined,undefined
6377,6536,E0:10:7F:11:5F:28,Unknown,undefined,undefined
6378,6537,E0:10:7F:3B:7F:58,Unknown,undefined,undefined
6379,6538,E0:10:7F:51:5F:28,Unknown,undefined,undefined
6380,6539,E0:10:7F:91:5F:28,Unknown,undefined,undefined
6381,6540,B8:97:5A:03:F0:3D,BiostarM,undefined,undefined
6382,6540,E0:3F:49:02:1F:70,Unknown,undefined,undefined
6383,6541,00:24:01:79:1C:CD,D-Link,undefined,undefined
6384,6541,40:F4:07:A7:B3:DE,Nintendo,undefined,undefined
6385,6541,E0:3F:49:29:57:18,Unknown,undefined,undefined
6386,6542,E0:3F:49:93:66:48,Unknown,undefined,undefined
6387,6543,E0:3F:49:94:95:28,Unknown,undefined,undefined
6388,6544,C8:D7:19:2B:0F:F5,CiscoCon,undefined,undefined
6389,6544,E0:3F:49:94:95:29,Unknown,undefined,undefined
6390,6545,E0:3F:49:98:02:B0,Unknown,undefined,undefined
6391,6546,E0:3F:49:98:9F:E8,Unknown,undefined,undefined
6392,6547,E0:3F:49:98:D1:18,Unknown,undefined,undefined
6393,6548,E0:3F:49:9A:99:D8,Unknown,undefined,undefined
6394,6548,E8:9A:8F:0D:F4:3A,QuantaCo,undefined,undefined
6395,6550,E0:3F:49:E3:AD:49,Unknown,undefined,undefined
6396,6551,E0:3F:49:E3:C1:C1,Unknown,undefined,undefined
6397,6552,00:30:67:67:51:16,BiostarM,undefined,undefined
6398,6552,40:16:7E:A6:34:8D,Unknown,undefined,undefined
6399,6552,E0:3F:49:E6:24:60,Unknown,undefined,undefined
6400,6553,E0:3F:49:E6:24:61,Unknown,undefined,undefined
6401,6554,E0:3F:49:F0:B0:E8,Unknown,undefined,undefined
6402,6555,E0:3F:49:F0:B0:E9,Unknown,undefined,undefined
6403,6556,E0:46:9A:34:02:C7,Netgear,undefined,undefined
6404,6557,E0:46:9A:34:27:15,Netgear,undefined,undefined
6405,6558,E0:46:9A:35:11:EE,Netgear,undefined,undefined
6406,6559,34:23:BA:9F:48:51,SamsungE,undefined,undefined
6407,6559,E0:46:9A:35:72:D8,Netgear,undefined,undefined
6408,6561,E0:46:9A:4C:CB:44,Netgear,undefined,undefined
6409,6562,E0:46:9A:4D:0E:F8,Netgear,undefined,undefined
6410,6563,E0:46:9A:4F:7A:3D,Netgear,undefined,undefined
6411,6564,E0:46:9A:55:FD:B1,Netgear,undefined,undefined
6412,6565,E0:46:9A:56:1B:BF,Netgear,undefined,undefined
6413,6566,E0:46:9A:56:75:D9,Netgear,undefined,undefined
6414,6567,E0:46:9A:58:5B:92,Netgear,undefined,undefined
6415,6568,E0:46:9A:5B:09:6E,Netgear,undefined,undefined
6416,6569,E0:46:9A:6A:95:60,Netgear,undefined,undefined
6417,6570,E0:46:9A:6F:C0:4A,Netgear,undefined,undefined
6418,6571,E0:46:9A:74:1A:CD,Netgear,undefined,undefined
6419,6572,E0:46:9A:77:67:2A,Netgear,undefined,undefined
6420,6573,E0:46:9A:77:D5:5C,Netgear,undefined,undefined
6421,6574,E0:46:9A:84:D2:C4,Netgear,undefined,undefined
6422,6575,E0:46:9A:85:26:40,Netgear,undefined,undefined
6423,6576,50:E5:49:32:3D:32,Giga-Byt,undefined,undefined
6424,6576,E0:46:9A:B1:4B:EE,Netgear,undefined,undefined
6425,6577,E0:46:9A:E4:1F:7B,Netgear,undefined,undefined
6426,6578,E0:46:9A:E7:E9:0C,Netgear,undefined,undefined
6427,6579,E0:46:9A:E7:EC:8C,Netgear,undefined,undefined
6428,6580,E0:46:9A:E7:ED:5E,Netgear,undefined,undefined
6429,6581,E0:46:9A:E8:46:E4,Netgear,undefined,undefined
6430,6599,E0:91:F5:0D:21:B1,Netgear,undefined,undefined
6431,6600,E0:91:F5:0F:4D:2D,Netgear,undefined,undefined
6432,6602,E0:91:F5:5D:C2:46,Netgear,undefined,undefined
6433,6603,E0:91:F5:5D:C2:4A,Netgear,undefined,undefined
6434,6604,E0:91:F5:64:C5:08,Netgear,undefined,undefined
6435,6605,E0:91:F5:65:E6:08,Netgear,undefined,undefined
6436,6606,E0:91:F5:6C:AD:40,Netgear,undefined,undefined
6437,6607,E0:91:F5:71:66:D2,Netgear,undefined,undefined
6438,6608,E0:91:F5:76:EF:CD,Netgear,undefined,undefined
6439,6609,E0:91:F5:77:3E:18,Netgear,undefined,undefined
6440,6610,E0:91:F5:80:16:92,Netgear,undefined,undefined
6441,6611,E0:91:F5:85:E6:C2,Netgear,undefined,undefined
6442,6612,E0:91:F5:8A:12:32,Netgear,undefined,undefined
6443,6613,E0:91:F5:A0:A5:50,Netgear,undefined,undefined
6444,6614,E0:91:F5:A7:17:30,Netgear,undefined,undefined
6445,6615,E0:91:F5:AB:02:22,Netgear,undefined,undefined
6446,6616,E0:91:F5:B5:15:A8,Netgear,undefined,undefined
6447,6617,E0:91:F5:CA:40:16,Netgear,undefined,undefined
6448,6618,E0:91:F5:CB:27:92,Netgear,undefined,undefined
6449,6619,E0:91:F5:CC:5B:94,Netgear,undefined,undefined
6450,6620,A0:D3:C1:13:24:D4,Unknown,undefined,undefined
6451,6620,E0:91:F5:CE:6A:66,Netgear,undefined,undefined
6452,6621,E0:91:F5:D7:E2:EC,Netgear,undefined,undefined
6453,6622,E0:91:F5:E6:BC:A4,Netgear,undefined,undefined
6454,6623,E0:91:F5:F0:73:07,Netgear,undefined,undefined
6455,6624,E0:91:F5:F9:5E:F4,Netgear,undefined,undefined
6456,6628,E0:CA:94:E4:C6:DF,AskeyCom,undefined,undefined
6457,6637,E0:CB:4E:1E:C2:1D,AsustekC,undefined,undefined
6458,6638,E0:CB:4E:6E:1B:E8,AsustekC,undefined,undefined
6459,6639,E0:D1:73:6A:27:A0,Unknown,undefined,undefined
6460,6640,E0:D1:73:6A:27:A1,Unknown,undefined,undefined
6461,6649,E4:64:49:05:09:EF,ArrisGro,undefined,undefined
6462,6650,E4:64:49:0F:89:51,ArrisGro,undefined,undefined
6463,6651,E4:64:49:0F:8B:01,ArrisGro,undefined,undefined
6464,6652,E4:71:85:02:82:64,Securifi,undefined,undefined
6465,6653,20:4E:7F:ED:7C:FB,Netgear,undefined,undefined
6466,6653,54:27:1E:61:9D:D0,Unknown,undefined,undefined
6467,6653,E4:71:85:10:35:E8,Securifi,undefined,undefined
6468,6654,E4:71:85:10:D6:FC,Securifi,undefined,undefined
6469,6655,E4:71:85:12:66:08,Securifi,undefined,undefined
6470,6656,E4:83:99:22:B3:13,ArrisGro,undefined,undefined
6471,6658,E4:95:6E:04:58:A0,Unknown,undefined,undefined
6472,6659,E4:95:6E:05:49:20,Unknown,undefined,undefined
6473,6662,E4:E0:C5:07:03:1E,SamsungE,undefined,undefined
6474,6663,E4:F4:C6:00:47:20,Unknown,undefined,undefined
6475,6664,E0:69:95:8D:0F:1D,Pegatron,undefined,undefined
6476,6664,E4:F4:C6:01:06:FC,Unknown,undefined,undefined
6477,6665,E4:F4:C6:01:7F:0E,Unknown,undefined,undefined
6478,6666,E4:F4:C6:03:1B:43,Unknown,undefined,undefined
6479,6667,00:00:00:00:00:00,Unknown,undefined,undefined
6480,6667,04:DB:56:28:73:3B,Apple,undefined,undefined
6481,6667,68:AE:20:18:58:3F,Unknown,undefined,undefined
6482,6667,E4:CE:8F:60:7D:F7,Apple,undefined,undefined
6483,6667,E4:F4:C6:03:58:24,Unknown,undefined,undefined
6484,6667,E8:5B:5B:47:A0:9B,LgElectr,undefined,undefined
6485,6668,02:0F:B5:2D:03:3A,Unknown,undefined,undefined
6486,6668,E4:F4:C6:03:86:5C,Unknown,undefined,undefined
6487,6669,E4:F4:C6:08:6C:A4,Unknown,undefined,undefined
6488,6670,E4:F4:C6:0A:90:E1,Unknown,undefined,undefined
6489,6671,2C:D0:5A:E9:CD:6E,LiteonTe,undefined,undefined
6490,6671,E4:F4:C6:0B:56:BD,Unknown,undefined,undefined
6491,6672,E4:F4:C6:0B:57:EC,Unknown,undefined,undefined
6492,6673,00:90:F5:D6:BD:E9,Clevo,undefined,undefined
6493,6673,E4:F4:C6:0D:44:7F,Unknown,undefined,undefined
6494,6674,E4:F4:C6:0E:C3:5C,Unknown,undefined,undefined
6495,6675,E4:F4:C6:0F:74:80,Unknown,undefined,undefined
6496,6676,E4:F4:C6:10:26:A2,Unknown,undefined,undefined
6497,6676,E4:F4:C6:10:26:A5,Unknown,undefined,undefined
6498,6676,FC:C2:DE:6B:18:13,Unknown,undefined,undefined
6499,6677,E4:F4:C6:10:88:35,Unknown,undefined,undefined
6500,6678,E4:F4:C6:11:0C:CE,Unknown,undefined,undefined
6501,6679,E4:F4:C6:14:18:A4,Unknown,undefined,undefined
6502,6680,E4:F4:C6:17:7F:AC,Unknown,undefined,undefined
6503,6681,E4:F4:C6:1B:B3:80,Unknown,undefined,undefined
6504,6682,E4:F4:C6:50:10:1C,Unknown,undefined,undefined
6505,6683,E4:F4:C6:D4:B8:08,Unknown,undefined,undefined
6506,6684,E4:F4:C6:D5:5D:2E,Unknown,undefined,undefined
6507,6685,E4:F4:C6:DE:E7:92,Unknown,undefined,undefined
6508,6686,E4:F4:C6:DE:F4:7C,Unknown,undefined,undefined
6509,6687,E4:F4:C6:DF:05:52,Unknown,undefined,undefined
6510,6688,E4:F4:C6:DF:57:ED,Unknown,undefined,undefined
6511,6689,E4:F4:C6:DF:C0:D6,Unknown,undefined,undefined
6512,6690,E4:F4:C6:E0:23:1A,Unknown,undefined,undefined
6513,6691,E4:F4:C6:E0:2F:BC,Unknown,undefined,undefined
6514,6692,E4:F4:C6:E0:85:3E,Unknown,undefined,undefined
6515,6693,E4:F4:C6:E0:A7:4A,Unknown,undefined,undefined
6516,6694,E4:F4:C6:E0:B5:24,Unknown,undefined,undefined
6517,6695,E4:F4:C6:E1:BE:19,Unknown,undefined,undefined
6518,6696,68:A8:6D:2B:DE:8E,Apple,undefined,undefined
6519,6696,E4:F4:C6:E1:C8:4B,Unknown,undefined,undefined
6520,6697,E4:F4:C6:E1:CC:AD,Unknown,undefined,undefined
6521,6698,E4:F4:C6:E5:96:A4,Unknown,undefined,undefined
6522,6699,E4:F4:C6:E6:B5:8F,Unknown,undefined,undefined
6523,6700,E4:F4:C6:E6:FB:54,Unknown,undefined,undefined
6524,6701,E4:F4:C6:F0:E7:59,Unknown,undefined,undefined
6525,6702,E4:F4:C6:F4:B2:C0,Unknown,undefined,undefined
6526,6703,E4:F4:C6:F5:43:17,Unknown,undefined,undefined
6527,6704,E4:F4:C6:F5:4F:FB,Unknown,undefined,undefined
6528,6705,E4:F4:C6:F5:6D:CD,Unknown,undefined,undefined
6529,6707,E4:F4:CE:E0:2D:DA,Unknown,undefined,undefined
6530,6711,E6:46:9A:37:AB:81,Unknown,undefined,undefined
6531,6715,E6:F4:C6:03:1B:44,Unknown,undefined,undefined
6532,6716,E6:F4:C6:0E:C3:5D,Unknown,undefined,undefined
6533,6717,7C:7A:91:33:AE:7D,IntelCor,undefined,undefined
6534,6717,E4:F4:C6:0F:74:80,Unknown,UDP/TCP,192.168.1.6
6535,6717,E6:F4:C6:0F:74:81,Unknown,undefined,undefined
6536,6718,6C:3B:E5:1E:49:5A,HewlettP,undefined,undefined
6537,6718,E4:F4:C6:17:7F:AC,Unknown,undefined,undefined
6538,6718,E6:F4:C6:17:7F:AD,Unknown,undefined,undefined
6539,6719,E6:F4:C6:D7:7B:09,Unknown,undefined,undefined
6540,6721,E8:33:81:04:5F:50,Unknown,undefined,undefined
6541,6722,E8:33:81:07:E2:F0,Unknown,undefined,undefined
6542,6723,E8:33:81:43:A8:B0,Unknown,undefined,undefined
6543,6724,E8:33:81:64:3C:C0,Unknown,undefined,undefined
6544,6725,E8:33:81:A4:95:20,Unknown,undefined,undefined
6545,6726,E8:40:40:79:90:30,Cisco,undefined,undefined
6546,6727,E8:40:40:79:90:34,Cisco,undefined,undefined
6547,6728,E8:40:40:79:90:35,Cisco,undefined,undefined
6548,6729,E8:40:40:79:90:36,Cisco,undefined,undefined
6549,6730,E8:40:40:79:90:39,Cisco,undefined,undefined
6550,6731,E8:40:40:DE:AB:70,Cisco,undefined,undefined
6551,6732,E8:40:40:DE:AB:72,Cisco,undefined,undefined
6552,6733,E8:40:40:DE:AB:75,Cisco,undefined,undefined
6553,6734,E8:40:40:DE:AB:77,Cisco,undefined,undefined
6554,6736,E8:40:40:DE:AF:80,Cisco,undefined,undefined
6555,6737,E8:40:40:DE:AF:82,Cisco,undefined,undefined
6556,6738,E8:40:40:DE:AF:84,Cisco,undefined,undefined
6557,6739,E8:40:40:DE:AF:86,Cisco,undefined,undefined
6558,6740,E8:40:40:DE:AF:87,Cisco,undefined,undefined
6559,6741,0C:B3:19:0C:EF:A7,Unknown,undefined,undefined
6560,6741,18:67:B0:55:4F:9D,SamsungE,undefined,undefined
6561,6741,AC:B5:7D:6B:7D:A9,Unknown,undefined,undefined
6562,6741,E8:40:40:DE:AF:89,Cisco,undefined,undefined
6563,6742,E8:40:40:DE:B1:30,Cisco,undefined,undefined
6564,6743,E8:40:40:DE:B1:36,Cisco,undefined,undefined
6565,6744,E8:40:40:DE:B1:37,Cisco,undefined,undefined
6566,6745,E8:61:7E:2D:15:53,Unknown,undefined,undefined
6567,6748,E8:8D:28:5D:16:07,Apple,undefined,undefined
6568,6749,E8:8D:28:5E:E2:49,Apple,undefined,undefined
6569,6750,E8:8D:28:57:F7:B0,Apple,undefined,undefined
6570,6750,E8:8D:28:5F:6A:09,Apple,undefined,undefined
6571,6751,E8:94:F6:41:78:38,Tp-LinkT,undefined,undefined
6572,6752,E8:94:F6:4B:C2:44,Tp-LinkT,undefined,undefined
6573,6753,64:B8:53:83:50:30,Unknown,undefined,undefined
6574,6753,E8:94:F6:50:03:C6,Tp-LinkT,undefined,undefined
6575,6754,1C:99:4C:3A:49:18,MurataMa,undefined,undefined
6576,6754,E8:94:F6:CF:D4:C4,Tp-LinkT,undefined,undefined
6577,6755,E8:94:F6:F9:DD:4E,Tp-LinkT,undefined,undefined
6578,6764,E8:B7:48:26:A1:80,Cisco,undefined,undefined
6579,6765,E8:B7:48:26:A1:81,Cisco,undefined,undefined
6580,6766,00:26:98:06:F6:41,Cisco,undefined,undefined
6581,6766,E8:BA:70:C3:A5:80,Cisco,undefined,undefined
6582,6767,E8:BA:70:E6:76:20,Cisco,undefined,undefined
6583,6768,E8:BA:70:F8:A6:E0,Cisco,undefined,undefined
6584,6770,E8:DE:27:57:2B:09,Tp-LinkT,undefined,undefined
6585,6771,E8:DE:27:63:16:2A,Tp-LinkT,undefined,undefined
6586,6772,E8:DE:27:7F:09:A3,Tp-LinkT,undefined,undefined
6587,6774,E8:FC:AF:7C:87:D8,Unknown,undefined,undefined
6588,6775,E8:FC:AF:7E:75:5E,Unknown,undefined,undefined
6589,6776,E8:FC:AF:7E:75:67,Unknown,undefined,undefined
6590,6777,E8:FC:AF:7E:75:8E,Unknown,undefined,undefined
6591,6778,E8:FC:AF:7E:75:AF,Unknown,undefined,undefined
6592,6779,E8:FC:AF:7E:75:D9,Unknown,undefined,undefined
6593,6780,E8:FC:AF:7E:75:EE,Unknown,undefined,undefined
6594,6781,E8:FC:AF:7E:76:7B,Unknown,undefined,undefined
6595,6782,40:F0:2F:CC:C6:E0,Unknown,undefined,undefined
6596,6782,E8:FC:AF:7E:76:BA,Unknown,undefined,undefined
6597,6783,E8:FC:AF:7F:D7:FB,Unknown,undefined,undefined
6598,6784,E8:FC:AF:82:3A:1D,Unknown,undefined,undefined
6599,6785,E8:FC:AF:82:FF:F0,Unknown,undefined,undefined
6600,6786,E8:FC:AF:85:51:18,Unknown,undefined,undefined
6601,6787,E8:FC:AF:85:51:33,Unknown,undefined,undefined
6602,6788,E8:FC:AF:85:51:3F,Unknown,undefined,undefined
6603,6789,E8:FC:AF:85:51:E1,Unknown,undefined,undefined
6604,6790,E8:FC:AF:86:93:21,Unknown,undefined,undefined
6605,6793,E8:FC:AF:8F:82:68,Unknown,undefined,undefined
6606,6794,A0:02:DC:3E:31:57,Unknown,undefined,undefined
6607,6794,E8:FC:AF:90:D6:71,Unknown,undefined,undefined
6608,6795,E8:FC:AF:90:E2:3E,Unknown,undefined,undefined
6609,6796,68:9C:70:D9:E8:52,Apple,undefined,undefined
6610,6796,E8:FC:AF:90:E3:0A,Unknown,undefined,undefined
6611,6797,E8:FC:AF:90:E3:67,Unknown,undefined,undefined
6612,6798,E8:FC:AF:90:E4:45,Unknown,undefined,undefined
6613,6799,E8:FC:AF:93:64:9E,Unknown,undefined,undefined
6614,6800,E8:FC:AF:93:7C:EF,Unknown,undefined,undefined
6615,6801,BC:30:7D:02:2B:B4,Unknown,undefined,undefined
6616,6801,E8:FC:AF:95:03:92,Unknown,undefined,undefined
6617,6802,E8:FC:AF:95:8F:7F,Unknown,undefined,undefined
6618,6803,E8:FC:AF:96:71:0A,Unknown,undefined,undefined
6619,6804,E8:FC:AF:97:44:6D,Unknown,undefined,undefined
6620,6805,E8:FC:AF:97:50:D3,Unknown,undefined,undefined
6621,6806,E8:FC:AF:97:51:72,Unknown,undefined,undefined
6622,6807,E8:FC:AF:97:52:41,Unknown,undefined,undefined
6623,6808,E8:FC:AF:97:52:68,Unknown,undefined,undefined
6624,6809,E8:FC:AF:97:52:77,Unknown,undefined,undefined
6625,6810,E8:FC:AF:97:52:86,Unknown,undefined,undefined
6626,6811,E8:FC:AF:97:52:C5,Unknown,undefined,undefined
6627,6812,E8:FC:AF:98:32:35,Unknown,undefined,undefined
6628,6813,E8:FC:AF:98:33:BD,Unknown,undefined,undefined
6629,6814,E8:FC:AF:98:47:9E,Unknown,undefined,undefined
6630,6815,E8:FC:AF:9A:60:22,Unknown,undefined,undefined
6631,6816,E8:FC:AF:9A:65:56,Unknown,undefined,undefined
6632,6817,E8:FC:AF:9A:65:71,Unknown,undefined,undefined
6633,6818,98:FF:D0:A3:5F:AC,Unknown,undefined,undefined
6634,6818,E8:FC:AF:9A:65:DD,Unknown,undefined,undefined
6635,6819,E8:FC:AF:9A:66:25,Unknown,undefined,undefined
6636,6820,70:54:D2:7F:20:FA,Pegatron,undefined,undefined
6637,6820,E8:FC:AF:9A:66:6A,Unknown,undefined,undefined
6638,6821,E8:FC:AF:9A:66:70,Unknown,undefined,undefined
6639,6822,E8:FC:AF:9A:66:94,Unknown,undefined,undefined
6640,6823,E8:FC:AF:9F:29:6A,Unknown,undefined,undefined
6641,6825,E8:FC:AF:9F:29:A6,Unknown,undefined,undefined
6642,6826,68:17:29:B2:75:AF,IntelCor,undefined,undefined
6643,6826,E8:FC:AF:9F:2A:81,Unknown,undefined,undefined
6644,6828,E8:FC:AF:9F:2A:FF,Unknown,undefined,undefined
6645,6829,E8:FC:AF:9F:2B:4A,Unknown,undefined,undefined
6646,6830,E8:FC:AF:9F:2B:B3,Unknown,undefined,undefined
6647,6831,E8:FC:AF:9F:2B:F2,Unknown,undefined,undefined
6648,6832,E8:FC:AF:9F:4D:1F,Unknown,undefined,undefined
6649,6833,E8:FC:AF:9F:4D:B2,Unknown,undefined,undefined
6650,6834,80:96:B1:3F:03:CC,ArrisGro,undefined,undefined
6651,6834,E8:FC:AF:9F:4E:84,Unknown,undefined,undefined
6652,6835,00:0E:58:BE:02:36,Sonos,undefined,undefined
6653,6835,B8:E9:37:5D:8A:2E,Sonos,undefined,undefined
6654,6835,E8:FC:AF:9F:4F:3E,Unknown,undefined,undefined
6655,6836,E8:FC:AF:9F:C0:30,Unknown,undefined,undefined
6656,6837,E8:FC:AF:A1:F3:3B,Unknown,undefined,undefined
6657,6838,E8:FC:AF:A1:F3:7A,Unknown,undefined,undefined
6658,6839,E8:FC:AF:A2:DB:E4,Unknown,undefined,undefined
6659,6840,E8:FC:AF:A2:DC:86,Unknown,undefined,undefined
6660,6841,E8:FC:AF:A2:DC:AA,Unknown,undefined,undefined
6661,6842,E8:FC:AF:A2:DC:FB,Unknown,undefined,undefined
6662,6843,64:5A:04:8F:D9:18,ChiconyE,undefined,undefined
6663,6843,E8:FC:AF:A2:DE:0F,Unknown,undefined,undefined
6664,6844,E8:FC:AF:D7:E7:81,Unknown,undefined,undefined
6665,6845,E8:FC:AF:D7:FF:81,Unknown,undefined,undefined
6666,6846,E8:FC:AF:D8:90:41,Unknown,undefined,undefined
6667,6847,E8:FC:AF:D9:0E:5F,Unknown,undefined,undefined
6668,6848,E8:FC:AF:D9:85:27,Unknown,undefined,undefined
6669,6849,E8:FC:AF:DA:B5:32,Unknown,undefined,undefined
6670,6850,E8:FC:AF:DE:17:8D,Unknown,undefined,undefined
6671,6851,E8:FC:AF:DE:BC:21,Unknown,undefined,undefined
6672,6852,E8:FC:AF:DF:51:C7,Unknown,undefined,undefined
6673,6853,E8:FC:AF:E1:7B:62,Unknown,undefined,undefined
6674,6854,E8:FC:AF:E1:94:A6,Unknown,undefined,undefined
6675,6861,EC:1A:59:01:2E:77,BelkinIn,undefined,undefined
6676,6862,EC:1A:59:05:6A:C6,BelkinIn,undefined,undefined
6677,6863,EC:1A:59:05:6A:C7,BelkinIn,undefined,undefined
6678,6864,EC:1A:59:05:7B:1A,BelkinIn,undefined,undefined
6679,6865,EC:1A:59:05:7B:1B,BelkinIn,undefined,undefined
6680,6866,EC:1A:59:07:61:58,BelkinIn,undefined,undefined
6681,6867,EC:1A:59:07:96:D4,BelkinIn,undefined,undefined
6682,6868,EC:1A:59:07:96:D5,BelkinIn,undefined,undefined
6683,6869,EC:1A:59:08:1E:C1,BelkinIn,undefined,undefined
6684,6870,EC:1A:59:09:DB:09,BelkinIn,undefined,undefined
6685,6871,EC:1A:59:0A:25:62,BelkinIn,undefined,undefined
6686,6872,EC:1A:59:0C:09:30,BelkinIn,undefined,undefined
6687,6873,EC:1A:59:0C:09:31,BelkinIn,undefined,undefined
6688,6874,00:1A:A0:99:D5:99,Dell,undefined,undefined
6689,6874,EC:1A:59:12:5B:98,BelkinIn,undefined,undefined
6690,6875,EC:1A:59:19:00:FD,BelkinIn,undefined,undefined
6691,6875,F8:A9:D0:62:A1:DF,Unknown,undefined,undefined
6692,6877,EC:1A:59:23:A7:99,BelkinIn,undefined,undefined
6693,6878,EC:1A:59:27:F7:7C,BelkinIn,undefined,undefined
6694,6879,EC:1A:59:27:F7:7D,BelkinIn,undefined,undefined
6695,6880,EC:1A:59:28:02:A0,BelkinIn,undefined,undefined
6696,6881,EC:1A:59:28:8E:98,BelkinIn,undefined,undefined
6697,6882,EC:1A:59:2C:02:58,BelkinIn,undefined,undefined
6698,6883,EC:1A:59:2C:02:59,BelkinIn,undefined,undefined
6699,6884,EC:1A:59:2C:0F:F6,BelkinIn,undefined,undefined
6700,6885,EC:1A:59:2D:1A:1C,BelkinIn,undefined,undefined
6701,6886,EC:1A:59:2D:35:20,BelkinIn,undefined,undefined
6702,6887,60:02:B4:AC:05:2D,WistronN,undefined,undefined
6703,6887,EC:1A:59:2D:4E:BA,BelkinIn,undefined,undefined
6704,6888,EC:1A:59:2F:0B:3E,BelkinIn,undefined,undefined
6705,6889,EC:1A:59:2F:33:9C,BelkinIn,undefined,undefined
6706,6890,EC:1A:59:31:15:30,BelkinIn,undefined,undefined
6707,6891,EC:1A:59:33:E3:16,BelkinIn,undefined,undefined
6708,6892,48:D7:05:7C:AF:77,Unknown,undefined,undefined
6709,6892,EC:1A:59:33:F0:74,BelkinIn,undefined,undefined
6710,6893,EC:1A:59:34:1E:06,BelkinIn,undefined,undefined
6711,6894,EC:1A:59:34:2C:E8,BelkinIn,undefined,undefined
6712,6895,EC:1A:59:34:38:66,BelkinIn,undefined,undefined
6713,6896,EC:1A:59:37:3B:72,BelkinIn,undefined,undefined
6714,6898,EC:1A:59:37:5F:35,BelkinIn,undefined,undefined
6715,6899,EC:1A:59:3B:3D:FE,BelkinIn,undefined,undefined
6716,6900,EC:1A:59:3B:3E:01,BelkinIn,undefined,undefined
6717,6901,EC:1A:59:3F:05:80,BelkinIn,undefined,undefined
6718,6902,EC:1A:59:3F:82:8E,BelkinIn,undefined,undefined
6719,6903,EC:1A:59:3F:82:91,BelkinIn,undefined,undefined
6720,6904,EC:1A:59:41:D4:CA,BelkinIn,undefined,undefined
6721,6905,EC:1A:59:41:DC:BE,BelkinIn,undefined,undefined
6722,6906,EC:1A:59:41:DC:C1,BelkinIn,undefined,undefined
6723,6907,EC:1A:59:44:31:AB,BelkinIn,undefined,undefined
6724,6908,EC:1A:59:45:E9:54,BelkinIn,undefined,undefined
6725,6909,EC:1A:59:46:FC:3D,BelkinIn,undefined,undefined
6726,6910,EC:1A:59:49:4B:3E,BelkinIn,undefined,undefined
6727,6911,EC:1A:59:49:61:56,BelkinIn,undefined,undefined
6728,6912,7C:C3:A1:AE:46:55,Apple,undefined,undefined
6729,6912,EC:1A:59:4E:FE:9D,BelkinIn,undefined,undefined
6730,6914,EC:1A:59:53:03:08,BelkinIn,undefined,undefined
6731,6915,EC:1A:59:53:03:09,BelkinIn,undefined,undefined
6732,6916,EC:1A:59:58:08:4E,BelkinIn,undefined,undefined
6733,6917,EC:1A:59:58:08:51,BelkinIn,undefined,undefined
6734,6918,EC:1A:59:62:96:36,BelkinIn,undefined,undefined
6735,6919,EC:1A:59:62:A9:3E,BelkinIn,undefined,undefined
6736,6920,EC:1A:59:62:A9:41,BelkinIn,undefined,undefined
6737,6921,EC:1A:59:62:E8:5E,BelkinIn,undefined,undefined
6738,6922,EC:1A:59:65:A0:2A,BelkinIn,undefined,undefined
6739,6923,EC:1A:59:65:ED:32,BelkinIn,undefined,undefined
6740,6924,EC:1A:59:66:0A:7E,BelkinIn,undefined,undefined
6741,6925,EC:1A:59:6B:B8:20,BelkinIn,undefined,undefined
6742,6926,EC:1A:59:80:A9:44,BelkinIn,undefined,undefined
6743,6927,EC:1A:59:85:6A:80,BelkinIn,undefined,undefined
6744,6928,EC:1A:59:8B:F1:B7,BelkinIn,undefined,undefined
6745,6929,EC:1A:59:8E:9A:3E,BelkinIn,undefined,undefined
6746,6930,EC:1A:59:93:D5:28,BelkinIn,undefined,undefined
6747,6931,EC:1A:59:93:F8:44,BelkinIn,undefined,undefined
6748,6932,EC:1A:59:95:95:BE,BelkinIn,undefined,undefined
6749,6933,EC:1A:59:95:DF:54,BelkinIn,undefined,undefined
6750,6934,EC:1A:59:95:DF:56,BelkinIn,undefined,undefined
6751,6935,EC:1A:59:99:C4:28,BelkinIn,undefined,undefined
6752,6936,EC:1A:59:9B:B9:BC,BelkinIn,undefined,undefined
6753,6937,EC:1A:59:9B:B9:BF,BelkinIn,undefined,undefined
6754,6938,EC:1A:59:9C:2C:90,BelkinIn,undefined,undefined
6755,6939,EC:1A:59:9C:2C:93,BelkinIn,undefined,undefined
6756,6940,EC:1A:59:A4:0C:5E,BelkinIn,undefined,undefined
6757,6941,EC:1A:59:A8:1A:D1,BelkinIn,undefined,undefined
6758,6942,EC:1A:59:AB:3B:17,BelkinIn,undefined,undefined
6759,6943,EC:1A:59:B0:6C:12,BelkinIn,undefined,undefined
6760,6944,EC:1A:59:B1:9B:F4,BelkinIn,undefined,undefined
6761,6945,EC:1A:59:B8:C6:8F,BelkinIn,undefined,undefined
6762,6946,EC:1A:59:BC:AE:B8,BelkinIn,undefined,undefined
6763,6947,EC:1A:59:BC:B4:73,BelkinIn,undefined,undefined
6764,6948,EC:1A:59:BE:CB:13,BelkinIn,undefined,undefined
6765,6949,EC:1A:59:C3:BD:70,BelkinIn,undefined,undefined
6766,6950,EC:1A:59:C4:13:B3,BelkinIn,undefined,undefined
6767,6951,EC:1A:59:C4:69:24,BelkinIn,undefined,undefined
6768,6952,EC:1A:59:C4:69:27,BelkinIn,undefined,undefined
6769,6953,EC:1A:59:C4:6C:EF,BelkinIn,undefined,undefined
6770,6954,EC:1A:59:C4:90:EC,BelkinIn,undefined,undefined
6771,6955,EC:1A:59:C5:D4:B0,BelkinIn,undefined,undefined
6772,6956,EC:1A:59:C5:D4:B3,BelkinIn,undefined,undefined
6773,6957,EC:1A:59:C5:DA:84,BelkinIn,undefined,undefined
6774,6958,EC:1A:59:C5:DA:87,BelkinIn,undefined,undefined
6775,6959,EC:1A:59:C7:F3:60,BelkinIn,undefined,undefined
6776,6960,EC:1A:59:C7:F3:63,BelkinIn,undefined,undefined
6777,6961,EC:1A:59:C8:A3:00,BelkinIn,undefined,undefined
6778,6962,EC:1A:59:C8:A3:03,BelkinIn,undefined,undefined
6779,6963,A8:66:7F:BB:77:EE,Unknown,undefined,undefined
6780,6963,EC:1A:59:CF:6E:68,BelkinIn,undefined,undefined
6781,6963,FC:C2:DE:5F:8C:8B,Unknown,undefined,undefined
6782,6964,EC:1A:59:CF:6E:6B,BelkinIn,undefined,undefined
6783,6966,EC:1A:59:FD:B0:6B,BelkinIn,undefined,undefined
6784,6969,EC:55:F9:38:02:CB,HonHaiPr,undefined,undefined
6785,6970,EC:62:64:00:38:9B,Global41,undefined,undefined
6786,6971,EC:62:64:00:50:0B,Global41,undefined,undefined
6787,6972,EC:62:64:00:62:12,Global41,undefined,undefined
6788,6978,EC:9A:74:9C:08:AB,HewlettP,undefined,undefined
6789,6980,EC:B1:D7:E3:0F:21,Unknown,undefined,undefined
6790,6981,EC:C8:82:AA:60:E1,Cisco,undefined,undefined
6791,6983,EE:1A:59:09:DB:0A,Unknown,undefined,undefined
6792,6984,EE:1A:59:44:31:AC,Unknown,undefined,undefined
6793,6985,EE:1A:59:45:E9:55,Unknown,undefined,undefined
6794,6986,EE:1A:59:46:FC:3E,Unknown,undefined,undefined
6795,6987,EE:1A:59:4E:FE:9E,Unknown,undefined,undefined
6796,6988,EE:1A:59:B0:6C:13,Unknown,undefined,undefined
6797,6989,EE:1A:59:BC:B4:74,Unknown,undefined,undefined
6798,6990,EE:1A:59:FD:B0:6C,Unknown,undefined,undefined
6799,7015,F0:29:29:92:7B:D0,Cisco,undefined,undefined
6800,7019,4C:80:93:7B:ED:91,IntelCor,undefined,undefined
6801,7019,F0:7D:68:16:BC:11,D-Link,undefined,undefined
6802,7020,F0:92:1C:88:61:8E,HewlettP,undefined,undefined
6803,7021,F0:92:1C:D0:FE:92,HewlettP,undefined,undefined
6804,7022,F0:92:1C:D1:4C:D4,HewlettP,undefined,undefined
6805,7023,F0:92:1C:FA:70:E4,HewlettP,undefined,undefined
6806,7024,F0:92:1C:FB:06:41,HewlettP,undefined,undefined
6807,7031,24:A4:3C:05:E3:26,Ubiquiti,undefined,undefined
6808,7031,44:8A:5B:45:92:CB,Micro-St,undefined,undefined
6809,7031,74:D0:2B:9F:F1:8B,AsustekC,undefined,undefined
6810,7031,F0:B0:52:1F:67:48,Unknown,undefined,undefined
6811,7034,F0:D1:A9:0F:EE:A8,Apple,undefined,undefined
6812,7035,F0:D1:A9:13:F5:9C,Apple,undefined,undefined
6813,7048,F2:DB:E2:DE:7F:64,Unknown,undefined,undefined
6814,7048,F2:DB:E2:ED:83:47,Unknown,undefined,undefined
6815,7060,F4:0F:1B:D1:D8:B0,Unknown,undefined,undefined
6816,7063,F4:1F:C2:B7:CD:00,Cisco,undefined,undefined
6817,7064,F4:1F:C2:B7:CD:01,Cisco,undefined,undefined
6818,7065,F4:1F:C2:B7:CD:02,Cisco,undefined,undefined
6819,7066,F4:1F:C2:B7:CD:03,Cisco,undefined,undefined
6820,7067,F4:1F:C2:B7:CD:06,Cisco,undefined,undefined
6821,7068,F4:1F:C2:B7:CD:07,Cisco,undefined,undefined
6822,7069,F4:1F:C2:B7:CD:0A,Cisco,undefined,undefined
6823,7070,F4:1F:C2:BE:85:30,Cisco,undefined,undefined
6824,7071,F4:1F:C2:BE:88:30,Cisco,undefined,undefined
6825,7072,F4:1F:C2:BE:E1:10,Cisco,undefined,undefined
6826,7073,F4:1F:C2:BF:0C:A0,Cisco,undefined,undefined
6827,7074,F4:1F:C2:E6:78:F0,Cisco,undefined,undefined
6828,7076,F4:54:47:3D:8A:7F,Unknown,undefined,undefined
6829,7077,F4:54:47:3D:8B:79,Unknown,undefined,undefined
6830,7078,F4:5F:F7:07:FA:EF,DqTechno,undefined,undefined
6831,7079,F4:5F:F7:0D:34:8D,DqTechno,undefined,undefined
6832,7080,F4:5F:F7:0D:68:4F,DqTechno,undefined,undefined
6833,7081,F4:5F:F7:0D:78:FD,DqTechno,undefined,undefined
6834,7082,F4:5F:F7:1B:4E:0B,DqTechno,undefined,undefined
6835,7083,F4:5F:F7:1B:CD:C7,DqTechno,undefined,undefined
6836,7084,F4:5F:F7:1B:CF:A7,DqTechno,undefined,undefined
6837,7085,F4:5F:F7:1B:D5:BF,DqTechno,undefined,undefined
6838,7086,F4:5F:F7:1B:DE:CF,DqTechno,undefined,undefined
6839,7087,F4:5F:F7:1B:F6:67,DqTechno,undefined,undefined
6840,7088,00:0D:4B:45:72:25,RokuLlc,undefined,undefined
6841,7088,F4:5F:F7:1C:3F:AE,DqTechno,undefined,undefined
6842,7088,F4:5F:F7:1C:3F:AF,DqTechno,undefined,undefined
6843,7089,F4:5F:F7:1D:5C:C3,DqTechno,undefined,undefined
6844,7089,F8:D1:11:14:35:C0,Tp-LinkT,undefined,undefined
6845,7090,F4:5F:F7:1D:FB:1F,DqTechno,undefined,undefined
6846,7091,F0:4F:7C:39:6C:4C,Private,undefined,undefined
6847,7091,F4:5F:F7:1E:3B:ED,DqTechno,undefined,undefined
6848,7092,F4:5F:F7:1E:55:8D,DqTechno,undefined,undefined
6849,7093,CC:C3:EA:1B:02:E7,Unknown,undefined,undefined
6850,7093,F4:5F:F7:1E:67:FC,DqTechno,undefined,undefined
6851,7093,F4:5F:F7:1E:67:FD,DqTechno,undefined,undefined
6852,7094,F4:5F:F7:1F:04:D3,DqTechno,undefined,undefined
6853,7095,F4:5F:F7:1F:06:A9,DqTechno,undefined,undefined
6854,7096,F4:5F:F7:1F:58:07,DqTechno,undefined,undefined
6855,7097,F4:5F:F7:1F:EF:C9,DqTechno,undefined,undefined
6856,7098,F4:5F:F7:20:07:1B,DqTechno,undefined,undefined
6857,7099,64:80:99:22:90:88,IntelCor,undefined,undefined
6858,7099,F4:5F:F7:23:22:D8,DqTechno,undefined,undefined
6859,7099,F4:5F:F7:23:22:D9,DqTechno,undefined,undefined
6860,7100,F4:5F:F7:23:30:0D,DqTechno,undefined,undefined
6861,7101,F4:5F:F7:23:A0:29,DqTechno,undefined,undefined
6862,7103,F4:5F:F7:29:AA:4B,DqTechno,undefined,undefined
6863,7104,F4:5F:F7:29:B1:17,DqTechno,undefined,undefined
6864,7105,F4:5F:F7:29:DA:1B,DqTechno,undefined,undefined
6865,7106,F4:5F:F7:29:DC:69,DqTechno,undefined,undefined
6866,7107,DC:3A:5E:3F:CC:51,Roku,undefined,undefined
6867,7107,F4:5F:F7:2B:15:BB,DqTechno,undefined,undefined
6868,7108,F4:5F:F7:2B:16:98,DqTechno,undefined,undefined
6869,7109,F4:5F:F7:2B:9A:BD,DqTechno,undefined,undefined
6870,7110,F4:5F:F7:2B:AA:A3,DqTechno,undefined,undefined
6871,7111,F4:5F:F7:2B:F4:31,DqTechno,undefined,undefined
6872,7112,F4:5F:F7:2C:1B:19,DqTechno,undefined,undefined
6873,7113,F4:5F:F7:2C:1B:AF,DqTechno,undefined,undefined
6874,7114,F4:5F:F7:2C:27:0D,DqTechno,undefined,undefined
6875,7115,F4:5F:F7:2E:F8:B1,DqTechno,undefined,undefined
6876,7116,F4:5F:F7:2E:F9:C9,DqTechno,undefined,undefined
6877,7117,F4:5F:F7:2E:F9:F1,DqTechno,undefined,undefined
6878,7118,60:02:B4:F8:75:C6,WistronN,undefined,undefined
6879,7118,F4:5F:F7:2E:FE:5B,DqTechno,undefined,undefined
6880,7119,F4:5F:F7:2E:FF:87,DqTechno,undefined,undefined
6881,7120,F4:5F:F7:2F:07:25,DqTechno,undefined,undefined
6882,7121,E0:75:7D:C3:F7:2E,Motorola,undefined,undefined
6883,7121,F4:5F:F7:31:C0:72,DqTechno,undefined,undefined
6884,7121,F4:5F:F7:31:C0:73,DqTechno,undefined,undefined
6885,7122,F4:5F:F7:31:C1:81,DqTechno,undefined,undefined
6886,7123,F4:5F:F7:31:DB:B6,DqTechno,undefined,undefined
6887,7123,F4:5F:F7:31:DB:B7,DqTechno,undefined,undefined
6888,7124,74:75:48:82:4F:29,Unknown,undefined,undefined
6889,7124,F4:5F:F7:34:22:FF,DqTechno,undefined,undefined
6890,7125,F4:5F:F7:34:2B:1F,DqTechno,undefined,undefined
6891,7126,F4:5F:F7:34:34:25,DqTechno,undefined,undefined
6892,7127,F4:5F:F7:34:58:33,DqTechno,undefined,undefined
6893,7128,F4:5F:F7:34:EC:67,DqTechno,undefined,undefined
6894,7129,00:BB:3A:46:A2:18,Private,undefined,undefined
6895,7129,70:F1:A1:99:00:C1,LiteonTe,undefined,undefined
6896,7129,BC:30:7D:25:85:4F,Unknown,undefined,undefined
6897,7129,D0:E7:82:BC:03:5F,Azurewav,undefined,undefined
6898,7129,F4:5F:F7:36:06:1F,DqTechno,undefined,undefined
6899,7130,F4:5F:F7:36:3A:E5,DqTechno,undefined,undefined
6900,7131,F4:5F:F7:36:3D:65,DqTechno,undefined,undefined
6901,7132,F4:63:49:12:38:8E,Diffon,undefined,undefined
6902,7133,F4:63:49:18:75:9E,Diffon,undefined,undefined
6903,7134,F4:63:49:18:9B:A9,Diffon,undefined,undefined
6904,7135,F4:6D:04:EB:AA:6C,AsustekC,undefined,undefined
6905,7140,F4:B7:E2:89:45:D0,HonHaiPr,undefined,undefined
6906,7142,F4:EA:67:5C:42:D0,Cisco,undefined,undefined
6907,7143,F4:EA:67:5C:42:D1,Cisco,undefined,undefined
6908,7144,F4:EA:67:5C:42:D2,Cisco,undefined,undefined
6909,7145,F4:EA:67:5C:42:D3,Cisco,undefined,undefined
6910,7146,F4:EC:38:A6:FE:6E,Tp-LinkT,undefined,undefined
6911,7147,F4:EC:38:AB:AC:59,Tp-LinkT,undefined,undefined
6912,7160,F8:0B:BE:0D:DD:70,ArrisGro,undefined,undefined
6913,7161,F8:0B:BE:0D:FE:D0,ArrisGro,undefined,undefined
6914,7162,F8:0B:BE:15:2E:00,ArrisGro,undefined,undefined
6915,7163,F8:0B:BE:17:10:40,ArrisGro,undefined,undefined
6916,7164,F8:0B:BE:1C:A1:70,ArrisGro,undefined,undefined
6917,7165,F8:0B:BE:23:82:A0,ArrisGro,undefined,undefined
6918,7166,F8:0B:BE:24:E0:30,ArrisGro,undefined,undefined
6919,7167,F8:0B:BE:29:33:90,ArrisGro,undefined,undefined
6920,7169,F8:1A:67:32:E6:1D,Tp-LinkT,undefined,undefined
6921,7170,F8:1A:67:4C:99:3E,Tp-LinkT,undefined,undefined
6922,7171,F8:1A:67:5A:F5:47,Tp-LinkT,undefined,undefined
6923,7172,24:A4:3C:05:1B:23,Ubiquiti,undefined,undefined
6924,7172,F8:1A:67:FF:9F:B1,Tp-LinkT,undefined,undefined
6925,7173,F8:1E:DF:FE:81:59,Apple,undefined,undefined
6926,7177,F8:35:DD:70:14:FB,GemtekTe,undefined,undefined
6927,7178,F8:4F:57:3B:27:00,Cisco,undefined,undefined
6928,7179,F8:4F:57:3B:27:01,Cisco,undefined,undefined
6929,7180,F8:4F:57:3B:27:02,Cisco,undefined,undefined
6930,7181,F8:4F:57:3B:27:03,Cisco,undefined,undefined
6931,7182,84:2B:2B:BF:EF:62,Dell,undefined,undefined
6932,7182,F8:78:8C:00:84:3B,Unknown,undefined,undefined
6933,7182,F8:7B:8C:03:E1:3C,AmpedWir,undefined,undefined
6934,7183,F8:7B:8C:19:B7:6D,AmpedWir,undefined,undefined
6935,7184,F8:7B:8C:23:83:5B,AmpedWir,undefined,undefined
6936,7185,F8:7B:8C:27:36:46,AmpedWir,undefined,undefined
6937,7186,20:E5:2A:9A:A6:4D,Netgear,ARP,192.168.254.254
6938,7186,F8:7B:8C:38:49:B4,AmpedWir,undefined,undefined
6939,7187,F8:7B:8C:39:33:AD,AmpedWir,undefined,undefined
6940,7188,F8:8E:85:5E:00:27,Comtrend,undefined,undefined
6941,7189,F8:8E:85:77:87:70,Comtrend,undefined,undefined
6942,7190,F8:8E:85:77:89:0A,Comtrend,undefined,undefined
6943,7191,F8:8E:85:7B:E3:24,Comtrend,undefined,undefined
6944,7192,5C:A3:9D:5C:16:3A,SamsungE,undefined,undefined
6945,7192,F8:8E:85:7B:E4:14,Comtrend,undefined,undefined
6946,7193,F8:8E:85:7B:E4:41,Comtrend,undefined,undefined
6947,7194,F8:8E:85:8B:94:F4,Comtrend,undefined,undefined
6948,7195,F8:8E:85:8C:5C:86,Comtrend,undefined,undefined
6949,7196,F8:8E:85:8C:5E:ED,Comtrend,undefined,undefined
6950,7197,F8:8E:85:8C:5E:FC,Comtrend,undefined,undefined
6951,7198,F8:8E:85:90:64:E8,Comtrend,undefined,undefined
6952,7199,F8:8E:85:90:66:AA,Comtrend,undefined,undefined
6953,7200,F8:8E:85:90:8A:59,Comtrend,undefined,undefined
6954,7201,F8:8E:85:90:8C:11,Comtrend,undefined,undefined
6955,7202,F8:8E:85:90:8E:0F,Comtrend,undefined,undefined
6956,7203,F8:8E:85:90:8E:28,Comtrend,undefined,undefined
6957,7204,F8:8E:85:93:47:21,Comtrend,undefined,undefined
6958,7205,F8:8E:85:93:47:85,Comtrend,undefined,undefined
6959,7206,F8:8E:85:93:47:E9,Comtrend,undefined,undefined
6960,7207,F8:8E:85:93:B9:63,Comtrend,undefined,undefined
6961,7208,F8:8E:85:93:B9:68,Comtrend,undefined,undefined
6962,7209,F8:8E:85:96:3E:9A,Comtrend,undefined,undefined
6963,7210,00:22:48:46:17:91,Microsof,undefined,undefined
6964,7210,F8:8E:85:96:3E:9F,Comtrend,undefined,undefined
6965,7211,F8:8E:85:96:40:3E,Comtrend,undefined,undefined
6966,7212,F8:8E:85:97:06:99,Comtrend,undefined,undefined
6967,7212,F8:8E:85:97:06:9A,Comtrend,undefined,undefined
6968,7213,38:72:C0:AE:3D:7E,Comtrend,undefined,undefined
6969,7213,F8:8E:85:97:06:DB,Comtrend,undefined,undefined
6970,7214,F8:8E:85:97:07:5D,Comtrend,undefined,undefined
6971,7215,F8:8E:85:BD:F4:09,Comtrend,undefined,undefined
6972,7216,F8:8E:85:BF:87:3D,Comtrend,undefined,undefined
6973,7217,F8:8E:85:BF:89:68,Comtrend,undefined,undefined
6974,7220,F8:CF:C5:A9:BD:9F,Unknown,undefined,undefined
6975,7226,F8:D1:11:4C:38:1E,Tp-LinkT,undefined,undefined
6976,7227,F8:D1:11:95:8E:9E,Tp-LinkT,undefined,undefined
6977,7228,F8:D1:11:AD:8A:64,Tp-LinkT,undefined,undefined
6978,7243,FA:8F:CA:31:C2:7B,Unknown,undefined,undefined
6979,7244,FA:8F:CA:33:48:7C,Unknown,undefined,undefined
6980,7245,FA:8F:CA:34:DA:AF,Unknown,undefined,undefined
6981,7246,FA:8F:CA:52:99:E4,Unknown,undefined,undefined
6982,7247,FA:8F:CA:5D:03:4D,Unknown,undefined,undefined
6983,7248,FA:8F:CA:6B:C7:FE,Unknown,undefined,undefined
6984,7249,FA:8F:CA:70:09:EC,Unknown,undefined,undefined
6985,7250,FA:8F:CA:77:56:E1,Unknown,undefined,undefined
6986,7251,FA:8F:CA:7C:DA:1D,Unknown,undefined,undefined
6987,7252,FA:8F:CA:83:F3:B5,Unknown,undefined,undefined
6988,7253,FA:8F:CA:85:62:E3,Unknown,undefined,undefined
6989,7254,FA:8F:CA:86:4F:79,Unknown,undefined,undefined
6990,7255,FA:8F:CA:89:D4:D6,Unknown,undefined,undefined
6991,7256,FA:8F:CA:94:2D:43,Unknown,undefined,undefined
6992,7257,FA:8F:CA:94:65:55,Unknown,undefined,undefined
6993,7258,FA:8F:CA:95:19:2A,Unknown,undefined,undefined
6994,7259,FA:8F:CA:9B:7B:6B,Unknown,undefined,undefined
6995,7261,FC:0A:81:3D:3A:00,Motorola,undefined,undefined
6996,7262,FC:0A:81:3D:3A:02,Motorola,undefined,undefined
6997,7263,FC:0A:81:3D:58:60,Motorola,undefined,undefined
6998,7264,FC:0A:81:3D:58:61,Motorola,undefined,undefined
6999,7265,FC:0A:81:3D:58:62,Motorola,undefined,undefined
7000,7266,FC:0A:81:3D:58:64,Motorola,undefined,undefined
7001,7267,FC:0A:81:3D:59:00,Motorola,undefined,undefined
7002,7268,FC:0A:81:3D:59:01,Motorola,undefined,undefined
7003,7269,FC:0A:81:3D:59:02,Motorola,undefined,undefined
7004,7270,FC:0A:81:3D:59:04,Motorola,undefined,undefined
7005,7271,FC:0A:81:92:9F:51,Motorola,undefined,undefined
7006,7272,FC:0A:81:92:A0:F1,Motorola,undefined,undefined
7007,7273,FC:15:B4:38:D5:F3,Unknown,undefined,undefined
7008,7274,FC:15:B4:A9:72:82,Unknown,undefined,undefined
7009,7275,FC:15:B4:AC:D6:74,Unknown,undefined,undefined
7010,7276,FC:15:B4:B1:33:02,Unknown,undefined,undefined
7011,7277,FC:15:B4:C7:39:7F,Unknown,undefined,undefined
7012,7279,FC:15:B4:D4:35:68,Unknown,undefined,undefined
7013,7281,FC:75:16:46:6D:7E,D-LinkIn,undefined,undefined
7014,7288,FC:C2:DE:6A:D6:91,Unknown,undefined,undefined
7015,7298,FC:C2:DE:D9:9F:0C,Unknown,undefined,undefined
7016,7299,FC:C2:DE:DB:05:0B,Unknown,undefined,undefined
7017,7304,FE:1E:DF:FE:81:59,Unknown,undefined,undefined
